#pragma once
#include <Arduino.h>
// 160x120 RGB565 UI background (v0.9, dimmed 35%), upscaled x2 on device.
// from ~/Downloads/vice-data/d_vice.9_landscape-bkg.jpeg
static const uint16_t BG_LANDSCAPE[19200] PROGMEM = {
  0x1026,0x1026,0x1026,0x1026,0x1026,0x1026,0x1026,0x1026,0x1026,0x1026,0x1026,0x1026,0x1026,0x1026,0x1026,0x1026,
  0x1026,0x1026,0x1026,0x1026,0x1026,0x1026,0x1026,0x1026,0x1026,0x1026,0x1026,0x1026,0x1026,0x1026,0x1026,0x1026,
  0x1026,0x1026,0x1026,0x1026,0x1026,0x1026,0x1026,0x1026,0x1026,0x1026,0x1026,0x1026,0x1026,0x1046,0x1026,0x1026,
  0x1046,0x1026,0x1026,0x1026,0x1026,0x1026,0x1026,0x1026,0x1026,0x1026,0x1046,0x1026,0x1026,0x1026,0x1026,0x1026,
  0x1026,0x1026,0x1026,0x1026,0x1026,0x1026,0x1026,0x1026,0x1026,0x1046,0x1046,0x1026,0x1026,0x1026,0x1026,0x1026,
  0x1026,0x1026,0x1026,0x1026,0x1026,0x1026,0x1026,0x1026,0x1026,0x1026,0x1026,0x1026,0x1026,0x1026,0x1026,0x1026,
  0x1026,0x1026,0x1026,0x1026,0x1047,0x1868,0x0826,0x1026,0x1026,0x1026,0x1026,0x1026,0x1026,0x1026,0x1026,0x1026,
  0x1026,0x1026,0x1026,0x1026,0x1026,0x1026,0x1026,0x1026,0x1026,0x1026,0x1026,0x1026,0x1026,0x1026,0x1026,0x1026,
  0x1026,0x1026,0x1026,0x1026,0x1026,0x1026,0x1026,0x1026,0x1026,0x1026,0x1026,0x1026,0x1026,0x1026,0x1026,0x1026,
  0x1026,0x1026,0x1026,0x1026,0x1026,0x1026,0x1026,0x1026,0x1026,0x1026,0x1026,0x1026,0x1026,0x1026,0x1046,0x1046,
  0x1026,0x1026,0x1026,0x1046,0x1026,0x1026,0x1026,0x1026,0x1026,0x1026,0x1026,0x1026,0x1026,0x1026,0x1026,0x1026,
  0x1026,0x1026,0x1026,0x1026,0x1046,0x1026,0x1026,0x1026,0x1026,0x1026,0x1026,0x1026,0x1026,0x1026,0x1026,0x1026,
  0x1026,0x1026,0x1026,0x1026,0x1026,0x1026,0x1026,0x1026,0x1026,0x1026,0x1026,0x1026,0x1026,0x1026,0x1067,0x1068,
  0x1026,0x1046,0x1026,0x1026,0x1026,0x1026,0x1026,0x1026,0x1026,0x1026,0x1026,0x1026,0x1026,0x1026,0x1026,0x1026,
  0x1026,0x1026,0x1026,0x1026,0x1026,0x1026,0x1026,0x1026,0x1026,0x1026,0x1026,0x1026,0x1026,0x1026,0x1026,0x1026,
  0x1026,0x1026,0x1026,0x1026,0x1026,0x1026,0x1026,0x1026,0x1026,0x1026,0x1026,0x1026,0x1026,0x1026,0x1026,0x1026,
  0x1026,0x1026,0x1026,0x1026,0x1047,0x1889,0x0826,0x1026,0x1026,0x1026,0x1026,0x1026,0x1026,0x1026,0x1026,0x1026,
  0x1026,0x1026,0x1026,0x1026,0x1026,0x1046,0x1046,0x1046,0x1026,0x1026,0x1026,0x1026,0x1026,0x1026,0x1026,0x1026,
  0x1026,0x1026,0x1026,0x1026,0x1026,0x1026,0x1026,0x1026,0x1026,0x1026,0x1026,0x1026,0x1026,0x1046,0x1046,0x1026,
  0x1026,0x1026,0x1026,0x1026,0x1026,0x1026,0x1026,0x1026,0x1026,0x1026,0x1026,0x1046,0x1068,0x1046,0x1026,0x1026,
  0x1026,0x1026,0x1026,0x1026,0x1026,0x1026,0x1026,0x1026,0x1026,0x1026,0x1026,0x1026,0x1026,0x1026,0x1026,0x1026,
  0x1026,0x1026,0x1026,0x1026,0x1046,0x1026,0x1026,0x1026,0x1026,0x1026,0x1026,0x1026,0x1026,0x1026,0x1026,0x1026,
  0x1026,0x1026,0x1026,0x1026,0x1026,0x1026,0x1026,0x1026,0x1026,0x1026,0x1026,0x1026,0x1026,0x0825,0x18A9,0x20CA,
  0x1026,0x1026,0x1026,0x1026,0x1026,0x1026,0x1026,0x1026,0x1026,0x1026,0x1026,0x1026,0x1026,0x1026,0x1026,0x1026,
  0x1026,0x1026,0x1026,0x1026,0x1026,0x1026,0x1026,0x1026,0x1026,0x1026,0x1026,0x1026,0x1026,0x1026,0x1026,0x1026,
  0x1026,0x1026,0x1026,0x1026,0x1026,0x1026,0x1026,0x1026,0x1026,0x1026,0x1026,0x1026,0x1026,0x1026,0x1026,0x1026,
  0x1026,0x1026,0x1026,0x1026,0x1026,0x0826,0x1026,0x1026,0x1026,0x1026,0x1026,0x1026,0x1026,0x1026,0x1026,0x1026,
  0x1046,0x1046,0x1026,0x1026,0x1026,0x1046,0x1026,0x1026,0x1026,0x1026,0x1026,0x1026,0x1026,0x1026,0x1026,0x1026,
  0x1026,0x1026,0x1026,0x1026,0x1026,0x1026,0x1046,0x1026,0x1026,0x1026,0x1026,0x1026,0x1026,0x1046,0x1046,0x1026,
  0x1026,0x1026,0x1026,0x1026,0x1026,0x1026,0x1026,0x1026,0x1026,0x1026,0x1026,0x1047,0x292B,0x1047,0x1026,0x1026,
  0x1026,0x1026,0x1026,0x1026,0x1026,0x1026,0x1026,0x1026,0x1026,0x1026,0x1026,0x1026,0x1026,0x1026,0x1026,0x1026,
  0x1026,0x1026,0x1026,0x1026,0x1026,0x1026,0x1026,0x1026,0x1026,0x1026,0x1026,0x1026,0x1026,0x1026,0x1026,0x1026,
  0x1026,0x1026,0x1026,0x1026,0x1026,0x1026,0x1026,0x1026,0x1026,0x1026,0x1026,0x1026,0x1026,0x1026,0x0826,0x1026,
  0x1026,0x1026,0x1026,0x1026,0x1026,0x1026,0x1026,0x1026,0x1026,0x1026,0x1026,0x1026,0x1026,0x1026,0x1026,0x1026,
  0x1026,0x1026,0x1026,0x1026,0x1026,0x1026,0x1026,0x1026,0x1026,0x1026,0x1026,0x1026,0x1026,0x1026,0x1026,0x1026,
  0x1026,0x1026,0x1026,0x1026,0x1026,0x1026,0x1026,0x1026,0x1026,0x1026,0x1026,0x1026,0x1026,0x1026,0x1026,0x1026,
  0x1026,0x1026,0x1026,0x1026,0x1026,0x1026,0x1026,0x1026,0x1026,0x1026,0x1026,0x1026,0x1026,0x1026,0x1026,0x1026,
  0x1026,0x1046,0x1026,0x1026,0x1026,0x1026,0x1026,0x1026,0x1026,0x1026,0x1026,0x1026,0x1026,0x1026,0x1026,0x1026,
  0x1026,0x1026,0x1026,0x1026,0x1026,0x1026,0x1046,0x1026,0x1046,0x1026,0x1026,0x1026,0x1026,0x1026,0x1026,0x1026,
  0x1026,0x1026,0x1026,0x1026,0x1026,0x1026,0x1026,0x1026,0x1026,0x1026,0x1026,0x1026,0x1026,0x1026,0x1026,0x1026,
  0x1026,0x1026,0x1026,0x1026,0x1026,0x1026,0x1026,0x1026,0x1026,0x1026,0x1026,0x1026,0x1026,0x1026,0x1046,0x1026,
  0x1026,0x1026,0x1026,0x1026,0x1026,0x1026,0x1026,0x1026,0x1026,0x1026,0x1026,0x1026,0x1026,0x1026,0x1026,0x1026,
  0x1026,0x1026,0x1026,0x1026,0x1026,0x1026,0x1026,0x1026,0x1046,0x1046,0x1026,0x1026,0x1026,0x1026,0x1026,0x1026,
  0x1026,0x1026,0x1026,0x1026,0x1026,0x1026,0x1026,0x1026,0x1026,0x1026,0x1026,0x1026,0x1026,0x1026,0x1026,0x1026,
  0x1026,0x1026,0x1026,0x1026,0x1026,0x1026,0x0826,0x1046,0x1046,0x1026,0x1026,0x1026,0x1026,0x1026,0x1026,0x1026,
  0x1026,0x1026,0x1026,0x1026,0x1026,0x1026,0x1026,0x1026,0x1026,0x1026,0x1026,0x1026,0x1026,0x1026,0x1026,0x1026,
  0x1026,0x1026,0x1026,0x1026,0x1026,0x1026,0x1026,0x1026,0x1026,0x1026,0x1026,0x1026,0x1026,0x1026,0x1026,0x1026,
  0x1026,0x1026,0x1026,0x1026,0x1026,0x1026,0x1026,0x1026,0x1026,0x1026,0x1026,0x1026,0x1026,0x1026,0x1026,0x1026,
  0x1026,0x1026,0x1026,0x1026,0x1026,0x1026,0x1026,0x1026,0x1046,0x1046,0x1026,0x1026,0x1026,0x1026,0x1026,0x1026,
  0x1026,0x1026,0x1026,0x1026,0x1026,0x1026,0x1026,0x1026,0x1026,0x1026,0x1026,0x1026,0x1026,0x1026,0x1026,0x1026,
  0x1026,0x1026,0x1026,0x1026,0x1026,0x1026,0x1026,0x1026,0x1026,0x1026,0x1026,0x1026,0x1026,0x1047,0x1889,0x0826,
  0x1026,0x1026,0x1026,0x1026,0x1026,0x1026,0x1026,0x1026,0x1026,0x1026,0x1026,0x1026,0x1026,0x1026,0x1026,0x1026,
  0x1026,0x1026,0x1026,0x1026,0x1026,0x1026,0x1026,0x1026,0x1046,0x1046,0x1026,0x1026,0x1026,0x1026,0x1026,0x1026,
  0x1026,0x1026,0x1026,0x1026,0x1026,0x1026,0x1026,0x1026,0x1026,0x1026,0x1026,0x1026,0x1026,0x1026,0x1026,0x1026,
  0x1026,0x1026,0x1026,0x1026,0x1026,0x1026,0x1026,0x1046,0x1026,0x1026,0x1026,0x1026,0x1026,0x1026,0x1026,0x1026,
  0x1026,0x1026,0x1026,0x1026,0x1026,0x1026,0x1026,0x1026,0x1026,0x1026,0x1026,0x1026,0x1026,0x1026,0x1026,0x1026,
  0x1026,0x1026,0x1026,0x1026,0x1026,0x1026,0x1026,0x1026,0x1026,0x1026,0x1026,0x1026,0x1026,0x1026,0x1026,0x1026,
  0x1026,0x1026,0x1026,0x1026,0x1026,0x1026,0x1026,0x1026,0x1026,0x1026,0x1026,0x1026,0x1026,0x1026,0x1026,0x1026,
  0x1026,0x1026,0x1026,0x1026,0x1026,0x1026,0x1026,0x1026,0x1026,0x1026,0x1026,0x1026,0x1026,0x1026,0x1026,0x1026,
  0x1026,0x1026,0x1026,0x1026,0x1026,0x1026,0x1026,0x1026,0x1026,0x1026,0x1026,0x1026,0x1026,0x1026,0x1026,0x1026,
  0x1026,0x1026,0x1026,0x1026,0x1026,0x1026,0x1026,0x1026,0x1026,0x1026,0x1026,0x1026,0x1026,0x1026,0x1026,0x1026,
  0x1046,0x1026,0x1026,0x1026,0x1026,0x1026,0x1026,0x1026,0x1026,0x1026,0x1026,0x1026,0x1026,0x1026,0x1026,0x1026,
  0x1026,0x1026,0x1026,0x1026,0x1026,0x1026,0x1026,0x1026,0x1046,0x1046,0x1026,0x1026,0x1026,0x1026,0x1026,0x1026,
  0x1026,0x1026,0x1026,0x1026,0x1026,0x1026,0x1026,0x1026,0x1026,0x1026,0x1026,0x1026,0x1026,0x1026,0x1026,0x1026,
  0x1026,0x1026,0x1026,0x1026,0x1026,0x1026,0x1026,0x1026,0x1026,0x1026,0x1026,0x1026,0x1026,0x1026,0x1026,0x1026,
  0x1026,0x1026,0x1026,0x1026,0x1026,0x1026,0x1026,0x1026,0x1026,0x1026,0x1026,0x1026,0x1026,0x1026,0x1026,0x1026,
  0x1026,0x1026,0x1026,0x1026,0x1026,0x1026,0x1026,0x1026,0x1026,0x1026,0x1047,0x1047,0x1026,0x1026,0x1026,0x1026,
  0x1026,0x1026,0x1026,0x1026,0x1026,0x1026,0x1026,0x1026,0x1026,0x1026,0x1026,0x1026,0x1026,0x1026,0x1026,0x1026,
  0x1026,0x1026,0x1026,0x1026,0x1026,0x1026,0x1026,0x1026,0x1026,0x1026,0x1026,0x1026,0x1026,0x1026,0x1026,0x1026,
  0x1026,0x1026,0x1026,0x1026,0x1026,0x1026,0x1026,0x1026,0x1026,0x1026,0x1026,0x1026,0x1026,0x1026,0x1026,0x1026,
  0x1026,0x1026,0x1026,0x1026,0x1026,0x1026,0x1026,0x1026,0x1026,0x1026,0x1026,0x1026,0x1026,0x1026,0x1026,0x1026,
  0x1026,0x1026,0x1026,0x1026,0x1026,0x1026,0x1026,0x1026,0x1026,0x1026,0x1026,0x1026,0x1026,0x1026,0x1026,0x1026,
  0x1026,0x1026,0x1026,0x1026,0x1026,0x1026,0x1046,0x1026,0x1026,0x1046,0x1046,0x1026,0x1026,0x1026,0x1026,0x1026,
  0x1046,0x1046,0x1026,0x1026,0x1026,0x1026,0x1026,0x1026,0x1026,0x1026,0x1026,0x1026,0x1026,0x1026,0x1026,0x1026,
  0x1026,0x1026,0x1026,0x1026,0x1026,0x1026,0x1026,0x1026,0x1026,0x1026,0x1026,0x1026,0x1026,0x1026,0x1026,0x1026,
  0x1026,0x1026,0x1026,0x1026,0x1026,0x1026,0x1026,0x1026,0x1026,0x1026,0x1026,0x1026,0x1026,0x1026,0x1026,0x1026,
  0x1026,0x1026,0x1026,0x1026,0x1026,0x1026,0x1026,0x1026,0x1026,0x1026,0x1026,0x1026,0x1026,0x1026,0x1026,0x1026,
  0x1026,0x1026,0x1026,0x1026,0x1026,0x1026,0x1026,0x1026,0x1026,0x1026,0x1026,0x1026,0x1026,0x1026,0x1026,0x1026,
  0x1026,0x1026,0x1026,0x1026,0x1026,0x1026,0x1026,0x1026,0x1026,0x1026,0x1026,0x1026,0x1026,0x1026,0x1026,0x1026,
  0x1026,0x1026,0x1026,0x1026,0x1026,0x1026,0x1026,0x1026,0x1026,0x1026,0x1026,0x1026,0x1026,0x1026,0x1026,0x1026,
  0x1026,0x1026,0x1026,0x1026,0x1026,0x1026,0x1026,0x1026,0x1026,0x1026,0x1026,0x1026,0x1026,0x1026,0x1026,0x1026,
  0x1026,0x1026,0x1026,0x1026,0x1026,0x1026,0x1026,0x1026,0x1026,0x1026,0x1026,0x1026,0x1026,0x1026,0x1026,0x1026,
  0x1026,0x1026,0x1026,0x1026,0x1026,0x1026,0x1026,0x1026,0x1026,0x1046,0x1046,0x1026,0x1026,0x1026,0x1026,0x1026,
  0x1026,0x1026,0x1026,0x1026,0x1026,0x1026,0x1026,0x1026,0x1026,0x1026,0x1026,0x1026,0x1026,0x1026,0x1026,0x1026,
  0x1026,0x1026,0x1026,0x1026,0x1026,0x1026,0x1026,0x1026,0x1026,0x1026,0x1026,0x1026,0x1026,0x1026,0x1026,0x1026,
  0x1026,0x1026,0x1026,0x1026,0x1026,0x1026,0x1026,0x1026,0x1026,0x1026,0x1026,0x1026,0x1026,0x1026,0x1026,0x1026,
  0x1026,0x1026,0x1026,0x1026,0x1026,0x1026,0x1026,0x1026,0x1026,0x1026,0x1026,0x1026,0x1026,0x1026,0x1026,0x1026,
  0x1026,0x1026,0x1026,0x1026,0x1026,0x1026,0x1026,0x1026,0x1026,0x1026,0x1026,0x1046,0x1026,0x1026,0x1026,0x1026,
  0x1026,0x1026,0x1026,0x1026,0x1026,0x1026,0x1026,0x1026,0x1026,0x1026,0x1026,0x1026,0x1026,0x1026,0x1026,0x1026,
  0x1026,0x1026,0x1026,0x1046,0x1026,0x1026,0x1026,0x1026,0x1026,0x1026,0x1026,0x1026,0x1026,0x1026,0x1026,0x1026,
  0x1026,0x1026,0x1026,0x1026,0x1026,0x1026,0x1026,0x1026,0x1026,0x1026,0x1026,0x1026,0x1026,0x1026,0x1026,0x1026,
  0x1026,0x1026,0x1026,0x1026,0x1026,0x1026,0x1026,0x1026,0x1026,0x1026,0x1026,0x1026,0x1026,0x1026,0x1026,0x1026,
  0x1026,0x1026,0x1026,0x1026,0x1026,0x1026,0x1026,0x1026,0x1026,0x1046,0x1046,0x1026,0x1026,0x1026,0x1026,0x1026,
  0x1026,0x1026,0x1026,0x1026,0x1026,0x1026,0x1026,0x1026,0x1026,0x1026,0x1026,0x1026,0x1026,0x1026,0x1026,0x1026,
  0x1026,0x1046,0x1046,0x1026,0x1026,0x1026,0x1026,0x1026,0x1026,0x1026,0x1026,0x1026,0x1026,0x1026,0x1026,0x1026,
  0x1026,0x1026,0x1026,0x1026,0x1026,0x1026,0x1026,0x1026,0x1026,0x1026,0x1026,0x1026,0x1026,0x1026,0x1026,0x1026,
  0x1026,0x1026,0x1026,0x1026,0x1026,0x1026,0x1026,0x1026,0x1026,0x1026,0x1026,0x1026,0x1026,0x1026,0x1026,0x1026,
  0x1026,0x1026,0x1026,0x1026,0x1026,0x1026,0x1026,0x1026,0x1026,0x1026,0x1026,0x1026,0x1026,0x1026,0x1026,0x1026,
  0x1026,0x1026,0x1026,0x1026,0x1026,0x1026,0x1026,0x1026,0x1026,0x1026,0x1026,0x1026,0x1026,0x1026,0x1026,0x1026,
  0x1046,0x1046,0x1026,0x1046,0x1026,0x1026,0x1026,0x1026,0x1026,0x1026,0x1026,0x1026,0x1026,0x1026,0x1026,0x1046,
  0x1026,0x1026,0x1026,0x1026,0x1026,0x1026,0x1026,0x1026,0x1026,0x1026,0x1026,0x1026,0x1026,0x1026,0x1026,0x1026,
  0x1026,0x1026,0x1026,0x1026,0x1026,0x1026,0x1026,0x1026,0x1046,0x1026,0x1026,0x1026,0x1026,0x1026,0x1026,0x1046,
  0x1026,0x1026,0x1026,0x1026,0x1026,0x1026,0x1026,0x1026,0x1026,0x1046,0x1046,0x1046,0x1026,0x1026,0x1026,0x1026,
  0x1026,0x1026,0x1026,0x1026,0x1026,0x1026,0x1026,0x1026,0x1026,0x1026,0x1026,0x1026,0x1026,0x1026,0x1026,0x1026,
  0x1026,0x1026,0x1026,0x1026,0x1026,0x1026,0x1026,0x1026,0x1026,0x1026,0x1026,0x1026,0x1026,0x1046,0x1046,0x1026,
  0x1026,0x1026,0x1026,0x1026,0x1026,0x1026,0x1026,0x1026,0x1026,0x1026,0x1026,0x1026,0x1026,0x1026,0x1026,0x1026,
  0x1026,0x1026,0x1026,0x1026,0x1026,0x1046,0x1046,0x1026,0x1026,0x1026,0x1026,0x1026,0x1026,0x1026,0x1026,0x1026,
  0x1026,0x1026,0x1026,0x1026,0x1026,0x1026,0x1026,0x1026,0x1026,0x1026,0x1026,0x1026,0x1026,0x1026,0x1026,0x1026,
  0x1026,0x1026,0x1026,0x1026,0x1026,0x1026,0x1026,0x1026,0x1026,0x1026,0x1026,0x1026,0x1026,0x1026,0x1026,0x1026,
  0x1026,0x1026,0x1026,0x1026,0x1026,0x1026,0x1026,0x1026,0x1026,0x1026,0x1026,0x1026,0x1026,0x1026,0x1026,0x1026,
  0x1026,0x1026,0x1026,0x1026,0x1026,0x1026,0x1026,0x1026,0x1026,0x1026,0x1026,0x1026,0x1026,0x1026,0x1026,0x1026,
  0x1026,0x1026,0x1026,0x1026,0x1026,0x1026,0x1026,0x1026,0x1026,0x1026,0x1026,0x1026,0x1026,0x1026,0x1026,0x1046,
  0x1026,0x1026,0x1026,0x1026,0x1026,0x1026,0x1046,0x1046,0x1046,0x1046,0x1046,0x1046,0x1026,0x1026,0x1026,0x1026,
  0x1026,0x1026,0x1026,0x1026,0x1026,0x1026,0x1026,0x1026,0x1026,0x1026,0x1026,0x1026,0x1026,0x1026,0x1046,0x1026,
  0x1026,0x1026,0x1026,0x1026,0x1026,0x1026,0x1026,0x1026,0x1026,0x1026,0x1026,0x1026,0x1026,0x1046,0x1046,0x1026,
  0x1026,0x1026,0x1026,0x1026,0x1026,0x1026,0x1026,0x1026,0x1026,0x1026,0x1026,0x1026,0x1026,0x1026,0x1026,0x1026,
  0x1026,0x1026,0x1026,0x1026,0x1026,0x1046,0x1046,0x1046,0x1026,0x1026,0x1026,0x1026,0x1026,0x1026,0x1026,0x1026,
  0x1026,0x1026,0x1026,0x1026,0x1026,0x1026,0x1026,0x1026,0x1026,0x1026,0x1026,0x1026,0x1026,0x1026,0x1026,0x1026,
  0x1026,0x1026,0x1026,0x1026,0x1026,0x1026,0x1026,0x1026,0x1026,0x1026,0x1026,0x1026,0x1026,0x1026,0x1026,0x1026,
  0x1026,0x1026,0x1026,0x1026,0x1026,0x1026,0x1026,0x1026,0x1026,0x1026,0x1026,0x1026,0x1026,0x1026,0x1026,0x1026,
  0x1026,0x1026,0x1026,0x1026,0x1026,0x1026,0x1026,0x1026,0x1026,0x1026,0x1026,0x1026,0x1026,0x1026,0x1026,0x1026,
  0x1026,0x1026,0x1026,0x1026,0x1026,0x1026,0x1026,0x1026,0x1026,0x1026,0x1026,0x1026,0x1026,0x1026,0x1026,0x1026,
  0x1026,0x1026,0x1026,0x1026,0x1026,0x1026,0x1046,0x1046,0x1046,0x1046,0x1046,0x1046,0x1026,0x1026,0x1026,0x1026,
  0x1026,0x1026,0x1026,0x1026,0x1026,0x1026,0x1026,0x1026,0x1026,0x1026,0x1026,0x1026,0x1026,0x1026,0x1868,0x1046,
  0x1026,0x1026,0x1026,0x1026,0x1026,0x1026,0x1046,0x1046,0x1046,0x1026,0x1026,0x1026,0x1026,0x1026,0x1026,0x1026,
  0x1026,0x1026,0x1026,0x1026,0x1026,0x1026,0x1026,0x1026,0x1026,0x1026,0x1026,0x1026,0x1026,0x1026,0x1026,0x1026,
  0x1026,0x1026,0x1046,0x1046,0x1046,0x1046,0x1046,0x1046,0x1026,0x1026,0x1026,0x1026,0x1026,0x1026,0x1026,0x1026,
  0x1026,0x1026,0x1026,0x1026,0x1026,0x1026,0x1026,0x1026,0x1026,0x1026,0x1026,0x1026,0x1026,0x1026,0x1026,0x1026,
  0x1026,0x1026,0x1026,0x1026,0x1026,0x1026,0x1026,0x1026,0x1026,0x1026,0x1026,0x1026,0x1026,0x1026,0x1026,0x1026,
  0x1026,0x1026,0x1026,0x1026,0x1026,0x1026,0x1026,0x1026,0x1026,0x1026,0x1026,0x1026,0x1026,0x1026,0x1026,0x1026,
  0x0824,0x0824,0x0804,0x0825,0x1026,0x1026,0x1026,0x1026,0x1026,0x1026,0x1026,0x1026,0x1026,0x1026,0x1026,0x1026,
  0x1026,0x1026,0x1026,0x1026,0x1026,0x1026,0x1026,0x1047,0x1867,0x1026,0x1026,0x1026,0x1026,0x1026,0x1026,0x1026,
  0x1026,0x1026,0x1026,0x1026,0x1026,0x1026,0x1026,0x1026,0x1026,0x1026,0x1026,0x1046,0x1026,0x1026,0x1026,0x1026,
  0x1026,0x1026,0x1026,0x1026,0x1026,0x1026,0x1026,0x1026,0x1026,0x1026,0x1026,0x1026,0x1026,0x1026,0x1026,0x1026,
  0x1026,0x1026,0x1026,0x1026,0x1046,0x1046,0x1046,0x1046,0x1046,0x1026,0x1026,0x1026,0x1026,0x1026,0x1026,0x1026,
  0x1026,0x1026,0x1026,0x1026,0x1026,0x1026,0x1026,0x1026,0x1026,0x1026,0x1026,0x1026,0x1026,0x1026,0x1026,0x1026,
  0x1026,0x1026,0x1026,0x1026,0x1026,0x1026,0x1026,0x1026,0x1026,0x1026,0x1026,0x1026,0x1026,0x1026,0x1026,0x1026,
  0x1026,0x1026,0x1026,0x1026,0x1026,0x1026,0x1026,0x1026,0x1026,0x1026,0x1026,0x1026,0x1026,0x1026,0x1026,0x1026,
  0x1026,0x1026,0x1026,0x1026,0x1026,0x1026,0x1026,0x1026,0x1026,0x1026,0x1026,0x1026,0x1026,0x1026,0x1026,0x1026,
  0x1026,0x1026,0x1026,0x1026,0x1026,0x1026,0x1026,0x1026,0x1026,0x1026,0x1026,0x1026,0x1026,0x1026,0x1026,0x1026,
  0x0881,0x0880,0x0881,0x0842,0x0825,0x1026,0x1026,0x1026,0x1026,0x1026,0x1026,0x1026,0x1026,0x1026,0x1046,0x1046,
  0x1026,0x1026,0x1026,0x1026,0x1026,0x1026,0x1026,0x1046,0x1047,0x1026,0x1026,0x1026,0x1026,0x1026,0x1026,0x1026,
  0x1026,0x1026,0x1026,0x1026,0x1026,0x1026,0x1026,0x1026,0x1026,0x1026,0x1026,0x1026,0x1026,0x1026,0x1026,0x1026,
  0x1026,0x1026,0x1026,0x1026,0x1026,0x1026,0x1026,0x1026,0x1026,0x1026,0x1026,0x1026,0x1026,0x1026,0x1026,0x1026,
  0x1026,0x1026,0x1026,0x1026,0x1046,0x1046,0x1046,0x1046,0x1026,0x1026,0x1026,0x1026,0x1026,0x1026,0x1026,0x1026,
  0x1026,0x1026,0x1026,0x1026,0x1026,0x1026,0x1867,0x1026,0x1026,0x1046,0x1026,0x1026,0x1026,0x1026,0x1026,0x1026,
  0x1026,0x1026,0x1026,0x1026,0x1026,0x1026,0x1047,0x1047,0x1026,0x1026,0x1026,0x1026,0x1026,0x1026,0x1026,0x1026,
  0x1026,0x1026,0x1026,0x1026,0x1026,0x1026,0x1026,0x1026,0x1026,0x1026,0x1026,0x1026,0x1026,0x1026,0x1026,0x1026,
  0x1026,0x1026,0x1026,0x1026,0x1026,0x1026,0x1026,0x1026,0x1026,0x1026,0x1026,0x1026,0x1026,0x1026,0x1026,0x1026,
  0x1026,0x1026,0x1026,0x1026,0x1026,0x1026,0x1026,0x1026,0x1026,0x1026,0x1026,0x1026,0x1026,0x1026,0x1026,0x1026,
  0x08C1,0x00A0,0x0060,0x0843,0x1026,0x1026,0x1026,0x1026,0x1026,0x1026,0x1026,0x1026,0x1026,0x1026,0x1026,0x1026,
  0x1026,0x1026,0x1026,0x1026,0x1026,0x1026,0x1026,0x1026,0x1026,0x1026,0x1026,0x1026,0x1026,0x1026,0x1026,0x1026,
  0x1026,0x1026,0x1026,0x1026,0x1026,0x1026,0x1026,0x1026,0x1026,0x1026,0x1026,0x1026,0x1026,0x18A8,0x1046,0x1026,
  0x1026,0x1026,0x1026,0x1026,0x1026,0x1026,0x1026,0x1026,0x1026,0x1026,0x1026,0x1026,0x1026,0x1026,0x1026,0x1026,
  0x1026,0x1026,0x1026,0x1026,0x1046,0x1046,0x1026,0x1026,0x1026,0x1026,0x1026,0x1026,0x1026,0x1026,0x1026,0x1026,
  0x1026,0x1026,0x1026,0x1026,0x1026,0x1026,0x1046,0x1026,0x1026,0x1026,0x1026,0x1026,0x1026,0x1026,0x1026,0x1026,
  0x1026,0x1026,0x1026,0x1026,0x1026,0x1026,0x1046,0x1026,0x1026,0x1026,0x1026,0x1026,0x1026,0x1026,0x1026,0x1026,
  0x1026,0x1026,0x1046,0x1026,0x1026,0x1026,0x1026,0x1026,0x1026,0x1026,0x1026,0x1026,0x1026,0x1026,0x1026,0x1026,
  0x1026,0x1026,0x1026,0x1026,0x1026,0x1026,0x1026,0x1026,0x1026,0x1026,0x1026,0x1026,0x1026,0x1026,0x1026,0x1026,
  0x1026,0x1026,0x1026,0x1026,0x1026,0x1026,0x1026,0x1026,0x1026,0x1026,0x1026,0x1026,0x1026,0x1026,0x1026,0x1026,
  0x0080,0x0020,0x0803,0x1026,0x1026,0x1026,0x1026,0x1026,0x1026,0x1026,0x1026,0x1026,0x1026,0x1026,0x1026,0x1026,
  0x1026,0x1026,0x1026,0x1026,0x1026,0x1026,0x1026,0x1026,0x1026,0x1026,0x1026,0x1026,0x1026,0x1026,0x1046,0x1026,
  0x1026,0x1026,0x1026,0x1026,0x1026,0x1026,0x1026,0x1026,0x1026,0x1026,0x1026,0x1026,0x1026,0x1026,0x1026,0x1026,
  0x1026,0x1026,0x1026,0x1026,0x1026,0x1026,0x1026,0x1026,0x1026,0x1026,0x1026,0x1026,0x1026,0x1026,0x1026,0x1026,
  0x1026,0x1026,0x1026,0x1026,0x1046,0x1046,0x1026,0x1026,0x1026,0x1026,0x1026,0x1026,0x1026,0x1026,0x1026,0x1026,
  0x1026,0x1026,0x1026,0x1026,0x1026,0x1026,0x1026,0x1026,0x1026,0x1026,0x1026,0x1026,0x1026,0x1026,0x1026,0x1026,
  0x1026,0x1026,0x1026,0x1026,0x1046,0x1026,0x1026,0x1026,0x1026,0x1026,0x1026,0x1026,0x1026,0x1026,0x1026,0x1026,
  0x1026,0x1026,0x1046,0x1026,0x1026,0x1026,0x1026,0x1026,0x1026,0x1026,0x1026,0x1026,0x1026,0x1026,0x1026,0x1026,
  0x1026,0x1026,0x1026,0x1026,0x1026,0x1026,0x1026,0x1026,0x1026,0x1026,0x1026,0x1026,0x1026,0x1026,0x1026,0x1026,
  0x1026,0x1026,0x1026,0x1026,0x1026,0x1026,0x1026,0x1026,0x1026,0x1026,0x1026,0x1026,0x1026,0x1026,0x1026,0x1026,
  0x0020,0x0843,0x1046,0x1026,0x1026,0x1026,0x1026,0x1026,0x1026,0x1026,0x1026,0x1026,0x1026,0x1026,0x1026,0x1026,
  0x1026,0x1026,0x1026,0x1026,0x1026,0x1026,0x1026,0x1026,0x1026,0x1026,0x1026,0x1026,0x1026,0x1046,0x1026,0x1026,
  0x1026,0x1026,0x1026,0x1026,0x1026,0x1026,0x1026,0x1026,0x1026,0x1026,0x1026,0x1026,0x1026,0x1026,0x1026,0x1026,
  0x1026,0x1026,0x1026,0x1026,0x1026,0x1026,0x1026,0x1026,0x1026,0x1026,0x1026,0x1026,0x1026,0x1026,0x1026,0x1046,
  0x1046,0x1046,0x1046,0x1046,0x1026,0x1046,0x1026,0x1026,0x1026,0x1026,0x1026,0x1026,0x1026,0x1026,0x1026,0x1026,
  0x1026,0x1026,0x1026,0x1026,0x1026,0x1026,0x1026,0x1026,0x1026,0x1026,0x1026,0x1026,0x1026,0x1026,0x1026,0x1026,
  0x1026,0x1026,0x1026,0x1026,0x1026,0x1026,0x1026,0x1026,0x1026,0x1026,0x1026,0x1026,0x1026,0x1026,0x1026,0x1026,
  0x1026,0x1026,0x1026,0x1026,0x1026,0x1026,0x1026,0x1026,0x1026,0x1026,0x1026,0x1026,0x1026,0x1026,0x1026,0x1026,
  0x1026,0x1026,0x1026,0x1026,0x1026,0x1026,0x1026,0x1026,0x1026,0x1026,0x1026,0x1026,0x1026,0x1026,0x1026,0x1026,
  0x1026,0x1026,0x1026,0x1026,0x1026,0x1026,0x1026,0x1026,0x1026,0x1026,0x1026,0x1026,0x1026,0x1026,0x1026,0x1026,
  0x0822,0x1026,0x1046,0x1046,0x1046,0x1046,0x1026,0x1026,0x1026,0x1026,0x1026,0x1026,0x1026,0x1026,0x1026,0x1026,
  0x1026,0x1026,0x1026,0x1026,0x1026,0x1026,0x1026,0x1026,0x1026,0x1026,0x1026,0x1026,0x1026,0x1026,0x1026,0x1026,
  0x1026,0x1026,0x1026,0x1026,0x1026,0x1026,0x1026,0x1026,0x1026,0x1026,0x1026,0x1026,0x1026,0x1026,0x1026,0x1026,
  0x1026,0x1026,0x1026,0x1026,0x1026,0x1026,0x1026,0x1026,0x1026,0x1026,0x1026,0x1026,0x1026,0x1026,0x1026,0x1026,
  0x1026,0x1026,0x1026,0x1026,0x1026,0x1026,0x1026,0x1026,0x1026,0x1026,0x1026,0x1026,0x1026,0x1026,0x1026,0x1026,
  0x1026,0x1026,0x1026,0x1026,0x1026,0x1026,0x1026,0x1026,0x1026,0x1026,0x1026,0x1026,0x1026,0x1026,0x1026,0x1026,
  0x1026,0x1026,0x1026,0x1026,0x1026,0x1026,0x1026,0x1026,0x1026,0x1026,0x1026,0x1026,0x1026,0x1047,0x1026,0x1026,
  0x1026,0x1026,0x1026,0x1026,0x1026,0x1026,0x1026,0x1026,0x1026,0x1026,0x1026,0x1026,0x1026,0x1026,0x1026,0x1026,
  0x1026,0x1026,0x1026,0x1026,0x1026,0x1026,0x1026,0x1026,0x1026,0x1026,0x1026,0x1026,0x1026,0x1026,0x1026,0x1046,
  0x1047,0x1026,0x1026,0x1026,0x1026,0x1026,0x1026,0x1046,0x1026,0x1026,0x1026,0x1026,0x1026,0x1026,0x1026,0x1026,
  0x0824,0x0804,0x0824,0x0823,0x0803,0x0825,0x1026,0x1026,0x1026,0x1026,0x1026,0x1026,0x1026,0x1026,0x1026,0x1026,
  0x1026,0x1026,0x1026,0x1026,0x1026,0x1026,0x1026,0x1026,0x1026,0x1026,0x1026,0x1026,0x1026,0x1026,0x1026,0x1026,
  0x1026,0x1026,0x1026,0x1026,0x1026,0x1026,0x1026,0x1026,0x1026,0x1026,0x1026,0x1026,0x1026,0x1026,0x1026,0x1026,
  0x1026,0x1026,0x1026,0x1026,0x1026,0x1026,0x1026,0x1026,0x1026,0x1026,0x1026,0x1026,0x1026,0x1026,0x1026,0x1026,
  0x1026,0x1026,0x1026,0x1026,0x1026,0x1026,0x1026,0x1026,0x1026,0x1026,0x1026,0x1026,0x1026,0x1026,0x1026,0x1026,
  0x1026,0x1026,0x1026,0x1026,0x1026,0x1026,0x1026,0x1026,0x1026,0x1026,0x1026,0x1026,0x1026,0x1026,0x1026,0x1026,
  0x1026,0x1026,0x1026,0x1026,0x1026,0x1026,0x1026,0x1026,0x1026,0x1026,0x1026,0x1026,0x1026,0x1026,0x1026,0x1026,
  0x1026,0x1026,0x1026,0x1026,0x1026,0x1026,0x1026,0x1026,0x1026,0x1026,0x1026,0x1026,0x1026,0x1026,0x1026,0x1026,
  0x1026,0x1026,0x1026,0x1026,0x1026,0x1026,0x1026,0x1026,0x1026,0x1026,0x1026,0x1026,0x1026,0x1026,0x1026,0x1047,
  0x1888,0x0826,0x1026,0x1026,0x1026,0x1026,0x1026,0x1046,0x1026,0x1026,0x1026,0x1026,0x1026,0x1026,0x1026,0x1026,
  0x0821,0x08A1,0x08C1,0x08C1,0x08C1,0x0882,0x0825,0x1026,0x1026,0x1026,0x1026,0x1026,0x1046,0x1026,0x1026,0x1026,
  0x1026,0x1046,0x1026,0x1026,0x1026,0x1026,0x1026,0x1026,0x1026,0x1026,0x1026,0x1026,0x1026,0x1026,0x1026,0x1026,
  0x1026,0x1026,0x1026,0x1026,0x1026,0x1026,0x1026,0x1026,0x1026,0x1026,0x1026,0x1026,0x1026,0x1026,0x1026,0x1026,
  0x1026,0x1026,0x1026,0x1026,0x1026,0x1026,0x1026,0x1026,0x1026,0x1026,0x1026,0x1026,0x1026,0x1026,0x1026,0x1026,
  0x1026,0x1026,0x1026,0x1026,0x1026,0x1026,0x1026,0x1026,0x1026,0x1026,0x1026,0x1026,0x1026,0x1026,0x1026,0x1026,
  0x1026,0x1026,0x1026,0x1026,0x1026,0x1026,0x1026,0x1026,0x1026,0x1026,0x1026,0x1026,0x1026,0x1026,0x1026,0x1026,
  0x1026,0x1026,0x1026,0x1046,0x1026,0x1026,0x1026,0x1026,0x1026,0x1026,0x1026,0x1026,0x1026,0x1026,0x1026,0x1026,
  0x1026,0x1026,0x1026,0x1026,0x1026,0x1026,0x1026,0x1026,0x1026,0x1026,0x1026,0x1026,0x1026,0x1026,0x1026,0x1026,
  0x1026,0x1026,0x1026,0x1026,0x1026,0x1026,0x1026,0x1026,0x1026,0x1026,0x1026,0x1026,0x1026,0x1026,0x1026,0x1026,
  0x0826,0x1026,0x1026,0x1026,0x1026,0x1026,0x1026,0x1026,0x1026,0x1026,0x1026,0x1026,0x1026,0x1026,0x1026,0x1026,
  0x00A0,0x08A1,0x00A0,0x08E0,0x00C0,0x08E1,0x0862,0x0825,0x1026,0x1026,0x1026,0x1026,0x1046,0x1026,0x1026,0x1026,
  0x1026,0x1026,0x1026,0x1026,0x1026,0x1026,0x1026,0x1026,0x1026,0x1026,0x1026,0x1026,0x1026,0x1026,0x1026,0x1026,
  0x1026,0x1026,0x1026,0x1026,0x1026,0x1026,0x1026,0x1026,0x1026,0x1026,0x1026,0x1026,0x1026,0x1026,0x1026,0x1026,
  0x1026,0x1026,0x1026,0x1026,0x1026,0x1026,0x1026,0x1026,0x1026,0x1026,0x1026,0x1026,0x1026,0x1026,0x1026,0x1026,
  0x1026,0x1026,0x1026,0x1026,0x1026,0x1026,0x1026,0x1026,0x1026,0x1046,0x1047,0x1026,0x1026,0x1026,0x1026,0x1026,
  0x1026,0x1026,0x1026,0x1026,0x1026,0x1026,0x1026,0x1026,0x1026,0x1026,0x1026,0x1026,0x1026,0x1026,0x1026,0x1026,
  0x1026,0x1026,0x1026,0x1026,0x1026,0x1026,0x1026,0x1026,0x1026,0x1026,0x1026,0x1026,0x1026,0x1026,0x1026,0x1026,
  0x1026,0x1026,0x1026,0x1026,0x1026,0x1026,0x1026,0x1026,0x1026,0x1026,0x1026,0x1026,0x1026,0x1026,0x1026,0x1026,
  0x1046,0x1026,0x1026,0x1026,0x1026,0x1026,0x1026,0x1026,0x1026,0x1026,0x1026,0x1026,0x1026,0x1026,0x1026,0x1026,
  0x1026,0x1026,0x1026,0x1026,0x1026,0x1026,0x1026,0x1026,0x1026,0x1026,0x1026,0x1026,0x1026,0x1026,0x1026,0x1026,
  0x0080,0x0060,0x0020,0x0060,0x0040,0x00A0,0x08E1,0x0842,0x1026,0x1026,0x1026,0x1026,0x1026,0x1026,0x1026,0x1026,
  0x1026,0x1026,0x1026,0x1026,0x1026,0x1026,0x1026,0x1026,0x1026,0x1026,0x1026,0x1026,0x1026,0x1026,0x1026,0x1026,
  0x1026,0x1026,0x1026,0x1026,0x1026,0x1026,0x1026,0x1026,0x1026,0x1026,0x1026,0x1026,0x1026,0x1026,0x1026,0x1026,
  0x1026,0x1026,0x1026,0x1026,0x1026,0x1026,0x1026,0x1026,0x1026,0x1026,0x1026,0x1026,0x1026,0x1026,0x1026,0x1026,
  0x1026,0x1026,0x1026,0x1026,0x1026,0x1026,0x1026,0x1026,0x1026,0x1046,0x1046,0x1026,0x1026,0x1026,0x1026,0x1026,
  0x1026,0x1026,0x1026,0x1026,0x1026,0x1026,0x1026,0x1026,0x0826,0x1046,0x1026,0x1026,0x1026,0x1026,0x1026,0x1026,
  0x1026,0x1026,0x1026,0x1026,0x1026,0x1026,0x1026,0x1026,0x1026,0x1026,0x1026,0x1026,0x1026,0x1026,0x1026,0x1026,
  0x1026,0x1026,0x1026,0x1026,0x1026,0x1026,0x1026,0x1026,0x1026,0x1026,0x1026,0x1026,0x1026,0x1026,0x1026,0x1026,
  0x1067,0x1046,0x1026,0x1026,0x1026,0x1026,0x1026,0x1026,0x1026,0x1026,0x1026,0x1026,0x1026,0x1026,0x1026,0x1026,
  0x1026,0x1026,0x1026,0x1026,0x1026,0x1026,0x1026,0x1026,0x1026,0x1026,0x1026,0x1026,0x1026,0x1026,0x1026,0x1026,
  0x0000,0x0001,0x0001,0x0020,0x0020,0x0060,0x0901,0x0881,0x0825,0x1046,0x1046,0x1046,0x1046,0x1046,0x1046,0x1046,
  0x1046,0x1046,0x1046,0x1046,0x1046,0x1046,0x1046,0x1046,0x1046,0x1046,0x1046,0x1046,0x1046,0x1046,0x1046,0x1046,
  0x1046,0x1046,0x1046,0x1046,0x1046,0x1046,0x1046,0x1046,0x1046,0x1046,0x1046,0x1046,0x1046,0x1046,0x1046,0x1046,
  0x1046,0x1046,0x1046,0x1046,0x1046,0x1046,0x1046,0x1046,0x1046,0x1046,0x1046,0x1046,0x1046,0x1046,0x1046,0x1046,
  0x1046,0x1046,0x1046,0x1046,0x1046,0x1046,0x1046,0x1046,0x1046,0x1046,0x1046,0x1046,0x1046,0x1046,0x1046,0x1046,
  0x1046,0x1046,0x1046,0x1046,0x1046,0x1046,0x1046,0x1046,0x1046,0x1046,0x1046,0x1046,0x1046,0x1046,0x1046,0x1046,
  0x1026,0x1046,0x1046,0x1046,0x1046,0x1046,0x1046,0x1046,0x1046,0x1046,0x1046,0x1046,0x1046,0x1046,0x1046,0x1046,
  0x1046,0x1046,0x1046,0x1046,0x1046,0x1046,0x1046,0x1046,0x1046,0x1046,0x1046,0x1046,0x1046,0x1046,0x1046,0x1046,
  0x1046,0x1046,0x1046,0x1046,0x1046,0x1046,0x1046,0x1046,0x1046,0x1046,0x1046,0x1046,0x1046,0x1046,0x1046,0x1046,
  0x1046,0x1046,0x1046,0x1046,0x1046,0x1046,0x1046,0x1046,0x1046,0x1046,0x1046,0x1046,0x1046,0x1046,0x1046,0x1046,
  0x0823,0x1046,0x1045,0x0822,0x1044,0x0842,0x0080,0x08A1,0x1025,0x1847,0x1846,0x1847,0x1847,0x1847,0x1847,0x1847,
  0x1847,0x1847,0x1847,0x1847,0x1847,0x1846,0x1847,0x1867,0x1847,0x1847,0x1847,0x1847,0x1847,0x1846,0x1846,0x1846,
  0x1847,0x1847,0x1047,0x1847,0x1847,0x1847,0x1867,0x1847,0x1847,0x1847,0x1847,0x1867,0x1847,0x1847,0x1867,0x1867,
  0x1847,0x1847,0x1847,0x1847,0x1867,0x1067,0x1067,0x1067,0x1067,0x1067,0x1067,0x1047,0x1047,0x1846,0x1847,0x1067,
  0x1047,0x1067,0x1067,0x1867,0x1067,0x1067,0x1067,0x1867,0x1847,0x1047,0x1067,0x1067,0x1047,0x1847,0x1847,0x1847,
  0x1067,0x1067,0x1067,0x1867,0x1867,0x1847,0x1867,0x1067,0x1067,0x1067,0x1847,0x1046,0x1847,0x1867,0x1867,0x1867,
  0x1888,0x1067,0x1866,0x1867,0x1067,0x1067,0x1067,0x1067,0x1067,0x1067,0x1067,0x1847,0x1847,0x1847,0x1847,0x1847,
  0x1847,0x1047,0x1067,0x1067,0x1067,0x1867,0x1867,0x1847,0x1847,0x1847,0x1847,0x1867,0x1067,0x1067,0x1067,0x1067,
  0x1067,0x1067,0x1047,0x1847,0x1847,0x1847,0x1847,0x1867,0x1847,0x1847,0x1846,0x1847,0x1847,0x1847,0x1847,0x1847,
  0x1067,0x1067,0x1067,0x1067,0x1067,0x1046,0x1067,0x1047,0x1047,0x1046,0x1046,0x1847,0x1847,0x1067,0x1067,0x1067,
  0x0861,0x0841,0x0842,0x1044,0x1866,0x1846,0x0841,0x0861,0x1045,0x1847,0x1846,0x1846,0x1846,0x1847,0x1846,0x1846,
  0x1847,0x1847,0x1847,0x1847,0x1067,0x1867,0x1047,0x1847,0x1847,0x1046,0x1847,0x1047,0x1847,0x1046,0x1046,0x1847,
  0x1847,0x1847,0x1847,0x1846,0x1847,0x1847,0x1847,0x1847,0x1847,0x1847,0x1847,0x1847,0x1847,0x1847,0x1847,0x1046,
  0x1847,0x1847,0x1847,0x1847,0x1867,0x1067,0x1067,0x1067,0x1067,0x1067,0x1066,0x1867,0x1867,0x1047,0x1867,0x1847,
  0x1867,0x1867,0x1867,0x1867,0x1867,0x1867,0x1067,0x1867,0x1847,0x1847,0x1847,0x1847,0x1847,0x1046,0x1847,0x1047,
  0x1067,0x1067,0x1067,0x1067,0x1867,0x1847,0x1047,0x1067,0x1067,0x1067,0x1047,0x1046,0x1847,0x1047,0x1846,0x1867,
  0x1888,0x1067,0x1867,0x1866,0x1867,0x1867,0x1867,0x1847,0x1847,0x1847,0x1867,0x1847,0x1847,0x1847,0x1847,0x1847,
  0x1847,0x1847,0x1847,0x1847,0x1847,0x1847,0x1847,0x1847,0x1847,0x1847,0x1847,0x1047,0x1067,0x1067,0x1067,0x1067,
  0x1067,0x1067,0x1067,0x1847,0x1047,0x1847,0x1847,0x1046,0x1846,0x1046,0x1047,0x1847,0x1847,0x1847,0x1847,0x1867,
  0x1067,0x1067,0x1067,0x1047,0x1047,0x1847,0x1047,0x1067,0x1046,0x1046,0x1847,0x1847,0x1847,0x1067,0x1067,0x1067,
  0x08C0,0x1101,0x08E1,0x0060,0x0822,0x1044,0x1066,0x0844,0x1046,0x1847,0x1846,0x1846,0x1847,0x1847,0x1847,0x1847,
  0x1847,0x1847,0x1847,0x1867,0x1067,0x1067,0x1067,0x1847,0x1847,0x1847,0x1847,0x1847,0x1847,0x1847,0x1847,0x1847,
  0x1847,0x1847,0x1847,0x1846,0x1846,0x1847,0x1847,0x1847,0x1847,0x1847,0x1867,0x1867,0x1847,0x1847,0x1847,0x1847,
  0x1847,0x1847,0x1867,0x1867,0x1847,0x1067,0x1067,0x1067,0x1067,0x1067,0x1067,0x1067,0x1867,0x1846,0x1847,0x1867,
  0x1867,0x1867,0x1867,0x1867,0x1867,0x1867,0x1067,0x1847,0x1847,0x1847,0x1847,0x1847,0x1847,0x1847,0x1847,0x1847,
  0x1067,0x1067,0x1067,0x1867,0x1867,0x1867,0x1067,0x1067,0x1067,0x1067,0x1847,0x1847,0x1847,0x1847,0x1867,0x1067,
  0x1046,0x1047,0x1867,0x1867,0x1867,0x1847,0x1847,0x1847,0x1867,0x1867,0x1867,0x1847,0x1847,0x1867,0x1867,0x1847,
  0x1847,0x1847,0x1847,0x1847,0x1847,0x1047,0x1046,0x1847,0x1047,0x1867,0x1847,0x1067,0x1067,0x1067,0x1067,0x1067,
  0x1067,0x1067,0x1867,0x1847,0x1046,0x1847,0x1046,0x1867,0x1867,0x1847,0x1847,0x1847,0x1847,0x1847,0x1047,0x1047,
  0x1067,0x1067,0x1067,0x1847,0x1847,0x1847,0x1867,0x1067,0x1067,0x1047,0x1847,0x1047,0x1847,0x1067,0x1067,0x1067,
  0x0040,0x0060,0x08C0,0x08E1,0x00A0,0x0061,0x1044,0x1867,0x1847,0x1847,0x1847,0x1847,0x1847,0x1847,0x1847,0x1847,
  0x1847,0x1847,0x1847,0x1847,0x1867,0x1867,0x1867,0x1847,0x1847,0x1867,0x1847,0x1847,0x1847,0x1847,0x1847,0x1847,
  0x1847,0x1847,0x1046,0x1847,0x1847,0x1847,0x1847,0x1847,0x1847,0x1867,0x1867,0x1867,0x1847,0x1847,0x1847,0x1847,
  0x1867,0x1847,0x1847,0x1847,0x1847,0x1847,0x1847,0x1847,0x1847,0x1847,0x1847,0x1847,0x1847,0x1847,0x1847,0x1867,
  0x1867,0x1867,0x1867,0x1847,0x1847,0x1847,0x1847,0x1847,0x1847,0x1847,0x1847,0x1847,0x1847,0x1847,0x1847,0x1847,
  0x1867,0x1847,0x1847,0x1867,0x1867,0x1867,0x1867,0x1867,0x1867,0x1847,0x1867,0x1847,0x1847,0x1867,0x1867,0x1867,
  0x1867,0x1867,0x1847,0x1847,0x1847,0x1847,0x1847,0x1847,0x1867,0x18A8,0x1867,0x1847,0x1867,0x1867,0x1847,0x1847,
  0x1847,0x1847,0x1847,0x1847,0x1847,0x1046,0x1867,0x1867,0x1867,0x1867,0x1867,0x1867,0x1867,0x1867,0x1867,0x1847,
  0x1847,0x1847,0x1867,0x1847,0x1046,0x1867,0x1046,0x1887,0x1867,0x1847,0x1847,0x1847,0x1847,0x1047,0x1867,0x1847,
  0x1867,0x1867,0x1047,0x1847,0x1847,0x1847,0x1867,0x1847,0x1847,0x1847,0x1047,0x1047,0x1047,0x1867,0x1867,0x1047,
  0x0000,0x0020,0x0080,0x0080,0x00C0,0x00E0,0x08A1,0x1025,0x1847,0x1847,0x1847,0x1847,0x1847,0x1847,0x1847,0x1847,
  0x1847,0x1847,0x1847,0x1847,0x1847,0x1847,0x1847,0x1847,0x1847,0x1847,0x1847,0x1847,0x1847,0x1847,0x1847,0x1847,
  0x1847,0x1847,0x1047,0x1847,0x1847,0x1847,0x1847,0x1847,0x1847,0x1847,0x1847,0x1847,0x1847,0x1867,0x1867,0x1867,
  0x1867,0x1847,0x1847,0x1847,0x1847,0x1847,0x1847,0x1847,0x1847,0x1847,0x1847,0x1847,0x1847,0x1847,0x1847,0x1847,
  0x1847,0x1847,0x1847,0x1847,0x1847,0x1847,0x1847,0x1847,0x1847,0x1847,0x1847,0x1847,0x1847,0x1847,0x1847,0x1847,
  0x1847,0x1847,0x1847,0x1847,0x1847,0x1847,0x1867,0x1867,0x1867,0x1867,0x1867,0x1867,0x1867,0x1847,0x1847,0x1847,
  0x1847,0x1867,0x1847,0x1847,0x1847,0x1867,0x1847,0x1847,0x1847,0x1847,0x1867,0x1847,0x1867,0x1847,0x1847,0x1847,
  0x1847,0x1847,0x1847,0x1847,0x1847,0x1847,0x1847,0x1847,0x1847,0x1847,0x1847,0x1847,0x1867,0x1847,0x1847,0x1847,
  0x1847,0x1847,0x1847,0x1847,0x1046,0x1847,0x1847,0x1047,0x1847,0x1847,0x1867,0x1847,0x1847,0x1847,0x1867,0x1847,
  0x1847,0x1847,0x1847,0x1847,0x1847,0x1847,0x1847,0x1847,0x1847,0x1847,0x1847,0x1847,0x1847,0x1847,0x1847,0x1847,
  0x0000,0x0000,0x0040,0x0060,0x00C0,0x00C0,0x08E1,0x0843,0x1847,0x1847,0x1847,0x1847,0x1847,0x1847,0x1847,0x1847,
  0x1847,0x1847,0x1847,0x1847,0x1847,0x1847,0x1847,0x1847,0x1847,0x1847,0x1847,0x1847,0x1847,0x1847,0x1847,0x1846,
  0x1846,0x1847,0x1047,0x1047,0x1847,0x1847,0x1847,0x1847,0x1847,0x1847,0x1847,0x1847,0x1847,0x1847,0x1847,0x1867,
  0x1867,0x1847,0x1847,0x1847,0x1847,0x1847,0x1847,0x1847,0x1847,0x1847,0x1847,0x1847,0x1847,0x1847,0x1847,0x1847,
  0x1847,0x1847,0x1847,0x1847,0x1847,0x1847,0x1847,0x1847,0x1847,0x1847,0x1847,0x1847,0x1847,0x1847,0x1847,0x1847,
  0x1847,0x1847,0x1847,0x1847,0x1847,0x1847,0x1847,0x1847,0x1847,0x1847,0x1867,0x1867,0x1847,0x1847,0x1847,0x1847,
  0x1847,0x1867,0x1847,0x1847,0x1847,0x1867,0x1867,0x1847,0x1847,0x1847,0x1067,0x1847,0x1847,0x1847,0x1847,0x1847,
  0x1847,0x1847,0x1847,0x1847,0x1847,0x1847,0x1847,0x1847,0x1847,0x1847,0x1847,0x1847,0x1847,0x1847,0x1847,0x1847,
  0x1847,0x1047,0x1847,0x1847,0x1846,0x1847,0x1847,0x1847,0x1847,0x1847,0x1847,0x1847,0x1847,0x1847,0x1847,0x1847,
  0x1847,0x1847,0x1847,0x1847,0x1847,0x1847,0x1847,0x1847,0x1847,0x1867,0x1847,0x1847,0x1847,0x1847,0x1847,0x1847,
  0x0824,0x0000,0x0000,0x0000,0x0040,0x0080,0x08C0,0x0881,0x1026,0x1867,0x1847,0x1847,0x1847,0x1847,0x1847,0x1847,
  0x1847,0x1847,0x1847,0x1847,0x1847,0x1847,0x1847,0x1847,0x1847,0x1847,0x1847,0x1847,0x1847,0x1867,0x1847,0x1847,
  0x1847,0x1847,0x1847,0x1847,0x1847,0x1847,0x1847,0x1847,0x1847,0x1847,0x1847,0x1847,0x1847,0x1847,0x1847,0x1847,
  0x1847,0x1847,0x1847,0x1847,0x1847,0x1847,0x1847,0x1847,0x1847,0x1847,0x1847,0x1847,0x1847,0x1847,0x1847,0x1847,
  0x1847,0x1847,0x1847,0x1847,0x1847,0x1847,0x1847,0x1847,0x1847,0x1847,0x1847,0x1847,0x1847,0x1847,0x1847,0x1847,
  0x1847,0x1847,0x1847,0x1847,0x1847,0x1847,0x1847,0x1847,0x1847,0x1847,0x1867,0x1867,0x1867,0x1847,0x1847,0x1847,
  0x1847,0x1847,0x1847,0x1847,0x1847,0x1867,0x1847,0x1867,0x1847,0x1867,0x1867,0x1847,0x1847,0x1847,0x1847,0x1847,
  0x1847,0x1847,0x1847,0x1847,0x1847,0x1847,0x1847,0x1847,0x1847,0x1847,0x1847,0x1847,0x1847,0x1847,0x1847,0x1847,
  0x1847,0x1847,0x1847,0x1847,0x1847,0x1847,0x1847,0x1847,0x1847,0x1847,0x1847,0x1847,0x1847,0x1847,0x1847,0x1847,
  0x1847,0x1847,0x1847,0x1847,0x1847,0x1847,0x1847,0x1847,0x1847,0x1847,0x1847,0x1847,0x1847,0x1847,0x1847,0x1847,
  0x1846,0x1025,0x0000,0x0000,0x0020,0x0040,0x08A0,0x0881,0x1026,0x1847,0x1847,0x1847,0x1847,0x1847,0x1847,0x1847,
  0x1847,0x1847,0x1847,0x1847,0x1847,0x1847,0x1847,0x1847,0x1847,0x1847,0x1847,0x1847,0x1847,0x1847,0x1847,0x1847,
  0x1847,0x1847,0x1847,0x1847,0x1847,0x1847,0x1847,0x1847,0x1847,0x1847,0x1847,0x1847,0x1847,0x1847,0x1847,0x1847,
  0x1847,0x1847,0x1847,0x1847,0x1847,0x1847,0x1847,0x1847,0x1847,0x1847,0x1847,0x1847,0x1847,0x1847,0x1847,0x1847,
  0x1847,0x1847,0x1847,0x1847,0x1847,0x1847,0x1847,0x1847,0x1847,0x1847,0x1847,0x1847,0x1847,0x1847,0x1847,0x1847,
  0x1847,0x1847,0x1847,0x1847,0x1847,0x1847,0x1847,0x1847,0x1847,0x1847,0x1847,0x1847,0x1847,0x1847,0x1847,0x1847,
  0x1847,0x1847,0x1847,0x1847,0x1847,0x1847,0x1847,0x1847,0x1847,0x1847,0x1847,0x1847,0x1847,0x1847,0x1847,0x1847,
  0x1847,0x1847,0x1847,0x1847,0x1847,0x1847,0x1847,0x1847,0x1847,0x1847,0x1847,0x1847,0x1847,0x1847,0x1847,0x1847,
  0x1847,0x1847,0x1847,0x1847,0x1847,0x1847,0x1847,0x1847,0x1847,0x1847,0x1847,0x1847,0x1847,0x1847,0x1847,0x1847,
  0x1847,0x1847,0x1847,0x1847,0x1847,0x1847,0x1847,0x1847,0x1847,0x1847,0x1847,0x1847,0x1847,0x1847,0x1847,0x1847,
  0x1846,0x1848,0x0001,0x0000,0x0822,0x0000,0x0060,0x0881,0x1026,0x1828,0x1828,0x1828,0x1828,0x1828,0x1828,0x1828,
  0x1828,0x1828,0x1828,0x1828,0x1828,0x1828,0x1828,0x1828,0x1828,0x1828,0x1828,0x1828,0x1828,0x1828,0x1828,0x1828,
  0x1828,0x1828,0x1828,0x1828,0x1828,0x1828,0x1828,0x1828,0x1828,0x1828,0x1828,0x1828,0x1828,0x1828,0x1828,0x1828,
  0x1828,0x1828,0x1828,0x1828,0x1828,0x1828,0x1828,0x1828,0x1828,0x1828,0x1828,0x1828,0x1828,0x1828,0x1828,0x1828,
  0x1828,0x1828,0x1828,0x1828,0x1828,0x1828,0x1828,0x1828,0x1828,0x1828,0x1828,0x1828,0x1828,0x1828,0x1828,0x1828,
  0x1828,0x1828,0x1828,0x1828,0x1828,0x1828,0x1828,0x1828,0x1828,0x1828,0x1828,0x1828,0x1828,0x1828,0x1828,0x1828,
  0x1828,0x1828,0x1828,0x1828,0x1828,0x1828,0x1828,0x1828,0x1828,0x1828,0x1828,0x1828,0x1828,0x1828,0x1828,0x1828,
  0x1828,0x1828,0x1828,0x1828,0x1828,0x1828,0x1828,0x1828,0x1828,0x1828,0x1828,0x1828,0x1828,0x1828,0x1828,0x1828,
  0x1828,0x1828,0x1828,0x1828,0x1828,0x1828,0x1828,0x1828,0x1828,0x1828,0x1828,0x1828,0x1828,0x1828,0x1828,0x1828,
  0x1828,0x1828,0x1828,0x1828,0x1828,0x1828,0x1828,0x1828,0x1828,0x1828,0x1828,0x1828,0x1828,0x1828,0x1828,0x1828,
  0x0843,0x1827,0x0824,0x0000,0x1025,0x1024,0x0880,0x0860,0x1826,0x1828,0x1828,0x1828,0x1828,0x1828,0x1828,0x1828,
  0x1828,0x1828,0x1828,0x1828,0x1828,0x1828,0x1828,0x1828,0x1828,0x1828,0x1828,0x1828,0x1828,0x1828,0x1828,0x1828,
  0x1828,0x1828,0x1828,0x1828,0x1828,0x1828,0x1828,0x1828,0x1828,0x1828,0x1828,0x1828,0x1828,0x1828,0x1828,0x1828,
  0x1828,0x1828,0x1828,0x1828,0x1828,0x1828,0x1828,0x1828,0x1828,0x1828,0x1828,0x1828,0x1828,0x1828,0x1828,0x1828,
  0x1828,0x1828,0x1828,0x1828,0x1828,0x1828,0x1828,0x1828,0x2048,0x1828,0x1828,0x1828,0x1828,0x1828,0x1828,0x1828,
  0x1828,0x1828,0x1828,0x1828,0x1828,0x1828,0x1828,0x1828,0x1828,0x1828,0x1828,0x1828,0x1828,0x1828,0x1828,0x1828,
  0x1828,0x1828,0x1828,0x1828,0x1828,0x1828,0x1828,0x1828,0x1828,0x1828,0x1828,0x1828,0x1828,0x1828,0x1828,0x1828,
  0x1828,0x1828,0x1828,0x1828,0x1828,0x1828,0x1828,0x1828,0x1828,0x1828,0x1828,0x1828,0x1828,0x1828,0x1828,0x1828,
  0x1828,0x1828,0x1828,0x1828,0x1828,0x1828,0x1828,0x1828,0x1828,0x1828,0x1828,0x1828,0x1828,0x1828,0x1828,0x1828,
  0x1828,0x1828,0x1828,0x1828,0x1828,0x1828,0x1828,0x1828,0x1828,0x1828,0x1828,0x1828,0x1828,0x1828,0x1828,0x1828,
  0x0822,0x1827,0x1846,0x0000,0x1026,0x1828,0x0841,0x0040,0x1027,0x1828,0x1848,0x1828,0x1828,0x1828,0x1828,0x1828,
  0x1828,0x1828,0x1828,0x1828,0x1828,0x1828,0x1828,0x1828,0x1828,0x1828,0x1828,0x1828,0x1828,0x1828,0x1828,0x1828,
  0x1828,0x1828,0x1828,0x1828,0x1828,0x1828,0x1828,0x1828,0x1828,0x1828,0x1828,0x1828,0x1828,0x1828,0x1828,0x1828,
  0x1828,0x1828,0x1828,0x1828,0x1828,0x1828,0x1828,0x1828,0x1828,0x1828,0x1828,0x1828,0x1828,0x1828,0x1827,0x1026,
  0x1827,0x1828,0x1828,0x1828,0x1828,0x1828,0x1828,0x1828,0x1848,0x1828,0x1828,0x1828,0x1828,0x1828,0x1828,0x1828,
  0x1828,0x1828,0x1828,0x1828,0x1828,0x1828,0x1828,0x1828,0x1828,0x1828,0x1828,0x1828,0x1828,0x1828,0x1828,0x1828,
  0x1828,0x1828,0x1828,0x1828,0x1828,0x1828,0x1828,0x1828,0x1828,0x1828,0x1828,0x1828,0x1828,0x1828,0x1828,0x1828,
  0x1828,0x1828,0x1828,0x1828,0x1828,0x1828,0x1828,0x1828,0x1828,0x1828,0x1828,0x1828,0x1828,0x1828,0x1828,0x1828,
  0x1828,0x1828,0x1828,0x1828,0x1828,0x1828,0x1828,0x1828,0x1828,0x1828,0x1828,0x1828,0x1828,0x1828,0x1828,0x1828,
  0x1828,0x1828,0x1828,0x1828,0x1828,0x1848,0x1828,0x1828,0x1828,0x1828,0x1828,0x1828,0x1828,0x1828,0x1828,0x1828,
  0x0842,0x1828,0x1848,0x0802,0x1024,0x1828,0x0021,0x0021,0x1828,0x1828,0x1828,0x1828,0x1828,0x1828,0x1828,0x1828,
  0x1828,0x1828,0x1828,0x2089,0x1828,0x1828,0x1828,0x1828,0x1828,0x1828,0x1828,0x1828,0x1828,0x1828,0x1827,0x1827,
  0x1828,0x1828,0x1828,0x1828,0x1828,0x1828,0x1828,0x1828,0x1828,0x1828,0x1828,0x1828,0x1828,0x1828,0x1828,0x1828,
  0x1828,0x1828,0x1828,0x1828,0x1828,0x1828,0x0825,0x0843,0x1026,0x1828,0x1828,0x1828,0x1828,0x1026,0x0862,0x0881,
  0x0842,0x1827,0x1828,0x1828,0x1828,0x1828,0x1828,0x1828,0x1828,0x1828,0x1828,0x1828,0x1828,0x1828,0x1828,0x1828,
  0x1828,0x1828,0x1828,0x1828,0x1828,0x1828,0x1828,0x1828,0x1828,0x1828,0x1828,0x1828,0x1828,0x1828,0x1828,0x1828,
  0x1828,0x1828,0x1828,0x1828,0x1828,0x1828,0x1828,0x1828,0x1828,0x1828,0x1828,0x1828,0x1828,0x1828,0x1828,0x1828,
  0x1828,0x1828,0x1828,0x1828,0x1828,0x1828,0x1828,0x1828,0x1828,0x1828,0x1828,0x1828,0x1828,0x1828,0x1828,0x1828,
  0x1828,0x1828,0x1828,0x1828,0x1828,0x1828,0x1828,0x1828,0x1828,0x1828,0x1828,0x1828,0x1828,0x1828,0x1828,0x1828,
  0x1828,0x1828,0x1828,0x1828,0x1828,0x1848,0x1828,0x1828,0x1828,0x1828,0x1828,0x1828,0x1828,0x1828,0x1828,0x1828,
  0x0842,0x1828,0x1828,0x1026,0x1027,0x1828,0x0804,0x1026,0x1828,0x1828,0x1828,0x1828,0x1828,0x1828,0x1828,0x1828,
  0x1828,0x1828,0x1828,0x1828,0x1828,0x1828,0x1828,0x1828,0x1828,0x1828,0x1828,0x1828,0x1828,0x1827,0x0842,0x0883,
  0x1026,0x1828,0x1828,0x1828,0x1828,0x1025,0x0863,0x0843,0x1046,0x1828,0x1828,0x1828,0x1828,0x1828,0x1828,0x1828,
  0x1828,0x1828,0x1828,0x1828,0x1827,0x1828,0x1025,0x0861,0x08A1,0x1045,0x1828,0x1828,0x1065,0x08C1,0x08C0,0x0041,
  0x1045,0x1828,0x1828,0x1828,0x1828,0x1828,0x1828,0x1828,0x1828,0x1828,0x1828,0x1828,0x1828,0x1828,0x1828,0x1828,
  0x1828,0x1828,0x1828,0x1828,0x1828,0x1828,0x1828,0x1828,0x1828,0x1828,0x1828,0x1828,0x1828,0x1828,0x1828,0x1828,
  0x1828,0x1828,0x1828,0x1828,0x1828,0x1828,0x1828,0x1828,0x1828,0x1828,0x1828,0x1828,0x1828,0x1828,0x1828,0x1828,
  0x1828,0x1828,0x1828,0x1828,0x1828,0x1828,0x1828,0x1828,0x1828,0x1828,0x1828,0x1828,0x1828,0x1828,0x1828,0x1828,
  0x1828,0x1828,0x1828,0x1828,0x1828,0x1828,0x1828,0x1828,0x1828,0x1828,0x1828,0x1828,0x1828,0x1828,0x1828,0x1828,
  0x1828,0x1828,0x1828,0x1828,0x1828,0x1828,0x1828,0x1828,0x1828,0x1828,0x1828,0x1828,0x1828,0x1828,0x1828,0x1828,
  0x1045,0x1826,0x1044,0x1025,0x1828,0x1828,0x1848,0x1828,0x1828,0x1026,0x1026,0x1828,0x1828,0x1828,0x1828,0x1828,
  0x1828,0x1828,0x1828,0x1828,0x1828,0x1828,0x1828,0x1828,0x1828,0x1828,0x1828,0x1828,0x1828,0x1828,0x1045,0x0881,
  0x10E2,0x1846,0x1828,0x1828,0x1065,0x08C1,0x00A0,0x0862,0x1827,0x1828,0x1828,0x1828,0x1828,0x1828,0x1828,0x1828,
  0x1828,0x1827,0x1064,0x1083,0x0882,0x1083,0x1846,0x1025,0x08A0,0x1102,0x1025,0x1045,0x08A1,0x0060,0x0020,0x1026,
  0x1828,0x1828,0x1828,0x1828,0x1828,0x1828,0x1828,0x1828,0x1828,0x1828,0x1828,0x1828,0x1828,0x1828,0x1828,0x1828,
  0x1828,0x1828,0x1828,0x1828,0x1828,0x1828,0x1828,0x1828,0x1828,0x1828,0x1828,0x1828,0x1828,0x1828,0x1828,0x1828,
  0x1828,0x1828,0x1828,0x1828,0x1828,0x1828,0x1828,0x1828,0x1828,0x1828,0x1828,0x1828,0x1828,0x1828,0x1828,0x1828,
  0x1828,0x1828,0x1828,0x1828,0x1828,0x1828,0x2069,0x1848,0x1828,0x1828,0x1828,0x1828,0x1828,0x1828,0x1828,0x1828,
  0x1828,0x1828,0x1828,0x1828,0x1828,0x1828,0x1828,0x1828,0x1828,0x1828,0x1828,0x1828,0x1828,0x1828,0x1828,0x1828,
  0x1828,0x1828,0x1828,0x1828,0x1828,0x1828,0x1828,0x1828,0x1828,0x1828,0x1828,0x2048,0x1828,0x1828,0x1828,0x1828,
  0x1826,0x1026,0x0861,0x08C0,0x10A3,0x1847,0x1829,0x1828,0x1044,0x0881,0x0823,0x1828,0x1828,0x1828,0x1828,0x1828,
  0x1828,0x1828,0x1828,0x1828,0x1828,0x1828,0x1828,0x1828,0x1828,0x1828,0x1828,0x1827,0x1044,0x1045,0x1827,0x0804,
  0x08E0,0x10C2,0x1807,0x1045,0x08A1,0x0080,0x0842,0x1827,0x1828,0x1828,0x1828,0x1828,0x1828,0x1828,0x1828,0x1828,
  0x1828,0x0823,0x0881,0x0080,0x08A0,0x1101,0x1122,0x1884,0x0843,0x1121,0x0862,0x0841,0x0060,0x0000,0x0823,0x1826,
  0x1026,0x1827,0x1828,0x1828,0x1828,0x1828,0x1828,0x1828,0x1828,0x1828,0x1828,0x1828,0x1828,0x1828,0x1828,0x1828,
  0x1828,0x1828,0x1828,0x1828,0x1828,0x1828,0x1828,0x1828,0x1828,0x1828,0x1828,0x1828,0x1828,0x1828,0x1828,0x1828,
  0x1828,0x1828,0x1828,0x1828,0x1828,0x1828,0x1828,0x1828,0x1828,0x1828,0x1828,0x1828,0x1828,0x1828,0x1828,0x1828,
  0x1828,0x1828,0x1828,0x1828,0x1828,0x1828,0x1828,0x1828,0x1828,0x1828,0x1828,0x1828,0x1828,0x1828,0x1828,0x1828,
  0x1828,0x1828,0x1828,0x1828,0x1828,0x1828,0x1828,0x1828,0x1828,0x1828,0x1828,0x1828,0x1828,0x1828,0x1828,0x1828,
  0x1828,0x1828,0x1828,0x1828,0x1828,0x1828,0x1828,0x1828,0x1828,0x1828,0x1828,0x1828,0x1828,0x1828,0x1828,0x1828,
  0x2028,0x2028,0x1826,0x0041,0x00C0,0x10A2,0x1826,0x1845,0x10E1,0x0862,0x1827,0x1045,0x1063,0x1064,0x1845,0x2027,
  0x2028,0x2028,0x2028,0x2028,0x2028,0x2028,0x2028,0x2028,0x2028,0x2028,0x1826,0x0882,0x08C1,0x10E1,0x10C3,0x1064,
  0x0020,0x1921,0x1043,0x0861,0x0040,0x0021,0x1845,0x2047,0x1827,0x2028,0x2028,0x2028,0x2028,0x2028,0x2028,0x2028,
  0x2028,0x2027,0x1827,0x0803,0x0823,0x1044,0x08A1,0x1922,0x0861,0x10C1,0x0881,0x0080,0x0040,0x0000,0x0861,0x08A1,
  0x08A2,0x08A2,0x1044,0x2028,0x2028,0x2028,0x2028,0x2028,0x2028,0x2028,0x2028,0x2028,0x2028,0x2028,0x2028,0x2028,
  0x2028,0x2028,0x2028,0x2028,0x2028,0x2028,0x2028,0x2028,0x2028,0x2028,0x2028,0x2028,0x2028,0x2028,0x2028,0x2028,
  0x2028,0x2028,0x2028,0x2028,0x2028,0x2028,0x2028,0x2028,0x2028,0x2028,0x2028,0x2028,0x2028,0x2028,0x2028,0x2028,
  0x2028,0x2028,0x2028,0x2028,0x2028,0x2028,0x2028,0x2028,0x2028,0x2028,0x2028,0x2028,0x2028,0x2028,0x2028,0x2028,
  0x2028,0x2028,0x2028,0x2028,0x2028,0x2028,0x2028,0x2028,0x2028,0x2028,0x2028,0x2028,0x2028,0x2028,0x2028,0x2028,
  0x2028,0x2028,0x2028,0x2028,0x2028,0x2028,0x2028,0x2028,0x2028,0x2028,0x2028,0x2028,0x2028,0x2028,0x2028,0x2028,
  0x2828,0x2028,0x2828,0x1825,0x0000,0x0880,0x0842,0x10A3,0x10E1,0x1024,0x18A4,0x1121,0x08E0,0x08A0,0x0881,0x1025,
  0x2028,0x2028,0x2028,0x2028,0x2028,0x2028,0x2028,0x2028,0x2828,0x2028,0x1062,0x0080,0x0060,0x0080,0x08A0,0x10E1,
  0x0841,0x10E1,0x0881,0x0881,0x0000,0x0021,0x0882,0x08A1,0x08A2,0x1064,0x2028,0x2828,0x2828,0x2828,0x2828,0x2028,
  0x2028,0x2828,0x2829,0x2849,0x2027,0x1825,0x0001,0x0880,0x10E1,0x0861,0x0881,0x0040,0x0880,0x08C0,0x00A0,0x0040,
  0x0040,0x00A0,0x08C1,0x1826,0x2829,0x2828,0x2848,0x2848,0x2828,0x2828,0x2828,0x2828,0x2828,0x2028,0x2027,0x2027,
  0x2027,0x2008,0x2028,0x2828,0x2828,0x2828,0x2828,0x2028,0x2028,0x2028,0x2028,0x2028,0x2028,0x2828,0x2828,0x2828,
  0x2828,0x2828,0x2828,0x2028,0x2028,0x2828,0x2828,0x2828,0x2828,0x2828,0x2828,0x2828,0x2028,0x2828,0x2828,0x2028,
  0x2828,0x2828,0x2828,0x2028,0x2028,0x2828,0x2828,0x2828,0x2828,0x2828,0x2828,0x2828,0x2828,0x2828,0x2828,0x2828,
  0x2828,0x2828,0x2828,0x2828,0x2828,0x2828,0x2828,0x2828,0x2828,0x2028,0x2028,0x2028,0x2028,0x2028,0x2028,0x2028,
  0x2828,0x2828,0x2828,0x2028,0x2028,0x2028,0x2028,0x2028,0x2028,0x2028,0x2028,0x2028,0x2028,0x2828,0x2828,0x2828,
  0x1845,0x1083,0x10A3,0x1063,0x0001,0x0000,0x0060,0x08A1,0x0881,0x10A2,0x1101,0x1082,0x1043,0x1023,0x2047,0x2027,
  0x2828,0x2828,0x2828,0x2028,0x2028,0x2028,0x2028,0x2028,0x2028,0x2027,0x0822,0x1845,0x1825,0x1023,0x0802,0x0040,
  0x08C1,0x0881,0x0861,0x0040,0x0060,0x0080,0x0080,0x0060,0x0080,0x08E0,0x1865,0x2828,0x2828,0x2828,0x2028,0x2028,
  0x2028,0x2828,0x2028,0x1845,0x10A2,0x08E0,0x10C1,0x0881,0x0060,0x0020,0x0000,0x0020,0x0880,0x0040,0x0001,0x1023,
  0x0001,0x0021,0x08C0,0x1063,0x2828,0x2828,0x2828,0x2828,0x2828,0x2828,0x2028,0x2828,0x2027,0x20C6,0x41E8,0x4A29,
  0x4A29,0x41E9,0x2888,0x2028,0x2028,0x2028,0x2028,0x2828,0x2828,0x2828,0x2028,0x2028,0x2028,0x2828,0x2828,0x2828,
  0x2828,0x2028,0x2028,0x2028,0x2828,0x2828,0x2828,0x2828,0x2828,0x2828,0x2828,0x2028,0x2028,0x2028,0x2028,0x2028,
  0x2028,0x2028,0x2028,0x2028,0x2028,0x2828,0x2828,0x2828,0x2828,0x2028,0x2028,0x2028,0x2828,0x2828,0x2828,0x2028,
  0x2028,0x2028,0x2828,0x2828,0x2028,0x2828,0x2828,0x2828,0x2828,0x2028,0x2028,0x2028,0x2028,0x2028,0x2028,0x2028,
  0x2028,0x2028,0x2028,0x2028,0x2028,0x2028,0x2828,0x2028,0x2028,0x2028,0x2028,0x2028,0x2028,0x2028,0x2028,0x2028,
  0x10A1,0x08C0,0x00A0,0x00A0,0x08E1,0x08A1,0x0040,0x0060,0x0860,0x10C1,0x0040,0x1043,0x1826,0x2028,0x2029,0x2028,
  0x2028,0x2028,0x2028,0x2028,0x2028,0x2028,0x2028,0x2028,0x2028,0x2028,0x2028,0x2029,0x2029,0x2028,0x1825,0x0822,
  0x0040,0x0020,0x0000,0x0040,0x0080,0x0020,0x0822,0x1022,0x0821,0x0880,0x10C2,0x2027,0x2028,0x2028,0x2028,0x2028,
  0x2028,0x2027,0x1064,0x10E1,0x08E1,0x08C0,0x0880,0x0080,0x0060,0x0060,0x0000,0x0020,0x0040,0x0020,0x0842,0x1044,
  0x1825,0x2027,0x1043,0x1063,0x2028,0x2028,0x2028,0x2028,0x2028,0x2028,0x2048,0x2028,0x2888,0x39E7,0x4227,0x5288,
  0x5288,0x5AE9,0x524A,0x2028,0x2028,0x2028,0x2028,0x2028,0x2028,0x2028,0x2028,0x2028,0x2028,0x2028,0x2028,0x2028,
  0x2028,0x2028,0x2028,0x2028,0x2028,0x2028,0x2028,0x2028,0x2028,0x2028,0x2028,0x2028,0x2028,0x2028,0x2028,0x2028,
  0x2028,0x2028,0x2028,0x2028,0x2028,0x2028,0x2028,0x2028,0x2028,0x2028,0x2028,0x2028,0x2028,0x2028,0x2028,0x2028,
  0x2028,0x2028,0x2028,0x2028,0x2028,0x2028,0x2028,0x2028,0x2028,0x2028,0x2028,0x2028,0x2028,0x2028,0x2028,0x2028,
  0x2028,0x2028,0x2028,0x2028,0x2028,0x2028,0x2028,0x2028,0x2028,0x2028,0x2028,0x2028,0x2028,0x2028,0x2028,0x2028,
  0x08A0,0x0821,0x0822,0x1043,0x0060,0x08A0,0x0040,0x0000,0x0020,0x0861,0x08C1,0x1101,0x10E1,0x1083,0x2027,0x2829,
  0x2828,0x2828,0x2028,0x2028,0x2028,0x2028,0x2828,0x2828,0x2028,0x2028,0x2828,0x2828,0x1826,0x0862,0x08C1,0x0080,
  0x0040,0x0040,0x0000,0x0040,0x0060,0x0040,0x1083,0x1064,0x1825,0x1825,0x0862,0x2026,0x2828,0x2828,0x2828,0x2828,
  0x2828,0x1044,0x08E1,0x0080,0x0880,0x0000,0x0821,0x0000,0x0040,0x0880,0x0040,0x0040,0x0861,0x0020,0x0880,0x08E0,
  0x08A1,0x1043,0x2025,0x2026,0x2028,0x2028,0x2028,0x2028,0x2828,0x2828,0x2828,0x2028,0x2887,0x2945,0x31A5,0x4206,
  0x4206,0x4206,0x41C6,0x2027,0x2028,0x2828,0x2828,0x2828,0x2828,0x2828,0x2828,0x2828,0x2828,0x2828,0x2828,0x2828,
  0x2828,0x2828,0x2828,0x2828,0x2828,0x2828,0x2828,0x2828,0x2828,0x2828,0x2828,0x2028,0x28C8,0x2048,0x2828,0x2828,
  0x2828,0x2828,0x2028,0x2028,0x2028,0x2828,0x2828,0x2828,0x2828,0x2828,0x2828,0x2828,0x2828,0x2828,0x2828,0x2828,
  0x2828,0x2828,0x2828,0x2828,0x2828,0x2828,0x2028,0x2028,0x2028,0x2028,0x2028,0x2828,0x2828,0x2828,0x2828,0x2828,
  0x2028,0x2828,0x2028,0x2028,0x2028,0x2028,0x2028,0x2028,0x2028,0x2028,0x2028,0x2028,0x2028,0x2028,0x2028,0x2828,
  0x1063,0x2025,0x1043,0x1062,0x0040,0x0060,0x0020,0x0020,0x0060,0x0060,0x0060,0x0060,0x08C1,0x1121,0x10A3,0x2027,
  0x2829,0x2828,0x2828,0x2828,0x2828,0x2828,0x2828,0x2828,0x2828,0x2828,0x2828,0x1825,0x10C1,0x08E0,0x08A0,0x0020,
  0x0020,0x0881,0x0040,0x0881,0x0060,0x0060,0x08A0,0x08C1,0x0861,0x1824,0x2026,0x2828,0x2828,0x2828,0x2828,0x2828,
  0x2027,0x0881,0x08A0,0x0801,0x0001,0x1022,0x1063,0x08E1,0x08C1,0x0060,0x0000,0x0080,0x1102,0x0020,0x0000,0x0080,
  0x08C0,0x00C0,0x0882,0x2827,0x2828,0x2828,0x2828,0x1825,0x1845,0x3028,0x2828,0x2829,0x2867,0x2104,0x39C6,0x5288,
  0x5288,0x52A8,0x41C7,0x2827,0x2828,0x2828,0x2828,0x2828,0x2828,0x2828,0x2828,0x2828,0x2828,0x2828,0x2828,0x2828,
  0x2828,0x2828,0x2828,0x2828,0x2828,0x2828,0x2828,0x2828,0x2828,0x2828,0x2828,0x2828,0x2907,0x2848,0x2828,0x2828,
  0x2828,0x2828,0x2828,0x2828,0x2828,0x2828,0x2828,0x2828,0x2828,0x2828,0x2828,0x2828,0x2828,0x2828,0x2828,0x2828,
  0x2828,0x2828,0x2828,0x2828,0x2828,0x2828,0x2828,0x2828,0x2828,0x2828,0x2828,0x2828,0x2828,0x2828,0x2828,0x2828,
  0x2828,0x2828,0x2828,0x2828,0x2828,0x2828,0x2828,0x2828,0x2828,0x2828,0x2828,0x2828,0x2828,0x2828,0x2828,0x2828,
  0x2045,0x0861,0x00A0,0x08A0,0x0040,0x0060,0x0881,0x0020,0x0881,0x0080,0x0841,0x0802,0x0020,0x0040,0x08A0,0x1063,
  0x2828,0x2828,0x2828,0x3029,0x2828,0x2828,0x3029,0x2828,0x2828,0x2828,0x2828,0x0862,0x08E1,0x0040,0x0000,0x0040,
  0x10E1,0x0060,0x0000,0x10E1,0x08C1,0x0000,0x0000,0x0060,0x08C0,0x08A0,0x2046,0x3029,0x2808,0x2808,0x2808,0x2828,
  0x1845,0x0060,0x1023,0x2828,0x2026,0x1043,0x08A0,0x08C1,0x0881,0x0020,0x0000,0x0881,0x0921,0x08A1,0x0001,0x0000,
  0x0020,0x00A0,0x08C0,0x1844,0x1825,0x0861,0x10A3,0x1864,0x1082,0x2046,0x2828,0x2827,0x2066,0x2125,0x31A6,0x4A48,
  0x4207,0x5288,0x4A08,0x2807,0x2828,0x2828,0x2828,0x2828,0x2828,0x2828,0x2828,0x2828,0x2828,0x2828,0x2828,0x2828,
  0x2828,0x2828,0x2828,0x2828,0x2828,0x2828,0x2828,0x2828,0x2828,0x2828,0x2808,0x2868,0x31E6,0x2887,0x2808,0x2828,
  0x2828,0x2828,0x2828,0x2828,0x2808,0x2828,0x2808,0x2828,0x2828,0x2828,0x2828,0x2828,0x2828,0x2828,0x2828,0x2828,
  0x2828,0x2828,0x2828,0x2828,0x2828,0x2828,0x2828,0x2828,0x2828,0x2828,0x2828,0x2828,0x2828,0x2828,0x2828,0x2828,
  0x2828,0x2828,0x2828,0x2828,0x2828,0x2828,0x2828,0x2828,0x2828,0x2828,0x2828,0x2828,0x2828,0x2828,0x2828,0x2828,
  0x08A1,0x08C0,0x00A0,0x0040,0x0000,0x08C1,0x08C1,0x0000,0x0040,0x08C1,0x10E1,0x1062,0x1824,0x2025,0x1042,0x0060,
  0x2026,0x2826,0x1063,0x3028,0x3028,0x2026,0x2046,0x3028,0x3008,0x3009,0x2026,0x08A0,0x0860,0x0000,0x0060,0x08C1,
  0x0881,0x0000,0x0000,0x0080,0x08E1,0x0841,0x0801,0x0020,0x0060,0x08E0,0x18A3,0x3008,0x3809,0x2827,0x1063,0x2025,
  0x1024,0x1024,0x3029,0x3809,0x2827,0x0861,0x08A0,0x0020,0x0000,0x0000,0x0000,0x0040,0x0901,0x08A0,0x2045,0x1003,
  0x0000,0x0020,0x0880,0x1063,0x2827,0x1023,0x08A1,0x10C2,0x0881,0x0861,0x0842,0x0881,0x08A2,0x1904,0x39A7,0x5268,
  0x4A68,0x52A9,0x49E8,0x3008,0x3009,0x3009,0x3008,0x3009,0x3009,0x3008,0x3009,0x3009,0x3009,0x3009,0x3008,0x3008,
  0x3008,0x3008,0x3009,0x3009,0x3009,0x3008,0x3008,0x3009,0x3008,0x3009,0x3008,0x40C7,0x7AE7,0x48E6,0x3008,0x3009,
  0x3009,0x3008,0x3008,0x3009,0x3009,0x3008,0x3009,0x3008,0x3009,0x3009,0x3009,0x3009,0x3009,0x3009,0x3009,0x3009,
  0x3009,0x3009,0x3009,0x3009,0x3009,0x3009,0x3009,0x3009,0x3009,0x3009,0x3008,0x3008,0x3008,0x3009,0x3009,0x3009,
  0x3009,0x3009,0x3009,0x3009,0x3009,0x3009,0x3009,0x3009,0x3008,0x3009,0x3009,0x3009,0x3009,0x3009,0x3009,0x3008,
  0x08C0,0x0060,0x0000,0x0801,0x1042,0x08E1,0x08A0,0x0000,0x0000,0x0020,0x0880,0x08C0,0x1844,0x3809,0x3028,0x0822,
  0x0862,0x1864,0x0861,0x1863,0x1843,0x08A1,0x0881,0x2025,0x3009,0x3009,0x2045,0x00A0,0x1023,0x1863,0x08E1,0x0040,
  0x0000,0x0000,0x0000,0x0040,0x0901,0x0881,0x2826,0x0801,0x0000,0x0040,0x08A1,0x3008,0x3008,0x1083,0x0860,0x2006,
  0x2807,0x2807,0x3809,0x3809,0x2044,0x00A0,0x0861,0x0801,0x0000,0x0000,0x0000,0x0000,0x08A1,0x0901,0x2064,0x2826,
  0x0801,0x1023,0x0060,0x1062,0x2846,0x1863,0x0040,0x0860,0x0020,0x0040,0x0040,0x1043,0x1863,0x0881,0x3186,0x4A48,
  0x4A48,0x5AEA,0x5229,0x3008,0x3009,0x3008,0x3008,0x3008,0x3008,0x3009,0x3009,0x3009,0x3009,0x3009,0x3009,0x3009,
  0x3009,0x3009,0x3009,0x3009,0x3009,0x3008,0x3008,0x3009,0x3008,0x3009,0x3008,0x48E7,0x7A66,0x48E6,0x3008,0x3008,
  0x3008,0x3009,0x3009,0x3009,0x3009,0x3008,0x3009,0x3009,0x3009,0x3008,0x3008,0x3008,0x3009,0x3009,0x3009,0x3009,
  0x3009,0x3009,0x3009,0x3009,0x3009,0x3009,0x3008,0x3008,0x3009,0x3009,0x3009,0x3009,0x3008,0x3008,0x3008,0x3008,
  0x3009,0x3009,0x3009,0x3009,0x3009,0x3009,0x3009,0x3008,0x3008,0x3008,0x3008,0x3008,0x3008,0x3009,0x3009,0x3009,
  0x0881,0x0821,0x0000,0x2045,0x1883,0x1101,0x0040,0x0000,0x0000,0x0000,0x0000,0x0881,0x1082,0x3808,0x400A,0x3027,
  0x1042,0x0040,0x0020,0x0861,0x0040,0x1023,0x2806,0x3006,0x3808,0x4009,0x1844,0x1062,0x3027,0x1082,0x08C0,0x0821,
  0x0801,0x0000,0x0000,0x0000,0x10E1,0x08E1,0x3026,0x2024,0x0841,0x0841,0x0041,0x2806,0x2866,0x08C1,0x1002,0x2025,
  0x1043,0x0862,0x2044,0x3027,0x1082,0x0080,0x2024,0x1823,0x0000,0x0000,0x0821,0x0801,0x0861,0x0901,0x1062,0x3828,
  0x1823,0x3047,0x1843,0x0020,0x0040,0x0080,0x08C0,0x08A1,0x0000,0x0060,0x08A1,0x10A2,0x1884,0x1904,0x31A6,0x52A9,
  0x5289,0x5AEA,0x5229,0x3808,0x3808,0x3808,0x3808,0x3808,0x3808,0x3808,0x3808,0x3808,0x3808,0x3808,0x3808,0x3808,
  0x3808,0x3808,0x3808,0x3808,0x3808,0x3808,0x3808,0x3808,0x3808,0x3828,0x3008,0x48C7,0x6A26,0x40C5,0x3808,0x3809,
  0x3808,0x3809,0x3808,0x3808,0x3808,0x3808,0x3808,0x3808,0x3808,0x3808,0x3808,0x3808,0x3808,0x3808,0x3808,0x3808,
  0x3808,0x3808,0x3808,0x3808,0x3808,0x3808,0x3808,0x3808,0x3808,0x3808,0x3808,0x3808,0x3808,0x3028,0x3828,0x3809,
  0x3809,0x3809,0x3808,0x3808,0x3808,0x3808,0x3808,0x3808,0x3808,0x3808,0x3808,0x3808,0x3808,0x3808,0x3808,0x3808,
  0x0861,0x2044,0x1023,0x3026,0x10C2,0x10E1,0x0801,0x0000,0x0000,0x0000,0x1843,0x1042,0x08A0,0x3046,0x3027,0x1062,
  0x08A1,0x0060,0x0000,0x0020,0x0860,0x0881,0x1082,0x3027,0x4809,0x4809,0x2805,0x2004,0x4009,0x1082,0x00A0,0x1823,
  0x1823,0x1843,0x0000,0x0000,0x10A2,0x1121,0x2024,0x1823,0x0840,0x0861,0x0060,0x0801,0x1042,0x0020,0x1022,0x0881,
  0x0080,0x0861,0x1042,0x2825,0x1062,0x0020,0x3827,0x1804,0x1822,0x1021,0x1842,0x1823,0x0822,0x08E1,0x1082,0x4009,
  0x3026,0x3828,0x2024,0x0801,0x1042,0x0060,0x0040,0x0060,0x0060,0x0860,0x0020,0x0060,0x08E0,0x18E3,0x4208,0x5AAA,
  0x5289,0x5ACA,0x5208,0x4008,0x4009,0x4008,0x4008,0x4008,0x4008,0x4009,0x4009,0x4008,0x4008,0x4008,0x4008,0x4008,
  0x4008,0x4009,0x4009,0x4009,0x4009,0x4009,0x4009,0x4009,0x4009,0x4008,0x48C7,0x6A06,0x7A86,0x5985,0x3886,0x4008,
  0x4009,0x4009,0x4009,0x4009,0x4009,0x4009,0x4009,0x4009,0x4009,0x4009,0x4009,0x4009,0x4008,0x4008,0x4008,0x4008,
  0x4008,0x4009,0x4009,0x4009,0x4009,0x4008,0x4008,0x4008,0x4009,0x3848,0x31C9,0x31A8,0x2127,0x2127,0x2908,0x3848,
  0x4009,0x4009,0x4009,0x4009,0x4009,0x4009,0x4009,0x4009,0x4009,0x4009,0x4009,0x4009,0x4009,0x4009,0x4008,0x4008,
  0x0000,0x0822,0x3026,0x3826,0x10C1,0x10C2,0x1022,0x1842,0x0821,0x1022,0x2825,0x2825,0x0040,0x2044,0x1822,0x0861,
  0x0020,0x0040,0x0040,0x0040,0x0860,0x0060,0x0881,0x1082,0x4008,0x4809,0x4008,0x4008,0x4008,0x1082,0x0881,0x3026,
  0x2825,0x2024,0x1040,0x1823,0x1062,0x08C0,0x2825,0x3808,0x3025,0x1823,0x0020,0x0040,0x0000,0x0000,0x0060,0x0040,
  0x1823,0x4008,0x4008,0x4008,0x1023,0x1803,0x4029,0x3006,0x2845,0x1021,0x1822,0x3026,0x3025,0x1081,0x2044,0x4809,
  0x4008,0x4008,0x3807,0x3047,0x18E3,0x0040,0x0060,0x08C0,0x0880,0x08A1,0x0060,0x0841,0x1864,0x0881,0x39E7,0x5AEB,
  0x5ACA,0x630A,0x5228,0x4008,0x4809,0x4009,0x4008,0x4009,0x4009,0x4009,0x4009,0x4009,0x4009,0x4009,0x4009,0x4009,
  0x4009,0x4009,0x4009,0x4009,0x4009,0x4009,0x4009,0x4009,0x4809,0x4008,0x61A6,0x7A85,0x7266,0x6A25,0x4924,0x4028,
  0x4809,0x4009,0x4009,0x4009,0x4009,0x4009,0x4009,0x4009,0x4009,0x4009,0x4009,0x4009,0x4009,0x4009,0x4009,0x4009,
  0x4009,0x4009,0x4009,0x4009,0x4009,0x4009,0x4009,0x4009,0x4809,0x3848,0x2AA9,0x2207,0x1946,0x1966,0x1946,0x3848,
  0x4009,0x4009,0x4009,0x4009,0x4009,0x4009,0x4009,0x4009,0x4009,0x4009,0x4009,0x4009,0x4009,0x4009,0x4009,0x4009,
  0x1021,0x0000,0x3845,0x2844,0x0841,0x0020,0x1842,0x1843,0x0820,0x2845,0x3827,0x4829,0x1022,0x3025,0x4027,0x1822,
  0x0020,0x08C1,0x0040,0x08A1,0x0040,0x08A0,0x2064,0x2024,0x3807,0x4809,0x4808,0x4809,0x4809,0x2024,0x1823,0x4829,
  0x4008,0x2024,0x1041,0x3045,0x3046,0x0821,0x4028,0x3827,0x1082,0x08A1,0x0881,0x0040,0x0000,0x0040,0x0020,0x0821,
  0x1864,0x3827,0x4809,0x4809,0x2825,0x3826,0x4809,0x4008,0x2024,0x0820,0x2023,0x4008,0x4808,0x2024,0x2805,0x4809,
  0x4009,0x4009,0x4008,0x1863,0x0881,0x1022,0x08C1,0x0060,0x0020,0x08A1,0x0060,0x1082,0x3086,0x2105,0x3186,0x5A89,
  0x5268,0x5AA8,0x5208,0x4008,0x4809,0x4009,0x4809,0x4809,0x4809,0x4809,0x4809,0x4809,0x4809,0x4809,0x4809,0x4809,
  0x4809,0x4809,0x4809,0x4809,0x4809,0x4809,0x4809,0x4809,0x4809,0x3807,0x61C6,0x6A05,0x6A05,0x6A26,0x4104,0x4027,
  0x4809,0x4809,0x4809,0x4809,0x4809,0x4009,0x4009,0x4009,0x4009,0x4009,0x4009,0x4009,0x4008,0x4008,0x4009,0x4009,
  0x4009,0x4009,0x4009,0x4009,0x4009,0x4009,0x4009,0x4009,0x4809,0x3848,0x2A88,0x21E7,0x1946,0x1966,0x2147,0x3848,
  0x4809,0x4009,0x4009,0x4009,0x4009,0x4809,0x4809,0x4009,0x4009,0x4009,0x4009,0x4009,0x4009,0x4009,0x4009,0x4809,
  0x1021,0x0000,0x0800,0x1021,0x1042,0x0000,0x0000,0x0821,0x0840,0x2825,0x5009,0x5809,0x3827,0x4808,0x3826,0x0020,
  0x08A1,0x0060,0x0000,0x0880,0x1081,0x0040,0x10C2,0x4828,0x580A,0x5009,0x5009,0x5009,0x580A,0x4828,0x4027,0x5009,
  0x5009,0x3025,0x0820,0x3025,0x4829,0x3827,0x4027,0x1061,0x0060,0x0020,0x0040,0x0861,0x0020,0x0020,0x0060,0x0080,
  0x00A0,0x08A1,0x3846,0x5009,0x4828,0x4808,0x4808,0x5009,0x3025,0x1040,0x3826,0x5009,0x5009,0x4028,0x4808,0x5009,
  0x5009,0x5009,0x4028,0x0841,0x2825,0x2064,0x00C0,0x0020,0x0000,0x08A0,0x0840,0x0841,0x2885,0x2966,0x2104,0x3122,
  0x3122,0x3922,0x4184,0x4906,0x5008,0x5008,0x5009,0x5009,0x5009,0x5009,0x5009,0x5009,0x5009,0x5009,0x5009,0x5009,
  0x5009,0x5009,0x5009,0x5009,0x5009,0x5009,0x5009,0x5029,0x4809,0x5906,0x7265,0x61E5,0x6A05,0x7245,0x4964,0x48E6,
  0x5009,0x5009,0x5009,0x5009,0x5009,0x5009,0x5009,0x5009,0x5009,0x5009,0x5009,0x5009,0x5009,0x5009,0x5009,0x4809,
  0x4809,0x5009,0x5009,0x5009,0x5009,0x5009,0x5009,0x5009,0x5009,0x4048,0x2A68,0x2207,0x1946,0x1987,0x2146,0x4048,
  0x5009,0x4809,0x5009,0x4809,0x5029,0x5049,0x4809,0x5009,0x5009,0x5009,0x5009,0x5009,0x5009,0x5009,0x5009,0x5009,
  0x2063,0x0000,0x0000,0x0000,0x0000,0x0000,0x0000,0x1042,0x1061,0x3025,0x5809,0x3826,0x4828,0x4026,0x4027,0x3065,
  0x0860,0x1822,0x0000,0x0020,0x1883,0x2044,0x0880,0x4827,0x4808,0x4828,0x600A,0x4827,0x3806,0x5009,0x5809,0x5809,
  0x5809,0x3826,0x0820,0x3845,0x5809,0x5809,0x4027,0x2024,0x1882,0x00A0,0x0020,0x08A1,0x0060,0x0020,0x0020,0x0020,
  0x1042,0x0861,0x10A1,0x4027,0x5809,0x5008,0x5009,0x5809,0x3825,0x1861,0x4026,0x5809,0x4808,0x5809,0x5809,0x5809,
  0x5009,0x5809,0x4007,0x3025,0x5809,0x2043,0x0040,0x0800,0x2023,0x0881,0x2064,0x1822,0x2064,0x2166,0x2104,0x4143,
  0x4163,0x4163,0x4183,0x3944,0x4828,0x5809,0x5008,0x5009,0x5009,0x5009,0x5009,0x5009,0x5809,0x5809,0x5809,0x5809,
  0x5809,0x5009,0x5809,0x5809,0x5809,0x5809,0x5809,0x5809,0x5009,0x6126,0x6A24,0x61C4,0x61C4,0x61C4,0x4944,0x4905,
  0x5008,0x5809,0x5009,0x5009,0x5009,0x5009,0x5009,0x5009,0x5809,0x5009,0x4068,0x4048,0x5809,0x5029,0x2887,0x20A7,
  0x28C7,0x28A7,0x2047,0x4828,0x5809,0x5809,0x5009,0x5009,0x5809,0x4048,0x2268,0x21E7,0x1966,0x1986,0x2167,0x4048,
  0x5809,0x5009,0x5009,0x5009,0x5068,0x5109,0x5009,0x5809,0x5009,0x5009,0x5009,0x5009,0x5009,0x5009,0x5009,0x5009,
  0x0000,0x0000,0x0000,0x0000,0x0000,0x0000,0x0800,0x1822,0x1041,0x3044,0x4027,0x1022,0x1001,0x0800,0x5027,0x4026,
  0x1021,0x4867,0x1021,0x0841,0x2043,0x4827,0x1822,0x5028,0x3846,0x1002,0x3045,0x1001,0x3025,0x5809,0x5809,0x5809,
  0x5809,0x4006,0x0820,0x3826,0x5809,0x5809,0x5809,0x3845,0x0901,0x0040,0x0020,0x1101,0x0020,0x0000,0x0020,0x0000,
  0x1822,0x4047,0x2824,0x4026,0x6009,0x5809,0x5809,0x5809,0x3825,0x1040,0x4026,0x5809,0x2824,0x2824,0x4026,0x5008,
  0x5809,0x5809,0x5008,0x4808,0x5809,0x4848,0x0800,0x1021,0x4848,0x1042,0x3846,0x4807,0x3866,0x2186,0x2124,0x4184,
  0x49A3,0x4183,0x41A4,0x4144,0x5008,0x5809,0x5808,0x5809,0x5809,0x5808,0x5809,0x5809,0x5809,0x5808,0x5808,0x5809,
  0x5809,0x5809,0x5809,0x5809,0x5808,0x5808,0x5808,0x5809,0x5808,0x58E7,0x7286,0x6A25,0x6205,0x6A26,0x4123,0x38A5,
  0x5008,0x5809,0x5809,0x5809,0x5809,0x5809,0x5809,0x5809,0x5809,0x4048,0x1927,0x10C6,0x4848,0x4828,0x2146,0x31C6,
  0x31A6,0x31E7,0x0085,0x4028,0x6009,0x5808,0x5809,0x5809,0x5809,0x4848,0x2A68,0x21C7,0x1946,0x1966,0x1926,0x4828,
  0x5809,0x5809,0x5809,0x5809,0x4868,0x4109,0x5809,0x5809,0x5809,0x5809,0x5809,0x5809,0x5809,0x5809,0x5809,0x5809,
  0x0820,0x0821,0x0000,0x0000,0x1842,0x0000,0x1822,0x5888,0x1841,0x3044,0x4066,0x0000,0x0000,0x0000,0x4846,0x4846,
  0x4045,0x5848,0x1021,0x3865,0x3044,0x6029,0x6029,0x5848,0x2023,0x0000,0x0000,0x0800,0x3044,0x4827,0x6029,0x6029,
  0x6829,0x5047,0x0840,0x2844,0x6029,0x6029,0x684A,0x2884,0x0880,0x3846,0x18A2,0x08E1,0x0040,0x0000,0x0821,0x0020,
  0x0000,0x3025,0x682A,0x5829,0x5828,0x6029,0x5828,0x6829,0x2023,0x0840,0x5067,0x4867,0x0801,0x0000,0x1822,0x5048,
  0x6029,0x6029,0x6029,0x5828,0x4087,0x4106,0x1041,0x3844,0x5047,0x2023,0x3044,0x5047,0x5088,0x21A7,0x2944,0x49A4,
  0x49A4,0x49C4,0x5224,0x49A5,0x5828,0x6829,0x6029,0x6029,0x6029,0x6029,0x6029,0x6029,0x6029,0x6029,0x6029,0x6029,
  0x6029,0x6029,0x6029,0x6029,0x6029,0x6829,0x6829,0x6829,0x6009,0x6107,0x6A66,0x6A25,0x6A05,0x6A46,0x4124,0x38A5,
  0x6029,0x6029,0x6029,0x6029,0x6029,0x6029,0x6809,0x6809,0x6829,0x38A8,0x1927,0x08A6,0x3868,0x5869,0x2106,0x3185,
  0x39A6,0x2125,0x0885,0x4028,0x680A,0x6009,0x6009,0x6009,0x6009,0x5048,0x2A68,0x19C7,0x1926,0x1966,0x1926,0x5069,
  0x6809,0x6029,0x6029,0x6048,0x5108,0x4988,0x6048,0x6029,0x6029,0x6029,0x6029,0x6029,0x6029,0x6029,0x6009,0x6029,
  0x38A5,0x1021,0x0000,0x0000,0x1021,0x3084,0x1802,0x6869,0x2843,0x1041,0x2844,0x0821,0x0000,0x0000,0x2844,0x5848,
  0x6829,0x5046,0x1841,0x6028,0x7009,0x700A,0x7009,0x5848,0x0821,0x0000,0x0000,0x0000,0x0820,0x4046,0x6829,0x6829,
  0x7029,0x5047,0x1041,0x2042,0x5868,0x40C8,0x3107,0x1063,0x2824,0x6849,0x18A2,0x0080,0x1843,0x0000,0x1842,0x3044,
  0x0000,0x1802,0x6829,0x5828,0x2023,0x2023,0x1002,0x6068,0x2042,0x2042,0x5847,0x2023,0x0000,0x0000,0x1021,0x5067,
  0x6809,0x6809,0x6809,0x4066,0x28E4,0x2104,0x1041,0x4066,0x3865,0x0821,0x0000,0x2042,0x40A7,0x21A7,0x2944,0x51E4,
  0x5A05,0x5A05,0x5A65,0x51C5,0x6028,0x7029,0x6829,0x6829,0x6829,0x6829,0x6829,0x6829,0x7029,0x7029,0x7009,0x7009,
  0x6809,0x6809,0x6829,0x7009,0x6829,0x4828,0x4027,0x5848,0x680A,0x6907,0x6A65,0x6A25,0x6A26,0x6A46,0x4144,0x40A5,
  0x6009,0x6809,0x6809,0x6829,0x6809,0x6869,0x58C9,0x58A9,0x684A,0x30E8,0x1906,0x08A6,0x3847,0x5869,0x3147,0x41E6,
  0x4A27,0x3166,0x0865,0x4828,0x6849,0x59A9,0x5A6A,0x628A,0x6A49,0x61E8,0x4268,0x21A7,0x1926,0x1966,0x1906,0x5048,
  0x6809,0x6809,0x6849,0x5986,0x5266,0x52A6,0x5967,0x6809,0x6829,0x6829,0x6809,0x7009,0x6029,0x40C7,0x30E7,0x38A7,
  0x3064,0x1041,0x0000,0x1042,0x0800,0x2863,0x1021,0x6868,0x4044,0x1040,0x4866,0x2042,0x1842,0x2843,0x4846,0x700A,
  0x780A,0x4045,0x1861,0x6048,0x6829,0x7009,0x780A,0x4826,0x1041,0x0000,0x0000,0x0000,0x0821,0x4025,0x7829,0x7009,
  0x7009,0x6028,0x2062,0x2062,0x2907,0x2168,0x2167,0x1083,0x5027,0x6029,0x1061,0x1041,0x4846,0x0000,0x1841,0x6068,
  0x3024,0x1802,0x7029,0x6048,0x1022,0x0000,0x0801,0x4866,0x2042,0x2042,0x5888,0x28A5,0x0000,0x0000,0x0821,0x4867,
  0x7009,0x6809,0x6809,0x4066,0x2925,0x20E3,0x1821,0x4886,0x1021,0x0000,0x0000,0x1822,0x28A5,0x2186,0x2144,0x5205,
  0x5A25,0x5A25,0x5A66,0x51C5,0x6828,0x7009,0x7009,0x7009,0x7009,0x7009,0x7009,0x6849,0x6829,0x6829,0x6829,0x7009,
  0x7009,0x7009,0x7009,0x7009,0x50A9,0x1086,0x0065,0x3067,0x7009,0x6907,0x6A66,0x6A25,0x6A25,0x6A46,0x4164,0x40C5,
  0x6809,0x7009,0x6809,0x7009,0x6809,0x4108,0x2A48,0x21A8,0x4088,0x2908,0x2167,0x10E6,0x3047,0x5849,0x2967,0x3186,
  0x3186,0x2987,0x0885,0x4808,0x6889,0x31E6,0x3267,0x52A7,0x4206,0x5225,0x39A6,0x21A7,0x1966,0x2186,0x2166,0x5048,
  0x7009,0x7009,0x6828,0x4945,0x3144,0x2924,0x38E5,0x6829,0x7009,0x7009,0x6809,0x7009,0x6029,0x28E6,0x2166,0x2926,
  0x4045,0x3884,0x0000,0x2863,0x2042,0x2863,0x3864,0x706A,0x3864,0x1041,0x5847,0x4866,0x3064,0x6868,0x7029,0x7029,
  0x5888,0x3085,0x1041,0x2906,0x28E6,0x6069,0x7809,0x6848,0x3064,0x1041,0x0821,0x2042,0x3085,0x20C5,0x40E8,0x40E8,
  0x6049,0x7029,0x2842,0x1061,0x18E4,0x2167,0x2147,0x2906,0x5848,0x6829,0x1842,0x2844,0x6869,0x3844,0x1841,0x6848,
  0x6829,0x5046,0x6848,0x3845,0x1842,0x0000,0x0801,0x4086,0x1842,0x2042,0x48C7,0x2166,0x10A3,0x0020,0x08C3,0x38C7,
  0x7009,0x7009,0x6829,0x4086,0x20E4,0x0841,0x2863,0x4866,0x1842,0x0000,0x0000,0x1001,0x2084,0x2186,0x2965,0x5245,
  0x5A65,0x5A66,0x5AC6,0x5206,0x6828,0x7029,0x7029,0x7029,0x7029,0x7029,0x6028,0x3127,0x2927,0x28A6,0x28A6,0x4868,
  0x7009,0x7009,0x7029,0x6829,0x3108,0x10A6,0x10A6,0x3087,0x6809,0x6907,0x6A66,0x6A25,0x6A26,0x7246,0x4124,0x4904,
  0x68C8,0x6829,0x7009,0x6809,0x6829,0x38C7,0x19A7,0x19A7,0x28A7,0x2128,0x2167,0x1106,0x2087,0x48C8,0x1926,0x0884,
  0x10C5,0x2146,0x08A6,0x5028,0x68AA,0x2966,0x29C6,0x39E5,0x2925,0x41A5,0x3166,0x21A7,0x1967,0x2187,0x2967,0x3107,
  0x38A7,0x6028,0x6848,0x4125,0x3945,0x3125,0x4106,0x5868,0x4148,0x48E8,0x7029,0x7009,0x6049,0x30E6,0x2925,0x20C5,
  0x7889,0x6087,0x2863,0x2042,0x68A8,0x4065,0x5066,0x888B,0x4065,0x1061,0x6868,0x7089,0x3043,0x7068,0x804A,0x6088,
  0x2167,0x10A2,0x1082,0x2146,0x1925,0x58C8,0x7849,0x7869,0x5867,0x4085,0x2022,0x6087,0x48A7,0x2147,0x1987,0x2167,
  0x60C9,0x788A,0x3884,0x1060,0x10C3,0x2168,0x2106,0x28E6,0x6088,0x7869,0x4866,0x38A6,0x40A7,0x4065,0x1041,0x6067,
  0x8069,0x7869,0x7089,0x30A5,0x0863,0x0862,0x3044,0x6088,0x2042,0x2021,0x48C7,0x2167,0x1946,0x10A3,0x1946,0x38E7,
  0x7069,0x7069,0x7889,0x48A7,0x20E4,0x0840,0x3064,0x78AA,0x4064,0x1842,0x2063,0x3864,0x48E7,0x29A7,0x2145,0x4A06,
  0x5226,0x5246,0x5AA6,0x5206,0x6868,0x7869,0x7869,0x7869,0x7869,0x7869,0x6068,0x1946,0x1166,0x1106,0x08C5,0x40A7,
  0x788A,0x7869,0x7869,0x6869,0x20E7,0x10C6,0x0886,0x3088,0x782A,0x6907,0x6A65,0x6225,0x6A25,0x6A67,0x20A5,0x2106,
  0x2126,0x4068,0x7869,0x7889,0x708A,0x38E7,0x19A7,0x19A7,0x08C6,0x1927,0x2147,0x10E7,0x0886,0x2947,0x2167,0x10A5,
  0x10A5,0x2147,0x08A6,0x5069,0x70EA,0x2966,0x29C6,0x39E5,0x2925,0x4185,0x2945,0x21C7,0x1966,0x2166,0x2945,0x3186,
  0x2906,0x6069,0x7089,0x4125,0x3124,0x2924,0x4106,0x58C9,0x31E8,0x3188,0x6889,0x6869,0x58A9,0x2906,0x2925,0x20C5,
  0x6087,0x88AA,0x4885,0x2842,0x88AA,0x4865,0x5866,0x888A,0x4064,0x0820,0x60A7,0x80A9,0x3863,0x7868,0x884A,0x68A9,
  0x2127,0x1082,0x18A2,0x2146,0x2105,0x60C8,0x8069,0x7888,0x8889,0x5085,0x3043,0x908A,0x58C8,0x2146,0x2167,0x2146,
  0x2884,0x2843,0x1842,0x1861,0x18E4,0x2188,0x2106,0x28E6,0x68A8,0x7889,0x68A8,0x20E6,0x1905,0x3064,0x1040,0x38C6,
  0x50C8,0x48A6,0x58A7,0x28E6,0x2106,0x10A3,0x5866,0x6888,0x1041,0x4064,0x58E8,0x1967,0x1105,0x1083,0x1946,0x3907,
  0x8089,0x8088,0x8089,0x48C7,0x18A3,0x0861,0x3106,0x70E8,0x68C7,0x3864,0x6887,0x7888,0x58C8,0x29A7,0x1925,0x3165,
  0x39C7,0x39C7,0x39C7,0x4227,0x4968,0x6888,0x6068,0x7889,0x8069,0x8069,0x6888,0x1946,0x1126,0x10E6,0x08C5,0x40C7,
  0x50A7,0x3886,0x60A8,0x68A9,0x2928,0x08A6,0x1086,0x38E8,0x68AA,0x6148,0x5266,0x4247,0x4A67,0x5A27,0x28C6,0x1926,
  0x1906,0x3868,0x690A,0x2887,0x3887,0x2906,0x21C7,0x19C8,0x10C6,0x1107,0x1947,0x10E6,0x0885,0x2947,0x2187,0x1906,
  0x1906,0x2147,0x08A6,0x2887,0x5128,0x3186,0x29C6,0x4206,0x2925,0x41C6,0x3166,0x21A7,0x1966,0x3145,0x3945,0x3966,
  0x2926,0x30A7,0x40C7,0x4145,0x3944,0x3124,0x3905,0x40E7,0x31E8,0x3187,0x28C6,0x28E6,0x28E6,0x2105,0x2925,0x20C5,
  0x1021,0x58A6,0x4885,0x4064,0x88CA,0x5085,0x6087,0x888A,0x50A6,0x0840,0x1842,0x58C7,0x40A5,0x58A7,0x68C9,0x58E8,
  0x2126,0x0861,0x18C3,0x2166,0x1925,0x60C8,0x8069,0x7868,0x8089,0x3044,0x4064,0x80C9,0x50E8,0x2167,0x29A7,0x10A3,
  0x0000,0x0000,0x0000,0x1861,0x10C4,0x10C4,0x18C4,0x2906,0x68A8,0x80A9,0x4865,0x0862,0x18C4,0x1863,0x1061,0x1062,
  0x0000,0x0822,0x3085,0x0862,0x2987,0x1905,0x6067,0x5866,0x0020,0x58A6,0x5908,0x2187,0x10C4,0x10A4,0x1926,0x3907,
  0x68E8,0x40E7,0x50E7,0x40C7,0x18A3,0x1061,0x2126,0x3967,0x40E6,0x4044,0x8089,0x8088,0x58A7,0x2186,0x2166,0x3987,
  0x5249,0x4A49,0x4A28,0x4A48,0x51C8,0x4086,0x1884,0x28A6,0x58E8,0x8889,0x68A8,0x1926,0x08E5,0x10C6,0x10E6,0x40E7,
  0x2885,0x0884,0x38C7,0x38C7,0x2128,0x10A6,0x1086,0x18C7,0x08A8,0x41E8,0x49E6,0x2966,0x2966,0x41A7,0x2905,0x10C4,
  0x1085,0x3068,0x38E9,0x08A6,0x18C6,0x2126,0x21E8,0x19E8,0x08C6,0x1106,0x1926,0x10C6,0x0885,0x2946,0x29A7,0x10C5,
  0x18E6,0x2146,0x08A5,0x0065,0x2126,0x29A6,0x29E7,0x4A47,0x3166,0x41C6,0x3186,0x21A7,0x1946,0x2925,0x28E4,0x2946,
  0x2946,0x2186,0x21A6,0x3965,0x49A5,0x4185,0x3945,0x2105,0x29E8,0x2987,0x18E5,0x2126,0x2106,0x2105,0x2925,0x20E5,
  0x0000,0x0821,0x2883,0x3084,0x3884,0x20A4,0x3064,0x80EA,0x3864,0x1060,0x0000,0x0821,0x2063,0x38E6,0x18E4,0x2146,
  0x1925,0x1061,0x18A2,0x2166,0x2146,0x60C8,0x8069,0x8068,0x8089,0x2843,0x28C5,0x2063,0x1042,0x18E4,0x0862,0x0000,
  0x0000,0x0000,0x0000,0x1861,0x0841,0x0000,0x0000,0x1883,0x48C6,0x3864,0x1842,0x0000,0x0000,0x0000,0x1041,0x0820,
  0x0000,0x0000,0x0801,0x0000,0x0882,0x18C4,0x50A6,0x40C5,0x0820,0x2945,0x3987,0x0862,0x0041,0x1905,0x2167,0x18A4,
  0x2064,0x10E5,0x3147,0x40E6,0x1862,0x1061,0x2146,0x3167,0x20A4,0x28A5,0x4128,0x5108,0x50E8,0x21A7,0x2166,0x3166,
  0x4A08,0x4A28,0x4A28,0x5269,0x51C8,0x3886,0x10A4,0x1126,0x3147,0x50C6,0x38E6,0x1926,0x1126,0x1906,0x08A5,0x40C7,
  0x3085,0x18A5,0x28C6,0x28E6,0x2107,0x0886,0x10A6,0x10A6,0x0887,0x39C8,0x4186,0x2905,0x2106,0x20C6,0x18A5,0x18C5,
  0x18E5,0x2087,0x1067,0x18E6,0x2906,0x2126,0x21E8,0x19E8,0x08C6,0x1127,0x18E6,0x18C5,0x1086,0x2126,0x2167,0x18E5,
  0x2125,0x1906,0x0886,0x0065,0x1906,0x31A6,0x3207,0x4226,0x3145,0x49E6,0x3186,0x21A7,0x1966,0x20E4,0x2905,0x2946,
  0x29A6,0x3207,0x2A48,0x39A6,0x4165,0x3945,0x3945,0x2926,0x31E8,0x2966,0x18C5,0x2126,0x20E5,0x2105,0x2925,0x20E5,
  0x0000,0x0000,0x0020,0x0000,0x0000,0x0000,0x0000,0x2863,0x0800,0x1061,0x0000,0x0000,0x0000,0x0841,0x0000,0x0020,
  0x0020,0x1061,0x0841,0x0862,0x2125,0x60E8,0x8089,0x8089,0x78A8,0x2042,0x0041,0x0000,0x0000,0x0000,0x0000,0x0000,
  0x0000,0x0000,0x0000,0x1881,0x0820,0x0000,0x0000,0x0000,0x0000,0x0000,0x0000,0x0000,0x0000,0x0000,0x0820,0x1061,
  0x0000,0x0000,0x0000,0x0000,0x0000,0x0000,0x0000,0x0041,0x1061,0x1082,0x18C4,0x0000,0x0000,0x10C4,0x1925,0x0041,
  0x0000,0x10A4,0x3948,0x4106,0x1040,0x1082,0x2946,0x2946,0x1083,0x2928,0x2969,0x3969,0x5107,0x29A7,0x2166,0x3986,
  0x5228,0x5228,0x5249,0x5289,0x51C8,0x3886,0x10C5,0x2126,0x2926,0x2904,0x2945,0x1126,0x1926,0x2926,0x10E5,0x30E6,
  0x3106,0x2105,0x20C6,0x28C5,0x2127,0x10A5,0x10A5,0x18C6,0x3145,0x28E4,0x2105,0x39C6,0x3187,0x0866,0x10A5,0x18C5,
  0x10A5,0x2067,0x1886,0x18C6,0x20C5,0x2126,0x21E7,0x19C7,0x10A6,0x1127,0x2106,0x20E5,0x10A6,0x0886,0x2167,0x18E5,
  0x18E5,0x1926,0x1926,0x18E6,0x2126,0x29A6,0x29E7,0x4226,0x2945,0x41A6,0x3985,0x3186,0x2166,0x18E5,0x2105,0x2946,
  0x2966,0x2967,0x21A7,0x31C6,0x3945,0x2905,0x3145,0x2946,0x31E7,0x2166,0x20E5,0x2146,0x20E5,0x2106,0x3166,0x20E5,
  0x0000,0x0000,0x0020,0x0000,0x0000,0x0000,0x0000,0x0000,0x0000,0x1881,0x0000,0x0000,0x0000,0x0000,0x0000,0x0000,
  0x0000,0x1061,0x0820,0x0000,0x0020,0x50E6,0x2843,0x50A6,0x4084,0x0000,0x0000,0x0000,0x0000,0x0000,0x0000,0x0000,
  0x0000,0x0000,0x0000,0x1861,0x1861,0x0000,0x0000,0x0000,0x0000,0x0000,0x0000,0x0000,0x0000,0x0000,0x0820,0x1041,
  0x0000,0x0000,0x0000,0x0000,0x0000,0x0000,0x0000,0x0000,0x1061,0x0000,0x0000,0x0000,0x0000,0x0000,0x0000,0x0000,
  0x0000,0x0000,0x2084,0x2083,0x1040,0x18C4,0x2988,0x2125,0x18A4,0x3169,0x318A,0x418A,0x5148,0x29C7,0x2186,0x41C8,
  0x5A8A,0x5A8A,0x41E8,0x2966,0x2147,0x20C6,0x18E5,0x2105,0x3104,0x3125,0x3146,0x18E5,0x2105,0x20E5,0x2906,0x2906,
  0x29A6,0x2146,0x20A5,0x28C5,0x2147,0x2147,0x2126,0x18E5,0x4184,0x28C4,0x2925,0x4226,0x39E6,0x10A6,0x1906,0x18E5,
  0x1906,0x18C7,0x0846,0x10A5,0x20C5,0x2146,0x2228,0x19E8,0x10E6,0x1967,0x2126,0x20E6,0x20C6,0x2906,0x2105,0x18A5,
  0x18C5,0x18C5,0x3166,0x3965,0x3965,0x31A6,0x3247,0x4226,0x2965,0x3965,0x4185,0x4985,0x3165,0x2105,0x2925,0x3167,
  0x2987,0x2166,0x21A7,0x31C6,0x3965,0x3125,0x29A6,0x2A27,0x2A27,0x2187,0x20E6,0x2126,0x18C5,0x18E5,0x2126,0x20E5,
  0x0000,0x0000,0x0840,0x0000,0x0000,0x0000,0x0000,0x0000,0x0000,0x1881,0x1041,0x0000,0x0000,0x0000,0x0000,0x0000,
  0x0000,0x1861,0x0820,0x0000,0x0000,0x1021,0x0000,0x0020,0x0000,0x0000,0x0000,0x0000,0x0000,0x0000,0x0000,0x0000,
  0x0000,0x0000,0x0000,0x1861,0x1861,0x0000,0x0000,0x0000,0x0000,0x0000,0x0000,0x0000,0x0000,0x0000,0x1041,0x1061,
  0x0000,0x0000,0x0000,0x0000,0x0000,0x0000,0x0000,0x0000,0x1881,0x0020,0x0000,0x0000,0x0000,0x0000,0x0000,0x0000,
  0x0000,0x0000,0x0000,0x0000,0x1881,0x0862,0x2105,0x0842,0x20C4,0x18C5,0x18C5,0x2106,0x20A4,0x2145,0x1924,0x20E4,
  0x3145,0x39A6,0x2985,0x2145,0x10A4,0x10C5,0x0863,0x1883,0x20C4,0x20C4,0x20E4,0x20E4,0x2105,0x2905,0x20E5,0x2925,
  0x29C6,0x2104,0x2084,0x28C5,0x18A4,0x0842,0x0821,0x0841,0x18A2,0x20C3,0x3903,0x38E3,0x3903,0x2105,0x18C4,0x2104,
  0x18E4,0x18C4,0x0844,0x0844,0x1064,0x18E4,0x21C7,0x19A7,0x10E5,0x1945,0x2104,0x18E5,0x18C5,0x2924,0x20C4,0x1884,
  0x3145,0x18A4,0x28E4,0x3124,0x2904,0x2965,0x29C5,0x29E6,0x2144,0x49C5,0x5206,0x5206,0x41C6,0x20E5,0x2925,0x2946,
  0x29A7,0x2986,0x29C7,0x2985,0x3124,0x20A3,0x1965,0x2A07,0x31E6,0x2145,0x0842,0x10A3,0x0883,0x0863,0x0042,0x1083,
  0x0000,0x0000,0x1041,0x0000,0x0000,0x0000,0x0000,0x0000,0x0000,0x1061,0x0820,0x0000,0x0000,0x0000,0x0000,0x0000,
  0x0000,0x1861,0x0820,0x0000,0x0000,0x0000,0x0000,0x0000,0x0000,0x0000,0x0000,0x0000,0x0000,0x0000,0x0000,0x0000,
  0x0000,0x0000,0x0000,0x1061,0x1040,0x0000,0x0000,0x0000,0x0000,0x0000,0x0000,0x0000,0x0000,0x0000,0x1041,0x1041,
  0x0000,0x0000,0x0000,0x0000,0x0000,0x0000,0x0000,0x0820,0x2082,0x0000,0x0000,0x0000,0x0000,0x0000,0x0000,0x0000,
  0x0000,0x0000,0x0000,0x0000,0x1061,0x0000,0x0000,0x0000,0x0021,0x0000,0x0000,0x0000,0x0000,0x0020,0x0020,0x0021,
  0x0862,0x1083,0x0842,0x0862,0x0862,0x0842,0x0882,0x10C3,0x18E4,0x0862,0x0862,0x10A3,0x0883,0x0822,0x0842,0x0862,
  0x18C3,0x18A2,0x2103,0x2945,0x20E3,0x10A2,0x18C3,0x0882,0x0841,0x0862,0x2103,0x18C3,0x18E3,0x18E3,0x0841,0x1904,
  0x0862,0x0021,0x2104,0x1082,0x0862,0x18E3,0x18E4,0x0001,0x0842,0x18A3,0x2964,0x2104,0x10C3,0x0882,0x0882,0x10A3,
  0x18C3,0x18E3,0x18C3,0x18E3,0x1082,0x2144,0x1903,0x0862,0x10A2,0x39E6,0x18E3,0x0862,0x2124,0x2165,0x2145,0x2125,
  0x10A3,0x0883,0x2145,0x0863,0x10C3,0x10C3,0x2144,0x10A2,0x2124,0x2124,0x2145,0x2104,0x18A3,0x10C3,0x10A3,0x18E3,
  0x0000,0x0000,0x1041,0x0000,0x0000,0x0000,0x0000,0x0000,0x0000,0x1861,0x0820,0x0000,0x0000,0x0000,0x0000,0x0000,
  0x0000,0x1881,0x0020,0x0000,0x0000,0x0000,0x0000,0x0000,0x0000,0x0000,0x0000,0x0000,0x0000,0x0000,0x0000,0x0000,
  0x0000,0x0000,0x0000,0x1861,0x1061,0x0000,0x0000,0x0000,0x0000,0x0000,0x0000,0x0000,0x0000,0x0000,0x0840,0x1061,
  0x0000,0x0000,0x0000,0x0000,0x0000,0x0000,0x0000,0x0000,0x1861,0x0000,0x0000,0x0000,0x0000,0x0000,0x0000,0x0000,
  0x0000,0x0000,0x0020,0x0840,0x1081,0x0860,0x0881,0x1082,0x18A2,0x28E3,0x28E3,0x20C3,0x18A4,0x10A4,0x18A4,0x1085,
  0x1065,0x1085,0x1064,0x0884,0x1084,0x0864,0x0864,0x10A4,0x18C5,0x10A4,0x1084,0x10A4,0x10A5,0x10A5,0x18C5,0x10A4,
  0x18E5,0x18C5,0x18A4,0x18C5,0x10A5,0x0865,0x0865,0x10A5,0x10A5,0x10A4,0x18E5,0x18A4,0x1905,0x10C5,0x10A5,0x10E5,
  0x10C5,0x0884,0x10C5,0x08A4,0x10A5,0x10C5,0x1106,0x10C6,0x0885,0x10C5,0x10E5,0x10C5,0x10A5,0x10C5,0x08A5,0x10C5,
  0x10E5,0x08A5,0x10A5,0x10A5,0x08A5,0x10E6,0x1105,0x08C5,0x08C5,0x1926,0x10C5,0x08A5,0x10C5,0x1106,0x1926,0x1926,
  0x10C6,0x10C5,0x1906,0x10C5,0x10A5,0x10E6,0x10E6,0x1106,0x10E5,0x10C6,0x10E6,0x10E6,0x10C5,0x08A5,0x08A5,0x10C5,
  0x0000,0x0000,0x1061,0x0000,0x0000,0x0000,0x0000,0x0000,0x0000,0x1881,0x1881,0x0000,0x0000,0x0000,0x0000,0x0000,
  0x0000,0x1861,0x0000,0x0000,0x0000,0x0000,0x0000,0x0000,0x0000,0x0000,0x0000,0x0000,0x0000,0x0000,0x0000,0x0000,
  0x0000,0x0000,0x0000,0x1861,0x1882,0x0000,0x0000,0x0000,0x0000,0x0000,0x0000,0x0000,0x0000,0x0000,0x0000,0x1861,
  0x0000,0x0000,0x0000,0x0000,0x0000,0x0000,0x0000,0x0000,0x2081,0x0020,0x0020,0x0020,0x0040,0x0040,0x0040,0x0060,
  0x0080,0x0880,0x0880,0x0840,0x0861,0x1082,0x20A3,0x28C3,0x28C3,0x18A3,0x18E6,0x2107,0x18C6,0x1106,0x10E5,0x18E6,
  0x2948,0x2968,0x2126,0x18E6,0x10C5,0x0885,0x0884,0x10A4,0x10A5,0x18A4,0x18A5,0x10A5,0x1085,0x10A4,0x1084,0x10A5,
  0x1926,0x18E5,0x10A5,0x18A5,0x18C6,0x10A6,0x1086,0x10A5,0x20E4,0x1884,0x18C5,0x2105,0x20E4,0x1085,0x0885,0x0884,
  0x10A5,0x0885,0x0865,0x1085,0x10A5,0x10E5,0x1967,0x1126,0x0885,0x10C6,0x10A5,0x1085,0x10A5,0x18C5,0x10A5,0x0865,
  0x10A5,0x1084,0x18C5,0x18C5,0x10A4,0x10C5,0x1926,0x2126,0x18C6,0x2105,0x3126,0x2925,0x2105,0x1085,0x10A5,0x18C5,
  0x1906,0x1926,0x1926,0x1926,0x18C5,0x1085,0x18E5,0x1946,0x1926,0x10C5,0x0865,0x10A5,0x0865,0x0885,0x1085,0x1065,
  0x0000,0x0000,0x1061,0x0000,0x0000,0x0000,0x0000,0x0000,0x0000,0x2081,0x1861,0x0000,0x0000,0x0000,0x0000,0x0000,
  0x0000,0x1861,0x0000,0x0000,0x0000,0x0000,0x0000,0x0000,0x0000,0x0000,0x0000,0x0000,0x0000,0x0000,0x0000,0x0000,
  0x0000,0x0000,0x0000,0x1040,0x1881,0x0000,0x0000,0x0000,0x0000,0x0000,0x0000,0x0000,0x0000,0x0000,0x0000,0x1061,
  0x0000,0x0020,0x0040,0x0060,0x0060,0x0040,0x0060,0x0840,0x20A1,0x0880,0x0080,0x0080,0x0080,0x0080,0x0060,0x0060,
  0x0060,0x0861,0x0040,0x0820,0x0860,0x0060,0x1081,0x20A3,0x28C3,0x18A3,0x18E5,0x2106,0x18C6,0x1906,0x10E6,0x2106,
  0x2947,0x2947,0x2947,0x2967,0x18E6,0x0864,0x1084,0x10A5,0x10A5,0x10A5,0x18A5,0x10C5,0x08A5,0x18C5,0x1085,0x0865,
  0x1084,0x10A5,0x1085,0x18A5,0x18E6,0x0885,0x0885,0x0885,0x10A4,0x18A5,0x1085,0x18C5,0x10A5,0x0844,0x1065,0x1085,
  0x1085,0x0865,0x0865,0x10A5,0x1085,0x10C5,0x1126,0x1126,0x0865,0x0885,0x10A5,0x10A5,0x0885,0x10A5,0x18E6,0x10C5,
  0x10A6,0x10A5,0x18E5,0x18E5,0x18E5,0x1905,0x2146,0x2166,0x18C5,0x20E5,0x20E5,0x20E5,0x18C5,0x1085,0x18A5,0x18E5,
  0x1905,0x1906,0x1906,0x1926,0x18C5,0x18C5,0x18E6,0x18E5,0x1926,0x18E5,0x10A5,0x10C6,0x10A6,0x18C5,0x1905,0x18A5,
  0x0000,0x0000,0x1061,0x0000,0x0000,0x0000,0x0000,0x0000,0x0000,0x2081,0x1861,0x0000,0x0000,0x0000,0x0000,0x0000,
  0x0000,0x1882,0x0000,0x0000,0x0000,0x0000,0x0000,0x0000,0x0000,0x0020,0x0020,0x0000,0x0000,0x0000,0x0000,0x0000,
  0x0000,0x0000,0x0000,0x0840,0x20A2,0x0000,0x0020,0x0020,0x0020,0x0020,0x0000,0x0040,0x0020,0x0020,0x0020,0x1061,
  0x0040,0x0080,0x0080,0x0080,0x0080,0x0080,0x0060,0x0840,0x20A2,0x0881,0x0881,0x0881,0x0881,0x0060,0x0040,0x0060,
  0x0060,0x0020,0x0000,0x0020,0x0040,0x0040,0x0861,0x1082,0x28E3,0x3103,0x28E3,0x20A3,0x18C4,0x1906,0x1906,0x2106,
  0x2126,0x2126,0x2106,0x2926,0x18E6,0x0865,0x1085,0x10A5,0x0885,0x0044,0x0845,0x10C5,0x10A5,0x1085,0x0885,0x0865,
  0x0865,0x1085,0x0885,0x1085,0x10C6,0x0885,0x0885,0x0885,0x0865,0x2105,0x2105,0x10C5,0x18E5,0x18E6,0x1085,0x10A5,
  0x1085,0x0865,0x0865,0x10A5,0x0865,0x10A5,0x1926,0x1106,0x08A6,0x0886,0x1085,0x10A5,0x0865,0x10C6,0x1906,0x0885,
  0x10C5,0x10C5,0x0885,0x0885,0x18E5,0x1906,0x1926,0x2145,0x18C5,0x2105,0x20E5,0x1906,0x10E6,0x10A5,0x18A5,0x18E6,
  0x1906,0x1946,0x1926,0x2105,0x20E5,0x20C5,0x20E5,0x10C5,0x1926,0x18E5,0x10A5,0x10C5,0x1085,0x10C5,0x18E5,0x18C5,
  0x0040,0x0840,0x1061,0x0040,0x0020,0x0000,0x0000,0x0020,0x0020,0x1061,0x1861,0x0020,0x0020,0x0040,0x0040,0x0020,
  0x0840,0x1861,0x0020,0x0060,0x0060,0x0060,0x0060,0x0060,0x0080,0x0080,0x0080,0x0060,0x0060,0x0060,0x0060,0x0060,
  0x0040,0x0040,0x0040,0x0840,0x20A2,0x0020,0x0060,0x0060,0x0040,0x0060,0x0060,0x0080,0x0060,0x0080,0x0020,0x1881,
  0x0040,0x0080,0x0081,0x0061,0x0060,0x1082,0x0861,0x0800,0x1881,0x0881,0x1082,0x0881,0x08A1,0x0060,0x0060,0x0881,
  0x0882,0x1082,0x0861,0x0862,0x1082,0x18A2,0x20C3,0x28C3,0x28E3,0x28E3,0x20E3,0x20E5,0x18C5,0x1906,0x10C5,0x2106,
  0x2126,0x2126,0x2925,0x2125,0x1064,0x0825,0x0845,0x0845,0x0045,0x0025,0x0025,0x10E5,0x08C5,0x0885,0x0885,0x0865,
  0x0845,0x0865,0x0865,0x0865,0x10A6,0x0865,0x0865,0x0865,0x0045,0x18A5,0x2945,0x2125,0x2145,0x2925,0x1084,0x1085,
  0x10A5,0x0865,0x0045,0x0865,0x0845,0x1085,0x1906,0x1106,0x08A6,0x10C6,0x10A6,0x08A6,0x0865,0x10C5,0x10E6,0x0885,
  0x10A5,0x10A5,0x0866,0x0866,0x18E6,0x18E6,0x1926,0x2125,0x18C5,0x20E5,0x18E5,0x1906,0x10E6,0x18E5,0x20E5,0x18E5,
  0x10C6,0x10A5,0x10C6,0x20E5,0x20E5,0x20E5,0x18C5,0x10A6,0x1926,0x18E6,0x1085,0x10A5,0x1085,0x10A5,0x18C5,0x2126,
  0x0080,0x0860,0x1060,0x0080,0x0080,0x0040,0x0040,0x0080,0x0060,0x1881,0x1881,0x0040,0x0080,0x0080,0x0881,0x0060,
  0x0840,0x1861,0x0060,0x0080,0x0060,0x0080,0x0080,0x0080,0x0080,0x0080,0x0080,0x0080,0x00A0,0x0080,0x0080,0x0080,
  0x0080,0x0080,0x0060,0x0820,0x28A2,0x0861,0x0060,0x0060,0x0060,0x0040,0x0040,0x0080,0x0080,0x0080,0x0060,0x1861,
  0x0840,0x0881,0x0862,0x0861,0x1061,0x0040,0x0840,0x0020,0x0840,0x0040,0x0060,0x0881,0x0881,0x1082,0x1082,0x18A3,
  0x1883,0x20A3,0x20A3,0x20C3,0x28C3,0x28E3,0x30C3,0x28C3,0x20C4,0x18C5,0x10A5,0x10A6,0x1086,0x1106,0x10C5,0x2125,
  0x2946,0x2945,0x2965,0x2125,0x0844,0x0845,0x0845,0x0865,0x0866,0x0845,0x0845,0x1106,0x10C5,0x10A5,0x1086,0x0886,
  0x0845,0x0845,0x0845,0x0845,0x10A6,0x0885,0x0885,0x0865,0x0025,0x18A5,0x3145,0x2925,0x2925,0x3125,0x18A4,0x18A5,
  0x18A5,0x0845,0x0025,0x0845,0x0025,0x10A5,0x1926,0x1106,0x08A6,0x10C6,0x10C6,0x08A6,0x0865,0x10C5,0x18E6,0x1085,
  0x10A5,0x10C6,0x0866,0x0866,0x10C6,0x18E6,0x1926,0x2125,0x18A5,0x20E5,0x18E5,0x1906,0x10C6,0x1906,0x2106,0x2106,
  0x10A6,0x0845,0x0865,0x20C5,0x20C5,0x18A5,0x18C5,0x10A6,0x2147,0x1906,0x0865,0x0865,0x0865,0x10A5,0x18C5,0x1085,
  0x0040,0x0040,0x0020,0x0040,0x0060,0x0060,0x0060,0x0080,0x0060,0x20A1,0x1881,0x0060,0x0080,0x0040,0x0040,0x0020,
  0x0000,0x0820,0x0020,0x0040,0x0040,0x0060,0x0060,0x0080,0x0080,0x0060,0x0040,0x0040,0x0060,0x0060,0x0060,0x0060,
  0x0080,0x0080,0x0020,0x0820,0x20A2,0x0860,0x0080,0x0080,0x0080,0x0881,0x0881,0x0881,0x0881,0x1082,0x0841,0x1061,
  0x0841,0x10A2,0x1082,0x0861,0x0881,0x0860,0x0020,0x0000,0x0020,0x0040,0x0861,0x1082,0x1883,0x1883,0x20A3,0x20A3,
  0x28C3,0x28C3,0x28E3,0x28E3,0x28C3,0x2082,0x18C4,0x18C5,0x10A6,0x1086,0x0866,0x1066,0x1086,0x1906,0x18E5,0x2925,
  0x2925,0x2125,0x2944,0x2124,0x1065,0x0865,0x0865,0x0845,0x0865,0x0865,0x0865,0x1086,0x0885,0x0865,0x0865,0x0845,
  0x0845,0x0865,0x0865,0x0865,0x10A6,0x0865,0x0885,0x0886,0x0025,0x18A5,0x3145,0x3124,0x2925,0x3125,0x20C4,0x1884,
  0x0825,0x0025,0x0845,0x0866,0x0865,0x10A6,0x1106,0x1106,0x08A6,0x08C6,0x08A6,0x08A6,0x0865,0x10A6,0x18E6,0x0885,
  0x10A5,0x10C6,0x0865,0x0045,0x0865,0x18E6,0x1905,0x2125,0x18C5,0x20E5,0x18C5,0x1906,0x10C6,0x10E6,0x10C6,0x18C6,
  0x1086,0x0845,0x0865,0x18C5,0x18C5,0x18A5,0x18A6,0x1086,0x10E6,0x10A6,0x0865,0x0866,0x0865,0x10A6,0x18C5,0x1085,
  0x0000,0x0000,0x0000,0x0000,0x0040,0x0080,0x0060,0x0060,0x0060,0x2081,0x2081,0x0040,0x0080,0x0060,0x0060,0x0060,
  0x0060,0x0060,0x0060,0x0060,0x0080,0x0080,0x0080,0x0080,0x0060,0x0040,0x0060,0x0040,0x0060,0x0080,0x0060,0x0080,
  0x0080,0x0080,0x0060,0x0820,0x2081,0x0861,0x0081,0x0881,0x0881,0x1082,0x18A3,0x18A3,0x1083,0x1082,0x0841,0x0840,
  0x0820,0x0862,0x1061,0x1081,0x0861,0x0060,0x0861,0x0841,0x1062,0x1082,0x1883,0x18A3,0x18A2,0x20A2,0x28C3,0x28E3,
  0x3103,0x30E3,0x28C3,0x2082,0x1883,0x18E6,0x10C6,0x1086,0x1086,0x1086,0x10A6,0x1086,0x1086,0x1906,0x18E5,0x2105,
  0x2925,0x2105,0x2924,0x2104,0x0865,0x0866,0x0865,0x0886,0x0865,0x0865,0x0865,0x0865,0x0865,0x0865,0x0845,0x0845,
  0x0025,0x0845,0x0845,0x0865,0x0865,0x0866,0x1086,0x0866,0x0045,0x18A5,0x3125,0x2904,0x2904,0x3125,0x20C4,0x1885,
  0x0845,0x0845,0x0845,0x0866,0x0866,0x10A6,0x1106,0x10E6,0x08A6,0x08A6,0x10C6,0x08A6,0x0865,0x0865,0x18C6,0x18E6,
  0x20E6,0x18C5,0x0065,0x0845,0x1085,0x1906,0x2146,0x2966,0x2125,0x2925,0x2105,0x18E6,0x10A5,0x10E5,0x10C6,0x0865,
  0x0866,0x0866,0x0865,0x20E6,0x20E5,0x18C5,0x18A5,0x0865,0x0845,0x0865,0x0865,0x0866,0x0866,0x10A6,0x18E5,0x18C5,
  0x0020,0x0020,0x0000,0x0020,0x0040,0x0080,0x0040,0x0040,0x0020,0x2081,0x2081,0x0020,0x0060,0x0060,0x0080,0x0080,
  0x0080,0x0080,0x0080,0x0080,0x0080,0x0080,0x0080,0x0080,0x0080,0x0080,0x0080,0x0080,0x0080,0x0081,0x0881,0x0881,
  0x0881,0x08A1,0x0881,0x0840,0x2081,0x1061,0x0881,0x0881,0x10A1,0x0881,0x0881,0x08A1,0x0881,0x0040,0x0020,0x0000,
  0x0020,0x0020,0x0020,0x0020,0x0861,0x0882,0x1082,0x1883,0x1883,0x1883,0x20A2,0x20A2,0x20C3,0x28E3,0x28E3,0x30E3,
  0x28E3,0x20A2,0x2082,0x1882,0x1906,0x18E7,0x1086,0x1086,0x1086,0x1066,0x1086,0x1066,0x1086,0x10E6,0x10C5,0x20E5,
  0x2105,0x2105,0x2924,0x2104,0x0865,0x0886,0x0865,0x0866,0x1086,0x1066,0x0865,0x0865,0x0865,0x0865,0x0865,0x1066,
  0x0845,0x0845,0x0866,0x0866,0x0866,0x0845,0x0866,0x1066,0x0866,0x18A5,0x3125,0x2904,0x2905,0x3125,0x20C4,0x1884,
  0x0845,0x0845,0x0845,0x0845,0x0845,0x0845,0x0865,0x0886,0x0866,0x0885,0x08A6,0x1086,0x0866,0x0866,0x18C6,0x18C5,
  0x20E5,0x18C5,0x0065,0x0845,0x0865,0x10A5,0x10E6,0x18E6,0x20E6,0x18E6,0x1946,0x10E6,0x10A5,0x10E5,0x10C6,0x0865,
  0x0865,0x0866,0x1086,0x18C6,0x2905,0x2945,0x18A5,0x0866,0x0866,0x0866,0x0866,0x0866,0x0866,0x1085,0x10A5,0x1085,
  0x0881,0x0080,0x0080,0x0880,0x0080,0x0080,0x0060,0x0020,0x0020,0x1061,0x1041,0x0000,0x0020,0x0060,0x0080,0x0080,
  0x0080,0x0080,0x0080,0x0880,0x0881,0x1081,0x0881,0x0881,0x08A1,0x0881,0x10A2,0x1082,0x1082,0x1082,0x1883,0x1082,
  0x10A3,0x1082,0x0881,0x0820,0x28A2,0x1061,0x0080,0x0080,0x0060,0x0060,0x0060,0x0080,0x0060,0x0040,0x0060,0x0040,
  0x0040,0x0020,0x0021,0x0841,0x1082,0x10A2,0x10C3,0x18C3,0x18C2,0x18C2,0x18C2,0x18E2,0x20E3,0x20E3,0x20E2,0x20E3,
  0x18C2,0x18C2,0x18E2,0x18C3,0x1925,0x10E5,0x10E5,0x10C5,0x10E5,0x10C5,0x10C5,0x10E5,0x10C5,0x1104,0x10C4,0x1904,
  0x1904,0x2104,0x2124,0x2104,0x10C4,0x10E4,0x10E5,0x10C5,0x10C4,0x10A4,0x10A4,0x10C4,0x10C5,0x10C5,0x0885,0x0865,
  0x1065,0x1066,0x1086,0x0865,0x0866,0x0866,0x0865,0x1066,0x0866,0x18A5,0x28E4,0x28E4,0x2905,0x2905,0x20C4,0x18A4,
  0x0865,0x0865,0x0865,0x0865,0x0845,0x0866,0x1066,0x0865,0x0866,0x0886,0x10C6,0x0885,0x0866,0x0865,0x18C6,0x18E6,
  0x2105,0x18E6,0x0065,0x0865,0x0865,0x0866,0x0845,0x0845,0x0845,0x0845,0x1146,0x1106,0x10C6,0x10E6,0x10E6,0x0865,
  0x0845,0x0865,0x0866,0x0865,0x0885,0x10E6,0x0845,0x0866,0x0866,0x0866,0x0866,0x0866,0x0845,0x0865,0x0866,0x1066,
  0x1081,0x0060,0x0080,0x0080,0x0080,0x00A0,0x0060,0x0000,0x0020,0x0841,0x0020,0x0000,0x0020,0x0020,0x0861,0x0881,
  0x0081,0x0080,0x0080,0x0081,0x08A1,0x0881,0x0861,0x0861,0x0881,0x0881,0x10A2,0x10A3,0x18A3,0x18A3,0x10A2,0x1082,
  0x0882,0x0881,0x0060,0x0020,0x2081,0x1081,0x0080,0x0080,0x0060,0x0861,0x0861,0x0861,0x0060,0x0080,0x0881,0x0881,
  0x0882,0x1082,0x1082,0x10A2,0x10C2,0x10E2,0x10E2,0x1102,0x1102,0x1102,0x1102,0x1102,0x10E2,0x1102,0x10E2,0x10E2,
  0x1102,0x1102,0x1102,0x1102,0x10E2,0x1102,0x10E2,0x10E2,0x10E2,0x10E2,0x10E2,0x10E2,0x10E2,0x10E2,0x10E2,0x10E2,
  0x10E2,0x10E2,0x10E2,0x10E2,0x1103,0x1102,0x1102,0x1102,0x1102,0x1102,0x1102,0x10E2,0x1102,0x1122,0x1943,0x10C4,
  0x0865,0x1086,0x10A6,0x10A7,0x1066,0x0866,0x1086,0x0866,0x0865,0x18A5,0x2905,0x2905,0x2905,0x2904,0x20C4,0x1885,
  0x0865,0x0866,0x0866,0x0866,0x0865,0x0866,0x1066,0x0866,0x0865,0x0865,0x10A6,0x0886,0x0866,0x0866,0x10A6,0x18C6,
  0x18E6,0x10C6,0x0865,0x0865,0x0865,0x1066,0x0865,0x0886,0x0886,0x0885,0x1146,0x1106,0x10C6,0x10E6,0x10C6,0x0886,
  0x0866,0x0866,0x0865,0x0865,0x1086,0x10C6,0x0866,0x0866,0x0866,0x0866,0x0866,0x0866,0x0866,0x1066,0x1086,0x1066,
  0x1061,0x0861,0x0060,0x0080,0x0080,0x0080,0x0060,0x0060,0x0060,0x0040,0x0020,0x0060,0x0881,0x1082,0x1883,0x10A3,
  0x10A2,0x0881,0x10A2,0x10A2,0x18A3,0x1082,0x10A2,0x1082,0x1082,0x0882,0x0860,0x0881,0x0881,0x0881,0x0881,0x0080,
  0x0080,0x0080,0x0060,0x0840,0x1881,0x1061,0x0080,0x0080,0x0861,0x0040,0x0020,0x0040,0x0060,0x0881,0x0882,0x1082,
  0x1883,0x1883,0x18E3,0x1102,0x10E2,0x08A1,0x08C2,0x1102,0x1102,0x1102,0x1102,0x1102,0x1102,0x1102,0x1102,0x1102,
  0x1102,0x1102,0x10E2,0x10E2,0x10E2,0x1902,0x0881,0x0020,0x0861,0x0861,0x0861,0x0861,0x0841,0x0841,0x0020,0x0040,
  0x0841,0x0040,0x0841,0x0861,0x0861,0x0881,0x08A1,0x0841,0x0040,0x0861,0x0841,0x0041,0x0040,0x0881,0x1102,0x10C3,
  0x1886,0x1086,0x1086,0x1086,0x1086,0x0865,0x1086,0x1066,0x1086,0x0866,0x20E5,0x2925,0x28E5,0x20E5,0x1884,0x1065,
  0x0886,0x1066,0x1066,0x0866,0x0866,0x0866,0x1066,0x1086,0x0866,0x1066,0x0865,0x0865,0x0866,0x1066,0x0865,0x0866,
  0x0866,0x0866,0x0886,0x1086,0x1066,0x0866,0x0866,0x1066,0x1066,0x0865,0x1146,0x1906,0x10C6,0x10E6,0x10E6,0x1086,
  0x1066,0x1066,0x0866,0x0866,0x1086,0x1066,0x1066,0x0866,0x0866,0x0866,0x0866,0x0866,0x0866,0x0866,0x0866,0x1066,
  0x1061,0x1081,0x0860,0x0060,0x0880,0x0060,0x0080,0x0040,0x0040,0x0060,0x0080,0x0080,0x0881,0x0861,0x0861,0x0861,
  0x0881,0x1082,0x1883,0x18A4,0x1883,0x18A3,0x1082,0x1083,0x18A3,0x0862,0x0861,0x0861,0x0861,0x0060,0x0080,0x0080,
  0x0080,0x0060,0x1081,0x0861,0x1061,0x0841,0x0040,0x0060,0x0060,0x0060,0x0861,0x0882,0x1082,0x1062,0x1082,0x1883,
  0x1883,0x18A3,0x1923,0x1102,0x1102,0x08C2,0x08C2,0x1102,0x10E2,0x10E2,0x10E2,0x10E2,0x10E2,0x10E2,0x1102,0x10E2,
  0x10E2,0x10E2,0x1102,0x1102,0x10E2,0x1102,0x0881,0x1082,0x1903,0x1923,0x1923,0x2144,0x18E3,0x0000,0x10A2,0x1082,
  0x0000,0x0861,0x0861,0x0000,0x0000,0x0881,0x10A2,0x0861,0x1040,0x1860,0x1061,0x0843,0x0002,0x0842,0x10A3,0x10A2,
  0x18A4,0x1886,0x1065,0x1086,0x1086,0x0865,0x1086,0x1086,0x0886,0x1086,0x1085,0x20E5,0x2904,0x20E4,0x1885,0x1085,
  0x1086,0x1066,0x0866,0x0866,0x1086,0x1066,0x1086,0x1086,0x0866,0x1066,0x1066,0x0866,0x1086,0x0866,0x0866,0x0866,
  0x10A6,0x0866,0x1086,0x0866,0x0845,0x0866,0x10A7,0x1086,0x0865,0x0865,0x1146,0x1906,0x10C5,0x10C6,0x10E6,0x1086,
  0x0866,0x0866,0x0866,0x1086,0x1086,0x0866,0x0866,0x0866,0x0866,0x0866,0x1086,0x10A6,0x0866,0x1086,0x1086,0x1066,
  0x1061,0x18A2,0x0861,0x0861,0x0861,0x0861,0x0060,0x0080,0x0080,0x0080,0x0080,0x0080,0x0080,0x0080,0x0080,0x0881,
  0x0881,0x1082,0x1082,0x1082,0x10A3,0x18A3,0x18A3,0x10A2,0x0881,0x0040,0x0020,0x0821,0x0000,0x0060,0x0080,0x0080,
  0x0080,0x0860,0x1081,0x0861,0x0840,0x0841,0x0020,0x0040,0x0060,0x0881,0x1082,0x1083,0x1883,0x1883,0x1883,0x1883,
  0x1883,0x18C3,0x1922,0x10E2,0x1102,0x08A2,0x08C2,0x1102,0x10E2,0x10E2,0x10E2,0x10E2,0x10E2,0x10E2,0x10E2,0x10E2,
  0x10E2,0x10E2,0x1102,0x1102,0x1102,0x1102,0x10E2,0x18E3,0x1142,0x1162,0x1163,0x1983,0x1943,0x18A2,0x3185,0x2944,
  0x2924,0x2944,0x2945,0x18A3,0x0020,0x0881,0x10C2,0x18A3,0x1860,0x28E2,0x2903,0x0864,0x1065,0x0864,0x0842,0x0882,
  0x10C2,0x1884,0x1885,0x1086,0x1086,0x10A6,0x10A6,0x10A7,0x10A6,0x1086,0x0865,0x1085,0x2905,0x18A5,0x0865,0x0865,
  0x0865,0x0865,0x0845,0x0845,0x0845,0x0865,0x1086,0x1086,0x0866,0x0886,0x10A6,0x0866,0x0845,0x0045,0x0845,0x0865,
  0x0845,0x0866,0x0866,0x0865,0x0845,0x0866,0x0865,0x0865,0x1065,0x0885,0x1946,0x1106,0x10C6,0x10E6,0x10E6,0x1086,
  0x0866,0x10A6,0x1086,0x0865,0x1066,0x0866,0x0866,0x0866,0x0866,0x1086,0x1086,0x0866,0x0866,0x1066,0x1086,0x1066,
  0x1061,0x1081,0x0861,0x0861,0x1081,0x0861,0x0060,0x0080,0x0881,0x0881,0x0881,0x1082,0x10A3,0x10A2,0x1082,0x10A2,
  0x10A3,0x1082,0x1082,0x1082,0x0881,0x0881,0x0881,0x0080,0x0080,0x0080,0x0080,0x0060,0x0861,0x0881,0x0881,0x0080,
  0x0060,0x0040,0x0861,0x0861,0x0861,0x0861,0x0000,0x0020,0x0841,0x1082,0x1883,0x1883,0x1883,0x1883,0x1883,0x1884,
  0x1863,0x18E3,0x1102,0x10E2,0x1102,0x08A1,0x10E2,0x1102,0x10E2,0x10E2,0x10E2,0x10E2,0x10E2,0x10E2,0x10E2,0x10E2,
  0x10E2,0x10E2,0x1102,0x1102,0x1102,0x1102,0x10E2,0x18E2,0x1182,0x1182,0x1162,0x1183,0x1923,0x18E3,0x2944,0x2924,
  0x3145,0x2904,0x2103,0x18A3,0x1063,0x0881,0x10E2,0x0862,0x2081,0x49A4,0x3945,0x1065,0x0865,0x1084,0x1062,0x0001,
  0x10A2,0x10A2,0x1884,0x1085,0x0886,0x10A6,0x1086,0x1086,0x0866,0x0886,0x1086,0x1066,0x18C5,0x1085,0x1086,0x0865,
  0x0865,0x0845,0x0866,0x1066,0x0866,0x0866,0x0866,0x0865,0x0866,0x0866,0x0865,0x0845,0x0865,0x0845,0x0845,0x0865,
  0x0845,0x0865,0x0865,0x0845,0x0845,0x0865,0x0865,0x0866,0x0865,0x0865,0x10C6,0x10C6,0x1086,0x10A5,0x0885,0x0866,
  0x1066,0x10A6,0x0866,0x1086,0x1066,0x0866,0x0866,0x0866,0x0866,0x0866,0x1066,0x1066,0x1066,0x1066,0x1066,0x1066,
  0x0020,0x0000,0x0000,0x0861,0x1082,0x0020,0x0040,0x0080,0x0060,0x0881,0x10A2,0x1082,0x1082,0x1082,0x10A2,0x10A2,
  0x10A2,0x18A3,0x18A3,0x1883,0x0881,0x0881,0x0881,0x0080,0x0080,0x0080,0x0080,0x0080,0x0881,0x0881,0x0861,0x0080,
  0x0060,0x0040,0x0040,0x0040,0x0040,0x0040,0x0861,0x0881,0x1082,0x1083,0x1883,0x1883,0x1883,0x18A4,0x18A4,0x1884,
  0x1883,0x1923,0x10E2,0x10E2,0x1102,0x08A2,0x10E2,0x1102,0x1102,0x1102,0x1102,0x1102,0x1102,0x1102,0x1102,0x10E2,
  0x10E2,0x10E2,0x1102,0x1102,0x1102,0x1102,0x10E2,0x1923,0x19A3,0x11A3,0x1162,0x19A3,0x2164,0x0860,0x2944,0x18A2,
  0x18A2,0x20C3,0x2924,0x1082,0x1062,0x0881,0x10A2,0x0022,0x20A3,0x4164,0x20A3,0x1065,0x0023,0x1063,0x2926,0x0000,
  0x0001,0x08A2,0x10A2,0x18A5,0x1886,0x0866,0x1086,0x10A6,0x10A6,0x1086,0x10A6,0x1086,0x10A6,0x1086,0x0865,0x0865,
  0x1066,0x1086,0x1086,0x1066,0x1086,0x0866,0x0845,0x0865,0x0865,0x0845,0x0865,0x0866,0x1066,0x0866,0x0866,0x0866,
  0x0865,0x0845,0x0865,0x0866,0x0866,0x0866,0x0866,0x0865,0x0865,0x0866,0x1066,0x0866,0x0866,0x1066,0x0865,0x1066,
  0x0866,0x0866,0x0865,0x0866,0x1066,0x1066,0x0866,0x0866,0x1066,0x1066,0x1066,0x1066,0x1066,0x0866,0x1066,0x0866,
  0x0040,0x0040,0x0020,0x0040,0x0020,0x0020,0x0040,0x0861,0x0060,0x0040,0x0881,0x0881,0x0881,0x0880,0x0881,0x0881,
  0x1082,0x18A3,0x18A3,0x1883,0x18A3,0x1883,0x18A3,0x18A3,0x10A2,0x1082,0x1082,0x10A3,0x1082,0x1082,0x1082,0x08A1,
  0x08A1,0x08A1,0x0880,0x0881,0x0060,0x1082,0x1082,0x1082,0x1083,0x1883,0x1883,0x1883,0x18A4,0x20A4,0x1863,0x1883,
  0x18A3,0x1922,0x10E2,0x10E2,0x10E2,0x0881,0x10E2,0x1102,0x1102,0x1102,0x1102,0x1102,0x1102,0x1102,0x1102,0x10E2,
  0x10E2,0x10E2,0x10E2,0x1102,0x0902,0x1102,0x08A1,0x1903,0x21C4,0x21C4,0x21A4,0x21C4,0x1903,0x0841,0x2124,0x1082,
  0x1082,0x18A2,0x2944,0x1882,0x1082,0x1082,0x0843,0x0824,0x0823,0x20C4,0x0823,0x0844,0x0020,0x1082,0x20E5,0x0862,
  0x0020,0x0881,0x10C2,0x10A2,0x10A4,0x10A5,0x0886,0x0886,0x0886,0x1086,0x10A6,0x10A7,0x10A6,0x1086,0x1086,0x0886,
  0x10A6,0x0886,0x0866,0x0866,0x1086,0x1086,0x1066,0x0865,0x0886,0x1086,0x1086,0x1086,0x0866,0x1086,0x0866,0x0866,
  0x0866,0x0866,0x0866,0x0866,0x0866,0x0866,0x0866,0x0866,0x0865,0x1065,0x1066,0x1066,0x0866,0x0865,0x0865,0x0865,
  0x0865,0x0845,0x0025,0x0025,0x0866,0x0866,0x0866,0x0866,0x0866,0x0865,0x0845,0x0845,0x0845,0x0845,0x0045,0x0025,
  0x0080,0x0080,0x0881,0x0060,0x0861,0x0882,0x10A2,0x1082,0x1082,0x10A2,0x1082,0x1082,0x1082,0x18A3,0x18A3,0x18A3,
  0x18C4,0x18A4,0x18A4,0x18A4,0x18A4,0x18A3,0x1883,0x1062,0x1082,0x0861,0x1082,0x1082,0x0861,0x0861,0x10A1,0x0881,
  0x18A1,0x10C1,0x08A1,0x0881,0x0020,0x0861,0x1082,0x1082,0x1083,0x1883,0x18C4,0x20C4,0x20C4,0x18A4,0x1884,0x1883,
  0x18E3,0x1943,0x1122,0x1122,0x1102,0x08A1,0x1102,0x1122,0x1922,0x1122,0x1122,0x1122,0x1122,0x1122,0x1122,0x1122,
  0x1122,0x1122,0x1122,0x1122,0x1122,0x1122,0x10E2,0x2184,0x29C4,0x29E4,0x21C4,0x21A4,0x2184,0x10C2,0x1082,0x18A2,
  0x20E3,0x18A2,0x20E3,0x1061,0x1062,0x0863,0x0844,0x0844,0x0844,0x0843,0x0844,0x0823,0x10A2,0x10C2,0x18C3,0x2124,
  0x1102,0x1122,0x1102,0x10C1,0x1102,0x1943,0x1104,0x10E5,0x10C6,0x10A7,0x10A7,0x1086,0x0886,0x1086,0x0886,0x0886,
  0x10A7,0x08A6,0x10C7,0x10C7,0x10A6,0x10A6,0x1086,0x0886,0x1086,0x1086,0x1086,0x0886,0x0866,0x1086,0x0866,0x0865,
  0x0865,0x0866,0x0866,0x1086,0x1066,0x1066,0x1065,0x0865,0x0866,0x1086,0x1086,0x1086,0x0866,0x0866,0x0866,0x0866,
  0x0866,0x0866,0x0866,0x0886,0x0865,0x0845,0x0865,0x0865,0x0865,0x0865,0x0865,0x0845,0x0865,0x0866,0x0866,0x0865,
  0x0881,0x10A2,0x10A2,0x10A3,0x18A3,0x1883,0x18A3,0x1883,0x18A3,0x18A4,0x18A4,0x18A4,0x18A4,0x18A3,0x1883,0x18A4,
  0x20A4,0x18A4,0x18A4,0x18A4,0x18A4,0x1083,0x1082,0x0861,0x0861,0x0881,0x0860,0x0060,0x0881,0x0060,0x10A1,0x0881,
  0x10A1,0x10A1,0x08A1,0x0861,0x0840,0x1082,0x1083,0x1062,0x1883,0x18A4,0x20C4,0x18A4,0x1863,0x1884,0x1884,0x1863,
  0x1923,0x1122,0x1102,0x1102,0x08E2,0x08A1,0x1102,0x10E2,0x10E2,0x1102,0x1102,0x1102,0x1102,0x1102,0x1102,0x1102,
  0x1102,0x1102,0x1102,0x10C2,0x10C3,0x1102,0x10E2,0x0881,0x0881,0x0881,0x0881,0x1081,0x0881,0x1082,0x1082,0x10A2,
  0x1081,0x1082,0x1081,0x1082,0x1042,0x0844,0x0843,0x0823,0x1045,0x0823,0x0823,0x0823,0x0882,0x1102,0x10E2,0x10E2,
  0x10E2,0x1102,0x1102,0x10E2,0x1102,0x1102,0x1122,0x1942,0x1923,0x10C4,0x10A6,0x10C7,0x10A6,0x0866,0x1086,0x10A6,
  0x10A6,0x10C7,0x10C7,0x10A6,0x08A6,0x08A6,0x10A6,0x0886,0x10A6,0x10A7,0x10C7,0x10C7,0x10A6,0x10A6,0x10A6,0x10A7,
  0x10C7,0x1086,0x0886,0x0886,0x0866,0x0865,0x0865,0x0866,0x0866,0x1086,0x0886,0x10A6,0x1086,0x0865,0x0866,0x10C7,
  0x10C7,0x1086,0x1066,0x0866,0x0866,0x1066,0x0865,0x1066,0x1066,0x1066,0x0866,0x0866,0x0866,0x0866,0x0866,0x0865,
  0x10A2,0x18A3,0x18A3,0x18A3,0x18A3,0x18A3,0x18A3,0x18A3,0x1883,0x18A4,0x18A4,0x18A4,0x18A3,0x1083,0x18A3,0x18A4,
  0x18A4,0x1082,0x1082,0x10A3,0x10A2,0x0861,0x0861,0x0841,0x0861,0x0861,0x0841,0x10A2,0x08A1,0x08A1,0x0881,0x10A1,
  0x1081,0x10A1,0x0881,0x0860,0x10A2,0x1883,0x1083,0x1883,0x1083,0x18A4,0x20A4,0x1883,0x1863,0x1863,0x1883,0x1062,
  0x1922,0x1102,0x1102,0x1102,0x08E2,0x08A1,0x1102,0x1102,0x10E2,0x10E2,0x10E2,0x10E2,0x1102,0x1102,0x1102,0x1102,
  0x1102,0x1102,0x10E2,0x08C2,0x08C2,0x10E2,0x10E2,0x0000,0x0000,0x0000,0x0000,0x0000,0x0000,0x0821,0x18C3,0x2184,
  0x1903,0x18A3,0x18C3,0x18C3,0x0842,0x0843,0x0823,0x0022,0x0845,0x0824,0x0824,0x0823,0x0863,0x1102,0x1102,0x1102,
  0x10E2,0x1102,0x1102,0x10E2,0x10E2,0x1102,0x1102,0x1102,0x1102,0x1922,0x1924,0x1106,0x1107,0x10E7,0x10A6,0x10C7,
  0x10C7,0x10A6,0x0885,0x0886,0x10A6,0x10C7,0x10C7,0x10A6,0x1086,0x0886,0x0886,0x0886,0x0886,0x0886,0x1086,0x1086,
  0x10A6,0x10A6,0x10C7,0x1086,0x10A7,0x10A6,0x10A7,0x10C7,0x10C7,0x10C7,0x10A7,0x0886,0x10A6,0x0886,0x0866,0x0865,
  0x0865,0x0865,0x1065,0x1065,0x0866,0x0886,0x1086,0x1086,0x0886,0x0866,0x0866,0x0866,0x1066,0x1066,0x1066,0x0865,
  0x0881,0x0881,0x0881,0x1082,0x1082,0x10A3,0x18A3,0x1883,0x18A3,0x18A3,0x18A4,0x1883,0x18A3,0x18A4,0x18A4,0x18A3,
  0x1082,0x1082,0x0881,0x0861,0x0881,0x10A2,0x10A2,0x10A2,0x10A2,0x1082,0x0881,0x0880,0x0080,0x08A1,0x0881,0x0881,
  0x10A1,0x10C1,0x0861,0x10C1,0x18C2,0x1082,0x1082,0x1083,0x1883,0x18A4,0x20C4,0x18A4,0x1883,0x1883,0x1883,0x1882,
  0x1922,0x08E2,0x08E2,0x1102,0x08E2,0x08A2,0x1102,0x1102,0x1102,0x1102,0x10E2,0x10E2,0x10E2,0x10E2,0x10E2,0x1102,
  0x1102,0x1102,0x1102,0x1102,0x1102,0x1102,0x10C2,0x0841,0x0861,0x0861,0x0000,0x0000,0x0020,0x1041,0x18C3,0x18C3,
  0x10A2,0x1082,0x18A3,0x2104,0x1062,0x0823,0x0823,0x0001,0x0824,0x0844,0x0844,0x0844,0x0863,0x10E2,0x1102,0x1102,
  0x1102,0x10E2,0x1102,0x10E2,0x10E2,0x1102,0x1102,0x1102,0x0902,0x10E2,0x1102,0x10A2,0x1083,0x10C5,0x10E6,0x10C6,
  0x10E6,0x1128,0x1107,0x10C7,0x0886,0x0886,0x10A6,0x10A7,0x10A7,0x10A6,0x10C7,0x10E7,0x10E7,0x10E7,0x10C7,0x10C7,
  0x10A6,0x0886,0x0886,0x0886,0x1086,0x0886,0x0886,0x0886,0x0886,0x0886,0x08A6,0x10E8,0x10E8,0x1108,0x1108,0x10C7,
  0x10C6,0x10C7,0x0886,0x0886,0x0866,0x0866,0x1086,0x10A6,0x10A6,0x10A6,0x10A6,0x1086,0x1066,0x1066,0x0866,0x1086,
  0x0881,0x0881,0x0882,0x10A3,0x10A2,0x1082,0x1083,0x18A3,0x20A4,0x18A4,0x18A4,0x1883,0x18A4,0x18A4,0x18A4,0x18A3,
  0x18A3,0x18A3,0x1083,0x1082,0x1083,0x1082,0x0881,0x0880,0x0080,0x0881,0x0040,0x0040,0x0040,0x0060,0x0040,0x0840,
  0x1081,0x1081,0x10A1,0x10A2,0x1082,0x1883,0x1883,0x1883,0x20C4,0x20C4,0x20C4,0x1883,0x1884,0x1884,0x1863,0x1082,
  0x1902,0x1881,0x1861,0x08C1,0x08E2,0x08A2,0x10E2,0x10E2,0x10E2,0x08E2,0x10E2,0x10E2,0x10E2,0x10E2,0x08E2,0x08E2,
  0x08E2,0x08E2,0x10E2,0x10E2,0x10E2,0x1102,0x10A2,0x1062,0x1082,0x1082,0x0000,0x0000,0x0000,0x1041,0x1082,0x0881,
  0x1062,0x1062,0x1062,0x20C3,0x0841,0x0822,0x0824,0x1062,0x1883,0x0824,0x0843,0x0022,0x0882,0x10E2,0x08E2,0x08E2,
  0x08E2,0x08E2,0x10E2,0x10E2,0x10C2,0x10E2,0x10E2,0x10E2,0x10E2,0x08E2,0x20C2,0x28E3,0x1882,0x1882,0x1863,0x1863,
  0x1063,0x10A4,0x10C5,0x1128,0x1128,0x1108,0x10E8,0x10A6,0x1086,0x0865,0x0886,0x10A7,0x08A6,0x10A6,0x10A7,0x08A6,
  0x08A6,0x10A6,0x10A7,0x10A7,0x10A6,0x10C7,0x10E7,0x10C7,0x10C7,0x10A6,0x10A6,0x10A6,0x0886,0x0886,0x0886,0x0886,
  0x0886,0x10A6,0x10C7,0x10C7,0x10A7,0x10C7,0x10A7,0x08A6,0x1086,0x1086,0x1086,0x1086,0x0865,0x1065,0x0865,0x1086,
  0x1062,0x18A3,0x20A4,0x18A3,0x1082,0x1083,0x18A3,0x18A4,0x20A4,0x18A4,0x18A3,0x18A4,0x18A4,0x18A3,0x1082,0x1082,
  0x1083,0x18A3,0x18A3,0x1883,0x1083,0x0881,0x0880,0x0080,0x0080,0x0060,0x0040,0x0020,0x0040,0x0040,0x0020,0x0020,
  0x0020,0x0020,0x0861,0x1081,0x1082,0x1883,0x1883,0x20C4,0x20C4,0x20C4,0x18A4,0x1883,0x1883,0x1884,0x1883,0x1883,
  0x1102,0x10A1,0x1081,0x08E2,0x08C2,0x08A2,0x1102,0x1102,0x10E2,0x10E2,0x1102,0x10E2,0x10E2,0x10E2,0x10E2,0x10E2,
  0x10E2,0x10E2,0x1102,0x10E2,0x10E2,0x1102,0x08A1,0x0000,0x0000,0x0000,0x0000,0x0000,0x0000,0x0841,0x10A3,0x10C2,
  0x10A2,0x18A3,0x18A2,0x1882,0x0841,0x1042,0x0803,0x39C6,0x39A6,0x0001,0x0022,0x0862,0x10E2,0x10E2,0x10E2,0x10E2,
  0x10E2,0x10E2,0x1102,0x08C2,0x10E2,0x10E2,0x10E2,0x10E2,0x10E2,0x08E2,0x3902,0x4922,0x20A2,0x20A2,0x2083,0x2082,
  0x2082,0x1862,0x1862,0x1862,0x10A4,0x10C6,0x1107,0x1128,0x1128,0x1128,0x1108,0x1108,0x10E8,0x10E8,0x10E8,0x10C7,
  0x10C7,0x10C7,0x10A6,0x0866,0x1086,0x10A6,0x10A6,0x0865,0x0865,0x10C7,0x10C6,0x10C6,0x10C7,0x10A6,0x10A6,0x10C7,
  0x10C7,0x10A6,0x1086,0x0886,0x0866,0x1086,0x1086,0x1086,0x10A6,0x10C7,0x10C7,0x10C7,0x10E7,0x10C7,0x10C7,0x10A6,
  0x18A3,0x1082,0x1082,0x1082,0x1082,0x18A4,0x18A4,0x18A4,0x1083,0x1883,0x18A3,0x18A4,0x18A4,0x18A3,0x18A3,0x18A3,
  0x1083,0x1082,0x1082,0x10A2,0x0881,0x0881,0x0080,0x0081,0x0881,0x0880,0x0080,0x0060,0x0060,0x0060,0x0060,0x0020,
  0x0040,0x0840,0x0841,0x1062,0x1062,0x1083,0x20A4,0x20C4,0x20C4,0x20C4,0x18A4,0x1883,0x1883,0x1883,0x1883,0x1863,
  0x1902,0x1102,0x1102,0x1102,0x08C2,0x0882,0x10E2,0x10E2,0x10E2,0x1102,0x1102,0x1102,0x1102,0x1102,0x1102,0x10E2,
  0x10E2,0x1102,0x1102,0x10E2,0x10E2,0x1102,0x08A2,0x0001,0x0000,0x0000,0x0000,0x0000,0x0000,0x0821,0x10A3,0x1082,
  0x1082,0x18A3,0x20C3,0x1861,0x1041,0x1881,0x3103,0x4144,0x2104,0x0862,0x0863,0x1905,0x10E2,0x10E2,0x10E2,0x10E2,
  0x1102,0x1102,0x10E2,0x10E2,0x1102,0x1102,0x1122,0x1102,0x1102,0x08E2,0x28E2,0x30C2,0x20A2,0x20A2,0x20A2,0x20A2,
  0x20A2,0x20A2,0x2082,0x1882,0x1882,0x1862,0x1863,0x1083,0x10A4,0x10C5,0x1107,0x10E7,0x1107,0x1128,0x1949,0x1149,
  0x1969,0x196A,0x1149,0x1128,0x1128,0x1108,0x10E8,0x10E8,0x10C7,0x10C7,0x10A6,0x0865,0x1086,0x1086,0x10A6,0x10A7,
  0x10A6,0x10A6,0x10A6,0x10C7,0x10C7,0x10E7,0x10C7,0x08A6,0x0886,0x0865,0x0865,0x0865,0x1066,0x10A7,0x10C7,0x10E7,
  0x18A3,0x10A2,0x1082,0x18A3,0x18A4,0x18A4,0x18A3,0x1082,0x1082,0x18A4,0x18A4,0x18A4,0x18A4,0x18A4,0x20A4,0x20A4,
  0x20C4,0x18A4,0x18A3,0x1883,0x18A3,0x18A3,0x10A3,0x1082,0x0881,0x0881,0x0881,0x0881,0x0881,0x0080,0x0080,0x0080,
  0x0880,0x0881,0x1082,0x1883,0x1883,0x1883,0x20C4,0x20C4,0x20C4,0x20C4,0x18A4,0x1883,0x1883,0x1063,0x1883,0x1063,
  0x10E2,0x1102,0x10E2,0x1102,0x1102,0x0881,0x10C2,0x10E1,0x10E2,0x10E1,0x10E2,0x1102,0x0902,0x10E2,0x08E2,0x08E2,
  0x08E2,0x08E2,0x08E2,0x0902,0x08E2,0x1102,0x08A1,0x0001,0x0821,0x0021,0x0821,0x0821,0x0821,0x0841,0x0842,0x0821,
  0x0841,0x0842,0x1041,0x1041,0x1041,0x0861,0x1061,0x1041,0x10A4,0x10C4,0x0842,0x1906,0x10E3,0x10E2,0x08E2,0x10E2,
  0x10C2,0x0060,0x0020,0x0000,0x0000,0x0020,0x0860,0x1102,0x1122,0x10C2,0x3102,0x28C2,0x20A2,0x20A2,0x20A2,0x20A2,
  0x20A2,0x20A2,0x20A2,0x20A2,0x2082,0x1883,0x1882,0x1882,0x1862,0x1862,0x1862,0x1862,0x1862,0x1863,0x1884,0x1084,
  0x10A4,0x10C6,0x10E6,0x10E6,0x10E6,0x10E6,0x10E6,0x10E7,0x1128,0x1128,0x1128,0x1108,0x10A7,0x0865,0x1065,0x1086,
  0x10C7,0x10A7,0x0886,0x0866,0x0886,0x0886,0x1086,0x10A6,0x10E7,0x10C7,0x10C7,0x10A6,0x10A6,0x0886,0x0865,0x0865,
  0x0861,0x10A2,0x1882,0x20A4,0x18A4,0x18A4,0x1082,0x0881,0x10A3,0x18A4,0x18A4,0x18A4,0x18A4,0x18A4,0x18A4,0x18A4,
  0x18A3,0x18A3,0x1083,0x18A3,0x1883,0x1082,0x1082,0x0881,0x0881,0x0861,0x0860,0x0880,0x0080,0x0080,0x0080,0x0080,
  0x0080,0x0881,0x1082,0x1883,0x1883,0x18A4,0x20C4,0x20C4,0x20C4,0x20C4,0x18A4,0x1883,0x1883,0x1863,0x1063,0x1063,
  0x10A2,0x1922,0x1102,0x1922,0x1922,0x08C2,0x1102,0x1122,0x1102,0x1902,0x1102,0x1122,0x1122,0x1122,0x1122,0x1122,
  0x1122,0x1122,0x1122,0x1122,0x1122,0x1122,0x10C2,0x1083,0x1083,0x1883,0x18A3,0x1883,0x1883,0x1883,0x1883,0x1883,
  0x1883,0x1883,0x1062,0x1083,0x1082,0x0881,0x0062,0x0043,0x10E6,0x1905,0x0042,0x18E5,0x1904,0x10E2,0x1102,0x10C2,
  0x0000,0x0000,0x0000,0x0000,0x0000,0x0001,0x0000,0x0020,0x1122,0x10E2,0x10A2,0x18A2,0x20A2,0x20A2,0x20A2,0x20A2,
  0x20A2,0x20A2,0x20A2,0x20A2,0x20A2,0x20A2,0x20A2,0x20A2,0x2082,0x1882,0x2082,0x1882,0x1882,0x1882,0x1862,0x1862,
  0x1862,0x1862,0x1862,0x1862,0x1862,0x1862,0x1862,0x1862,0x1862,0x1083,0x10A4,0x10E6,0x1148,0x1128,0x10E8,0x0886,
  0x0865,0x1086,0x10A6,0x1086,0x0865,0x1086,0x0886,0x0865,0x0865,0x0886,0x1086,0x1086,0x10C7,0x10E7,0x1108,0x10E7,
  0x0841,0x10A2,0x1062,0x1883,0x1883,0x18A3,0x1082,0x0881,0x18A4,0x18A4,0x18A4,0x18A4,0x18A4,0x1883,0x18A4,0x18A4,
  0x18A3,0x18A3,0x18A3,0x1083,0x1082,0x1082,0x10A3,0x1082,0x18A3,0x18A3,0x1082,0x10A2,0x0881,0x0080,0x0080,0x0080,
  0x0080,0x0881,0x1083,0x18A4,0x1883,0x1884,0x20C4,0x20C4,0x20C4,0x20C4,0x18A4,0x1883,0x1883,0x1883,0x1063,0x3126,
  0x18C4,0x08A1,0x10E2,0x10E1,0x10E2,0x08A2,0x10E2,0x10E2,0x10E2,0x10E2,0x10E2,0x10E2,0x10E2,0x10E2,0x1102,0x1102,
  0x1102,0x1102,0x1102,0x1102,0x1102,0x1102,0x08A1,0x0842,0x1062,0x1062,0x1062,0x1042,0x1042,0x1042,0x1062,0x1062,
  0x1062,0x1062,0x1062,0x1062,0x1062,0x10A1,0x08A2,0x0862,0x10A4,0x1926,0x0062,0x0883,0x1925,0x10C2,0x10C1,0x0020,
  0x0000,0x0000,0x0821,0x0842,0x0842,0x0021,0x0001,0x0000,0x0881,0x1102,0x20E4,0x3146,0x28E3,0x30E2,0x30E3,0x28E3,
  0x28E2,0x28C2,0x20A2,0x20A2,0x20A2,0x20A2,0x20A2,0x20A2,0x20C2,0x28C2,0x20A2,0x20A2,0x20A2,0x20A2,0x20A2,0x20A2,
  0x20A2,0x20A2,0x20A3,0x20A3,0x2082,0x1882,0x1882,0x2083,0x2082,0x1882,0x1862,0x1862,0x1083,0x10C5,0x1128,0x1949,
  0x1129,0x1108,0x10E7,0x08A6,0x0886,0x0885,0x10A6,0x0886,0x0865,0x1086,0x1086,0x10A6,0x0886,0x0866,0x0886,0x1086,
  0x10A2,0x18C2,0x0861,0x0841,0x1082,0x1083,0x1082,0x18A3,0x20A4,0x18A4,0x18A4,0x18A4,0x18A4,0x18A4,0x18A4,0x18A3,
  0x18A3,0x18A4,0x18A4,0x18A4,0x18A3,0x18A4,0x18A4,0x18A3,0x18A4,0x1883,0x18A4,0x18A4,0x10A2,0x10A2,0x0881,0x0880,
  0x0080,0x0080,0x1082,0x1083,0x18A4,0x18A4,0x20C5,0x20C4,0x20C4,0x1884,0x1884,0x1884,0x1883,0x1883,0x1883,0x3146,
  0x20E4,0x0061,0x08C1,0x10A1,0x10C1,0x0881,0x1081,0x10C2,0x08A2,0x08A2,0x0881,0x0081,0x08A2,0x08A1,0x08C2,0x08C2,
  0x10C2,0x08C2,0x08C2,0x08C2,0x08C1,0x10A1,0x0861,0x0841,0x0841,0x0841,0x0861,0x0841,0x0841,0x0841,0x0841,0x0841,
  0x0861,0x0861,0x0841,0x0841,0x0861,0x0881,0x08A1,0x0061,0x0863,0x1906,0x0042,0x0042,0x1084,0x10A1,0x0881,0x0000,
  0x0000,0x0842,0x1884,0x18A4,0x1884,0x1063,0x0021,0x0000,0x0020,0x10C2,0x20E5,0x20C4,0x28E3,0x3923,0x3923,0x3123,
  0x3103,0x3103,0x28E3,0x28C2,0x28E2,0x28C2,0x28C2,0x28C2,0x20A2,0x20A2,0x20A2,0x20C2,0x20A2,0x20A2,0x20A2,0x20C2,
  0x28C2,0x20C2,0x20C2,0x20C2,0x20C2,0x20A2,0x20C2,0x20C2,0x20A3,0x20A3,0x2082,0x1883,0x1882,0x1882,0x1083,0x1084,
  0x10E6,0x1107,0x1148,0x1969,0x1949,0x1128,0x10E8,0x10C7,0x10A6,0x0886,0x10A6,0x0886,0x0886,0x0886,0x0886,0x10A6,
  0x1081,0x1081,0x0881,0x10A1,0x10A2,0x18A3,0x1082,0x1083,0x18A4,0x18A3,0x18A4,0x18A4,0x18A4,0x18A4,0x1883,0x18A3,
  0x1883,0x18A3,0x18A4,0x20A4,0x18A4,0x18A4,0x18A4,0x18A4,0x18A4,0x18A3,0x18A3,0x1883,0x1083,0x10A2,0x10A2,0x0881,
  0x0080,0x0080,0x0881,0x1082,0x1883,0x18A3,0x20C4,0x20C4,0x20A4,0x1883,0x18A4,0x1884,0x1063,0x1883,0x1883,0x1883,
  0x1083,0x0841,0x0841,0x0820,0x0020,0x0020,0x0020,0x0020,0x0862,0x0842,0x1083,0x1083,0x0842,0x0861,0x0020,0x0020,
  0x0020,0x0041,0x0841,0x0041,0x0041,0x0841,0x0841,0x0841,0x0840,0x0861,0x0841,0x0841,0x0841,0x0861,0x0861,0x0861,
  0x0861,0x0861,0x0861,0x0861,0x0861,0x0861,0x0861,0x0041,0x0863,0x10C5,0x0843,0x0843,0x0021,0x0861,0x0020,0x0000,
  0x0000,0x1883,0x1884,0x2105,0x20E4,0x1063,0x1062,0x0000,0x0841,0x20A2,0x20A3,0x28E4,0x4163,0x4163,0x3943,0x3923,
  0x3903,0x3903,0x3103,0x3103,0x3103,0x3103,0x3103,0x3103,0x30E3,0x28E3,0x28E3,0x28E3,0x28E2,0x28C2,0x28C2,0x28C2,
  0x28C2,0x20C2,0x20C2,0x20C2,0x28C3,0x20A2,0x20C2,0x20C2,0x20C2,0x28C2,0x20C2,0x20A2,0x20A2,0x1883,0x1883,0x1882,
  0x1862,0x1062,0x1083,0x10C5,0x1107,0x1128,0x1149,0x196A,0x196A,0x196A,0x1129,0x1108,0x1108,0x1108,0x1108,0x10E7,
  0x0861,0x0861,0x0861,0x10A2,0x0841,0x1083,0x18A3,0x1082,0x18A3,0x1883,0x18C4,0x18A4,0x18A4,0x1883,0x1083,0x18A3,
  0x1083,0x1883,0x18A4,0x1883,0x18A3,0x18A4,0x18A4,0x18A4,0x18A3,0x18A3,0x1883,0x1083,0x1082,0x0861,0x1082,0x0861,
  0x0060,0x0880,0x0860,0x18A2,0x1883,0x1882,0x20A4,0x20C5,0x20C4,0x1883,0x18A4,0x18A4,0x1063,0x1063,0x1063,0x1062,
  0x1082,0x1882,0x0842,0x0822,0x0842,0x1042,0x0841,0x0000,0x1083,0x1042,0x1063,0x1863,0x1042,0x18A3,0x0000,0x0000,
  0x0000,0x18C2,0x2903,0x28E3,0x28E3,0x28E3,0x28E3,0x28E3,0x28E3,0x28E3,0x28E3,0x28E3,0x28E3,0x28E3,0x28E3,0x28E3,
  0x28E3,0x28E3,0x28E3,0x28E3,0x28E3,0x28E3,0x28E3,0x2903,0x1883,0x1085,0x0884,0x1062,0x2903,0x18A2,0x0000,0x0000,
  0x0000,0x18A3,0x0823,0x1083,0x1063,0x1043,0x1083,0x0000,0x20A2,0x4143,0x3903,0x3923,0x51E4,0x5A45,0x5A05,0x51E4,
  0x49C4,0x49A4,0x49A4,0x49C4,0x4984,0x4163,0x4143,0x4143,0x3923,0x3923,0x3923,0x3123,0x3103,0x3103,0x3103,0x3103,
  0x30E3,0x30E3,0x3103,0x28E3,0x28E2,0x28C2,0x28C2,0x28C2,0x28C2,0x20C2,0x20C2,0x20C2,0x20C2,0x20C2,0x20A3,0x1883,
  0x1882,0x1882,0x1882,0x1862,0x1862,0x1063,0x1083,0x10C5,0x10C6,0x10E7,0x1127,0x1107,0x1128,0x1148,0x1128,0x1128,
  0x0060,0x0861,0x0020,0x0861,0x1883,0x18A3,0x18A3,0x1082,0x10A2,0x18A3,0x18A4,0x18A4,0x18A4,0x1883,0x1883,0x18A3,
  0x1883,0x18A3,0x18A4,0x1883,0x1883,0x18A3,0x1083,0x1883,0x1883,0x18A3,0x18A4,0x18A3,0x18A3,0x1883,0x1083,0x1062,
  0x1082,0x1081,0x1081,0x20C2,0x1062,0x18A2,0x18A4,0x18A4,0x20A4,0x1884,0x1883,0x20C4,0x1884,0x1063,0x1063,0x1062,
  0x1062,0x1862,0x1883,0x1042,0x0821,0x0000,0x0000,0x0000,0x0821,0x18A4,0x1063,0x1063,0x20C4,0x1062,0x0000,0x0000,
  0x0000,0x0820,0x0820,0x0820,0x0820,0x0820,0x0820,0x0820,0x0820,0x0820,0x0820,0x0820,0x0820,0x0820,0x0820,0x0820,
  0x0820,0x0820,0x0820,0x0820,0x0820,0x0820,0x0820,0x0820,0x0821,0x10A5,0x08A4,0x0820,0x0840,0x0841,0x0000,0x0000,
  0x0000,0x1062,0x18A4,0x1043,0x1043,0x20C4,0x0841,0x0000,0x20C3,0x3923,0x3923,0x3923,0x3923,0x49A4,0x5A24,0x6245,
  0x6245,0x6245,0x6245,0x6245,0x6245,0x5A25,0x5A04,0x5A04,0x51E4,0x49C4,0x49A4,0x4184,0x4163,0x4143,0x4143,0x4143,
  0x3943,0x3923,0x3923,0x3103,0x3103,0x3103,0x3103,0x3103,0x30E3,0x28E3,0x20C2,0x20C2,0x20A2,0x20C2,0x20C2,0x20A2,
  0x20A2,0x2083,0x1883,0x1882,0x1883,0x1882,0x1882,0x1862,0x1862,0x1862,0x1863,0x1863,0x1063,0x1083,0x1083,0x1084,
  0x10A1,0x0080,0x0881,0x1082,0x0882,0x1082,0x18A3,0x1082,0x0881,0x10A2,0x10A3,0x18A3,0x1884,0x18A4,0x1883,0x18A3,
  0x1883,0x1883,0x18A4,0x1883,0x1883,0x1883,0x18A4,0x1884,0x18A4,0x1883,0x1883,0x1082,0x1883,0x18A3,0x1883,0x18A2,
  0x1883,0x18A2,0x18A1,0x20C2,0x1061,0x20C3,0x1062,0x20C2,0x20C4,0x1884,0x1863,0x20A4,0x1884,0x1063,0x1063,0x1062,
  0x1042,0x1062,0x0841,0x0021,0x0000,0x0000,0x0000,0x0000,0x0000,0x0021,0x1083,0x18A3,0x0862,0x0000,0x0000,0x0000,
  0x0000,0x0000,0x0000,0x0000,0x0000,0x0000,0x0000,0x0000,0x0000,0x0000,0x0000,0x0000,0x0000,0x0000,0x0000,0x0000,
  0x0000,0x0000,0x0000,0x0000,0x0000,0x0000,0x0000,0x0000,0x0020,0x0863,0x10A5,0x0000,0x0000,0x0000,0x0000,0x0000,
  0x0000,0x0000,0x0841,0x1083,0x1083,0x0841,0x0000,0x0000,0x0000,0x1881,0x28E2,0x3923,0x3923,0x3923,0x4163,0x5A04,
  0x5A25,0x6245,0x6245,0x6224,0x5A25,0x6244,0x6224,0x5A24,0x6245,0x6245,0x5A45,0x5A25,0x5A25,0x5A05,0x5A25,0x5A05,
  0x5A04,0x51E4,0x51E4,0x49A4,0x4183,0x4163,0x3923,0x3923,0x3103,0x3103,0x3103,0x28E3,0x28C2,0x20C2,0x20A2,0x28C2,
  0x28C2,0x20C2,0x20A2,0x20A2,0x20A2,0x20A2,0x20A3,0x1883,0x1883,0x1883,0x1882,0x1882,0x1882,0x1882,0x1882,0x1883,
  0x18C2,0x0060,0x0880,0x0880,0x0881,0x0881,0x0881,0x0881,0x0080,0x0080,0x0881,0x18A3,0x18A4,0x18A4,0x18A4,0x18A3,
  0x18A4,0x18A3,0x18A3,0x18A3,0x1883,0x1883,0x1883,0x18A3,0x18A3,0x1883,0x1883,0x18A3,0x18A4,0x1883,0x18A3,0x20C3,
  0x1883,0x18A2,0x18A1,0x20E2,0x20C2,0x20C2,0x1882,0x20E3,0x1883,0x1882,0x1864,0x1863,0x18A4,0x1883,0x1883,0x1063,
  0x1042,0x0821,0x0000,0x0000,0x0000,0x0000,0x0000,0x0000,0x0000,0x0000,0x0000,0x0000,0x0000,0x0000,0x0000,0x0000,
  0x0000,0x0000,0x0000,0x0000,0x0000,0x0000,0x0000,0x0000,0x0000,0x0000,0x0000,0x0000,0x0000,0x0000,0x0000,0x0000,
  0x0000,0x0000,0x0000,0x0000,0x0000,0x0000,0x0000,0x0000,0x0000,0x0821,0x0863,0x0000,0x0000,0x0000,0x0000,0x0000,
  0x0000,0x0000,0x0000,0x0000,0x0000,0x0000,0x0000,0x0000,0x0000,0x0820,0x20A2,0x30E3,0x3923,0x3923,0x3923,0x4163,
  0x4983,0x51E4,0x5A25,0x6245,0x5A24,0x5A24,0x5A24,0x5A24,0x6225,0x6225,0x6245,0x6245,0x5A24,0x5A24,0x5A25,0x6245,
  0x6245,0x6244,0x6244,0x6245,0x5A25,0x5A04,0x51C4,0x4984,0x4163,0x3923,0x3923,0x3103,0x3103,0x30E3,0x28C2,0x28C2,
  0x20A2,0x20A2,0x20A2,0x20A2,0x20A2,0x20C2,0x20C2,0x20C2,0x20A2,0x20A2,0x20A2,0x20A2,0x20A2,0x20A2,0x20A3,0x2083,
  0x0861,0x10A1,0x08A1,0x0080,0x0880,0x0880,0x0080,0x0080,0x0080,0x0080,0x0881,0x10A2,0x18A3,0x18A4,0x1083,0x1083,
  0x1883,0x18A4,0x18A3,0x1883,0x18A4,0x1883,0x1883,0x1082,0x1083,0x1883,0x18A4,0x1883,0x1884,0x1883,0x18A2,0x20A2,
  0x20A2,0x18A2,0x18A2,0x20C2,0x18A2,0x1061,0x2903,0x18A2,0x18A2,0x1883,0x1864,0x1063,0x1883,0x18A4,0x1884,0x1864,
  0x1063,0x0842,0x1042,0x0841,0x0842,0x1041,0x1061,0x1061,0x0841,0x1041,0x0841,0x0841,0x1041,0x1061,0x1061,0x1862,
  0x1061,0x1862,0x1882,0x1882,0x1882,0x1882,0x1882,0x1882,0x1882,0x2082,0x2082,0x20A2,0x20A2,0x20A2,0x20A2,0x20A2,
  0x20C2,0x20A2,0x20C2,0x20C2,0x20C2,0x20A2,0x1861,0x1062,0x0820,0x0820,0x1040,0x1040,0x1061,0x1882,0x20C2,0x20C2,
  0x28C2,0x28C2,0x28C2,0x28C2,0x28C2,0x28C2,0x28C2,0x28E2,0x3102,0x3923,0x3923,0x3923,0x3923,0x3923,0x3923,0x4143,
  0x3943,0x3923,0x4984,0x51C4,0x51E4,0x5A04,0x5A24,0x5A25,0x6245,0x6244,0x6245,0x5A04,0x5A24,0x5A25,0x5A24,0x5A24,
  0x5A24,0x6224,0x5A24,0x5A24,0x5A25,0x5A25,0x5A24,0x5A24,0x5A04,0x51C4,0x4984,0x4143,0x3923,0x3903,0x3103,0x30E3,
  0x28E3,0x28C3,0x20C2,0x28C2,0x28C2,0x20C2,0x20A2,0x28C2,0x28C2,0x20A2,0x20A2,0x20A2,0x20A2,0x20A2,0x20C2,0x20C2,
  0x20C2,0x18C2,0x0060,0x0080,0x0080,0x0080,0x0060,0x0080,0x0880,0x0080,0x0060,0x0881,0x10A2,0x10A2,0x1082,0x1883,
  0x18A3,0x18A4,0x18A4,0x1883,0x18A4,0x18A4,0x18A4,0x18A4,0x20A4,0x18A4,0x18A4,0x1883,0x18A3,0x1883,0x1882,0x1061,
  0x20C2,0x1081,0x18A2,0x20C2,0x18A2,0x1881,0x2903,0x1882,0x20C2,0x1882,0x1063,0x1884,0x1063,0x1883,0x18A4,0x1884,
  0x1884,0x1063,0x1042,0x1042,0x1063,0x1063,0x1862,0x1882,0x1862,0x1882,0x1862,0x1862,0x1882,0x20A2,0x20A3,0x20A2,
  0x20A2,0x20A2,0x20A3,0x20C2,0x28A2,0x28C2,0x28C2,0x28C2,0x28C2,0x28C3,0x28C2,0x28C3,0x28E3,0x30E3,0x28E3,0x28C2,
  0x28C2,0x30E3,0x30E3,0x3103,0x3103,0x3103,0x3103,0x3103,0x28E3,0x28E3,0x20C2,0x20A1,0x28C2,0x3103,0x3923,0x3923,
  0x3923,0x3903,0x3923,0x3923,0x3923,0x3923,0x3923,0x3923,0x3923,0x3923,0x3943,0x3923,0x3923,0x3923,0x3923,0x4143,
  0x4143,0x3923,0x3923,0x4143,0x4184,0x4984,0x4984,0x49C4,0x51E4,0x5A05,0x5A04,0x5A24,0x6244,0x5A24,0x6245,0x6245,
  0x5A24,0x5A24,0x5A24,0x5A24,0x5A24,0x5A24,0x5A04,0x5A24,0x5A24,0x6225,0x5A04,0x51E4,0x49C4,0x4984,0x4143,0x3923,
  0x3103,0x3103,0x30E3,0x30E3,0x30E3,0x30E3,0x28E3,0x28E3,0x28E3,0x28E2,0x28C2,0x28C2,0x28C2,0x28C2,0x28C2,0x20C2,
  0x20C2,0x0020,0x0861,0x0060,0x0080,0x0060,0x0860,0x0861,0x1081,0x0861,0x08A1,0x0080,0x0881,0x0881,0x0881,0x18A3,
  0x18A4,0x18A4,0x1883,0x18C4,0x20C4,0x18A4,0x18A4,0x18A3,0x18A4,0x1883,0x1062,0x1083,0x18A3,0x20E3,0x1882,0x0820,
  0x20C2,0x1061,0x1881,0x18A2,0x0841,0x20C2,0x18A2,0x18A2,0x20C2,0x18A2,0x1883,0x1883,0x1884,0x1863,0x1884,0x18A4,
  0x1884,0x1883,0x1863,0x1063,0x1063,0x1063,0x1063,0x1063,0x1062,0x1862,0x1882,0x1882,0x1882,0x1882,0x2082,0x20A2,
  0x20A2,0x20A2,0x20A2,0x20A2,0x20A2,0x20A2,0x20A2,0x20A2,0x20A2,0x20A2,0x20A2,0x28C2,0x20A2,0x28C2,0x28C2,0x28C2,
  0x28E3,0x28C2,0x28C2,0x28E2,0x3103,0x3103,0x3103,0x3103,0x3103,0x3103,0x3923,0x3923,0x3923,0x3123,0x3903,0x3923,
  0x3103,0x3103,0x3923,0x3923,0x3923,0x3923,0x3923,0x3923,0x3923,0x3923,0x3923,0x3923,0x3923,0x3923,0x3923,0x3923,
  0x3923,0x3923,0x3923,0x3943,0x3943,0x3923,0x3943,0x3923,0x3923,0x4143,0x4184,0x49A4,0x51C4,0x51E4,0x5A04,0x5A25,
  0x5A24,0x5A25,0x5A24,0x5A25,0x5A24,0x5A24,0x5A25,0x5A25,0x5A24,0x5A24,0x5A25,0x5A25,0x5A24,0x5A04,0x5204,0x51E4,
  0x49C4,0x4184,0x4143,0x3923,0x3923,0x3903,0x3103,0x3103,0x3103,0x3103,0x3103,0x3103,0x3103,0x3103,0x30E3,0x28E2,
  0x0000,0x0861,0x0020,0x0060,0x0880,0x0060,0x0881,0x0881,0x0881,0x10A1,0x0880,0x0080,0x0881,0x10A2,0x0881,0x0882,
  0x1082,0x10A3,0x1062,0x18A3,0x18A3,0x18A3,0x18A4,0x18A4,0x18A3,0x18A3,0x18A3,0x1083,0x1082,0x1882,0x28E3,0x0841,
  0x1061,0x1881,0x1081,0x1061,0x0841,0x20C2,0x1881,0x18A2,0x20C2,0x20C2,0x20A3,0x1883,0x1863,0x1863,0x1883,0x1884,
  0x1883,0x1884,0x1884,0x1864,0x1063,0x1063,0x1063,0x1864,0x1063,0x1862,0x1882,0x1882,0x1882,0x1882,0x1882,0x1882,
  0x1882,0x1882,0x20A2,0x20A2,0x20A2,0x20A2,0x20A2,0x20A2,0x20A2,0x20A2,0x20A3,0x20A2,0x28C2,0x20C2,0x28C2,0x20C2,
  0x20C2,0x28C2,0x28C2,0x28E3,0x28E3,0x30E3,0x3103,0x3103,0x3103,0x3103,0x3103,0x3903,0x3923,0x3923,0x3923,0x3923,
  0x3923,0x3923,0x3923,0x3923,0x3923,0x3923,0x3923,0x3923,0x3923,0x3923,0x3923,0x3923,0x3943,0x3943,0x3943,0x3923,
  0x3923,0x4143,0x3923,0x3923,0x3923,0x3923,0x3923,0x4143,0x3923,0x3923,0x3923,0x3923,0x3923,0x4143,0x4143,0x4163,
  0x4183,0x49A3,0x51C4,0x5A04,0x5A25,0x5A45,0x6225,0x6225,0x5A24,0x5A25,0x5A25,0x5A24,0x5A24,0x5A24,0x5A24,0x5A24,
  0x5A24,0x5A25,0x5A25,0x5A04,0x51E4,0x51E4,0x49C4,0x49C4,0x49C4,0x51C4,0x49C4,0x51C4,0x49C4,0x49A4,0x4163,0x4143,
  0x0841,0x0020,0x0840,0x10A1,0x0060,0x0020,0x10C2,0x10A1,0x0840,0x0840,0x0861,0x0861,0x0880,0x10A2,0x10A3,0x1082,
  0x0881,0x0881,0x1062,0x1062,0x1083,0x1883,0x18A4,0x1883,0x1883,0x1883,0x1883,0x1062,0x1082,0x1041,0x1061,0x20C2,
  0x1081,0x0840,0x1061,0x0020,0x0840,0x0820,0x1881,0x20C2,0x20C2,0x1882,0x1882,0x1062,0x1863,0x1884,0x1884,0x1884,
  0x18A4,0x18A4,0x18A4,0x1884,0x1863,0x1063,0x1063,0x1063,0x1064,0x1063,0x1062,0x1882,0x20A2,0x20A2,0x1882,0x1882,
  0x1882,0x1882,0x20A2,0x20A3,0x2082,0x20A2,0x20A3,0x20C3,0x20A3,0x20A3,0x20A2,0x20A2,0x20C2,0x20A2,0x20C2,0x28C2,
  0x20A2,0x28C2,0x28C2,0x28C3,0x28C2,0x28C2,0x28E2,0x30E2,0x30E3,0x3103,0x3103,0x3103,0x3923,0x3923,0x3923,0x3923,
  0x3123,0x3123,0x3103,0x3923,0x3903,0x3923,0x3923,0x3923,0x3923,0x3923,0x3923,0x3122,0x3943,0x3122,0x3923,0x3922,
  0x3923,0x3923,0x3923,0x3923,0x3923,0x3923,0x3923,0x3923,0x3943,0x3943,0x4143,0x3943,0x3923,0x3923,0x3943,0x3923,
  0x3923,0x4143,0x4143,0x4183,0x49A4,0x49C4,0x51E4,0x51E4,0x5A04,0x5A04,0x5A04,0x5A25,0x5A25,0x5A24,0x5A24,0x5A24,
  0x5A24,0x5A24,0x5A24,0x5A24,0x6245,0x6225,0x6245,0x6245,0x6245,0x5A24,0x5A45,0x5A24,0x5A24,0x5A24,0x5A24,0x5204,
  0x10A1,0x0060,0x20E2,0x20E2,0x0040,0x0861,0x0000,0x0861,0x0861,0x0861,0x0861,0x0881,0x0080,0x0080,0x1082,0x10A3,
  0x18A3,0x18A3,0x1883,0x1082,0x1083,0x1083,0x1063,0x1062,0x1042,0x1882,0x0862,0x0821,0x1082,0x1081,0x1061,0x0820,
  0x1081,0x1061,0x0820,0x0841,0x0000,0x0820,0x1881,0x1881,0x1061,0x1061,0x1882,0x1063,0x1063,0x1063,0x1884,0x1863,
  0x1883,0x1883,0x18A4,0x1884,0x1863,0x1884,0x1863,0x1063,0x1063,0x1063,0x1063,0x1063,0x1062,0x1062,0x1882,0x1882,
  0x1882,0x1882,0x1882,0x20A2,0x20A2,0x20A2,0x20A3,0x20A2,0x20A3,0x20A2,0x20A3,0x20A2,0x20A2,0x28A2,0x20A2,0x20C2,
  0x20C2,0x20C2,0x28C3,0x20C2,0x28C2,0x28C3,0x28C3,0x28C2,0x28E3,0x28C2,0x28C2,0x28E3,0x28E3,0x3103,0x3103,0x3103,
  0x3103,0x3103,0x3103,0x3923,0x3903,0x3923,0x3923,0x3923,0x3923,0x3943,0x3943,0x3122,0x3122,0x20E2,0x2902,0x3943,
  0x3923,0x3923,0x3923,0x3923,0x3923,0x3923,0x3923,0x3923,0x3923,0x3923,0x3923,0x3923,0x3923,0x3923,0x3923,0x4143,
  0x3923,0x4143,0x4143,0x3923,0x4143,0x3923,0x4143,0x4143,0x4163,0x4183,0x49A3,0x51C4,0x51E4,0x5204,0x5A04,0x5A25,
  0x5A24,0x5A24,0x5A24,0x5A25,0x5A04,0x5A24,0x5A24,0x5A24,0x5A24,0x5A24,0x5A24,0x5A24,0x5A04,0x5A04,0x5A24,0x5A24,
  0x20C2,0x0040,0x3143,0x20C2,0x0840,0x18A2,0x0020,0x0060,0x0060,0x0060,0x0060,0x0060,0x0880,0x0080,0x0060,0x0841,
  0x1062,0x1082,0x1083,0x18A4,0x18A3,0x1883,0x1063,0x1062,0x0841,0x18A3,0x0841,0x0841,0x0820,0x1061,0x1061,0x0841,
  0x0840,0x0841,0x0820,0x1061,0x0820,0x1061,0x1061,0x1061,0x18A1,0x1061,0x1042,0x1863,0x1884,0x1863,0x1063,0x1884,
  0x1883,0x1884,0x1863,0x1884,0x18A4,0x1884,0x1884,0x1884,0x1063,0x1063,0x1063,0x1063,0x1063,0x1063,0x1062,0x1862,
  0x1882,0x1882,0x1882,0x20A2,0x2082,0x2082,0x20A2,0x20A3,0x20A2,0x20A2,0x20A2,0x20A2,0x20A2,0x20A2,0x20A2,0x20A2,
  0x20A2,0x20A2,0x20C2,0x28C2,0x20A2,0x28C2,0x28C2,0x28C2,0x28C2,0x28E3,0x28E3,0x28C3,0x28C2,0x28E3,0x28E3,0x28E3,
  0x30E3,0x3103,0x3103,0x3103,0x3923,0x3923,0x3923,0x3923,0x3943,0x3123,0x3122,0x2902,0x20C2,0x20E2,0x2902,0x3122,
  0x3923,0x3923,0x3903,0x3923,0x3923,0x3923,0x3923,0x3923,0x4143,0x3923,0x3923,0x3923,0x3923,0x3923,0x3923,0x3923,
  0x3943,0x3923,0x3923,0x4143,0x3943,0x3923,0x3923,0x3943,0x3943,0x4143,0x3943,0x4163,0x4183,0x49A4,0x49C4,0x51E4,
  0x51E4,0x5A04,0x5A25,0x5A04,0x5A25,0x5A24,0x5A24,0x5A24,0x5A24,0x5A24,0x5A24,0x5A24,0x5A04,0x5A24,0x5A24,0x5A24,
  0x2923,0x0020,0x3143,0x20A1,0x1881,0x1881,0x0060,0x0080,0x10A1,0x0881,0x0040,0x0080,0x0080,0x0860,0x0040,0x0060,
  0x0040,0x0861,0x10A2,0x1883,0x1062,0x1883,0x1883,0x1883,0x1063,0x1062,0x1062,0x0842,0x0000,0x0000,0x0020,0x0841,
  0x1061,0x1061,0x1061,0x0820,0x0820,0x1061,0x1061,0x0841,0x1061,0x1062,0x1042,0x1063,0x1884,0x1884,0x1884,0x1884,
  0x1884,0x1884,0x1884,0x1884,0x1863,0x18A4,0x1884,0x1884,0x1884,0x1864,0x1864,0x1063,0x1063,0x1084,0x1064,0x1063,
  0x1062,0x1862,0x20A2,0x20A2,0x20A2,0x1882,0x2082,0x20A2,0x20A2,0x20A2,0x20A2,0x20A2,0x20A2,0x20A2,0x20A2,0x20A2,
  0x20A2,0x20A2,0x20A2,0x20A2,0x20A2,0x20C2,0x20C2,0x28C2,0x20C2,0x28E3,0x28C2,0x28C2,0x28E3,0x28C2,0x28E3,0x28E3,
  0x30E3,0x3103,0x28E3,0x30E3,0x3103,0x3103,0x3124,0x3103,0x28E3,0x2902,0x20E2,0x18A2,0x1881,0x18A1,0x18A1,0x3102,
  0x3923,0x3903,0x3923,0x3923,0x3923,0x3923,0x3923,0x3923,0x3923,0x3923,0x3923,0x3923,0x3923,0x3923,0x3923,0x3923,
  0x3923,0x3923,0x3923,0x3923,0x3923,0x4143,0x3923,0x3943,0x3923,0x3923,0x3923,0x3923,0x3923,0x3943,0x4184,0x49A4,
  0x49C4,0x51E4,0x5A25,0x5A04,0x6224,0x5A24,0x5A24,0x5A24,0x5A24,0x5A24,0x5A24,0x5A24,0x6224,0x5A24,0x5A24,0x5A24,
  0x2903,0x0000,0x3122,0x18A1,0x1881,0x1881,0x0040,0x10A1,0x20E2,0x0060,0x0880,0x0080,0x0080,0x0881,0x10A1,0x0880,
  0x0861,0x0860,0x10C1,0x0841,0x0861,0x1062,0x1883,0x1883,0x1063,0x1062,0x0842,0x0841,0x0841,0x0000,0x0841,0x0841,
  0x0020,0x0000,0x0000,0x0000,0x0000,0x0821,0x0821,0x0842,0x1062,0x1042,0x18C3,0x20C3,0x1063,0x1883,0x1063,0x1883,
  0x1883,0x18A3,0x18A3,0x1884,0x1884,0x1063,0x1063,0x1884,0x1884,0x1884,0x1884,0x1864,0x1063,0x1063,0x1063,0x1063,
  0x1064,0x1063,0x1063,0x1882,0x20A2,0x2082,0x2082,0x2082,0x2082,0x20A2,0x20A2,0x20A2,0x20A2,0x20A2,0x20A2,0x20A2,
  0x20A2,0x20A2,0x20A2,0x20A2,0x20A2,0x20A2,0x20A2,0x28C2,0x20C2,0x20C2,0x28C2,0x20C2,0x28C2,0x28C2,0x28C3,0x20C2,
  0x3103,0x30E3,0x28C3,0x28E3,0x28E3,0x1861,0x1882,0x2082,0x3103,0x3103,0x1881,0x1041,0x0000,0x0820,0x20A2,0x3103,
  0x3923,0x3903,0x3923,0x3923,0x3923,0x3923,0x3923,0x3923,0x3923,0x3923,0x3923,0x3923,0x3923,0x3923,0x3923,0x3923,
  0x3923,0x3923,0x3923,0x3923,0x3923,0x3923,0x3923,0x3923,0x3923,0x3923,0x3923,0x3923,0x3923,0x3923,0x3923,0x4143,
  0x4184,0x49A4,0x51E4,0x5A05,0x5A25,0x5A04,0x5A04,0x5A24,0x5A24,0x5A04,0x5A24,0x5A24,0x6244,0x5A04,0x5A04,0x5A24,
  0x2902,0x0840,0x2922,0x0840,0x1041,0x18A1,0x1061,0x2923,0x0860,0x0860,0x0060,0x0060,0x0080,0x0060,0x10A2,0x0881,
  0x1081,0x0840,0x0881,0x10A1,0x0861,0x1062,0x1883,0x1083,0x1063,0x1083,0x1063,0x1062,0x0842,0x0862,0x0862,0x0862,
  0x0001,0x0000,0x0020,0x0820,0x0021,0x1082,0x18A2,0x0842,0x1063,0x1062,0x1062,0x1062,0x1043,0x1883,0x1882,0x20E2,
  0x1882,0x2903,0x20A2,0x1883,0x1884,0x18A4,0x1884,0x1063,0x1063,0x1884,0x1884,0x1884,0x1884,0x1884,0x1063,0x1063,
  0x1063,0x1064,0x1064,0x1063,0x1062,0x1862,0x1882,0x1882,0x1882,0x1882,0x20A2,0x2082,0x20A2,0x2082,0x2082,0x20A2,
  0x20A2,0x20A2,0x20A2,0x20A2,0x20A2,0x20A2,0x20A2,0x20C2,0x20A2,0x20A2,0x28C2,0x20C2,0x28C2,0x20A2,0x1862,0x20A2,
  0x28E3,0x20A2,0x28E3,0x28C2,0x28C2,0x28C3,0x20A2,0x28C3,0x3103,0x30E3,0x20A2,0x2082,0x1882,0x20A2,0x3103,0x3103,
  0x3903,0x3903,0x3923,0x3923,0x3923,0x3923,0x3923,0x3923,0x3923,0x3903,0x3923,0x3923,0x3923,0x3923,0x3923,0x3923,
  0x4143,0x3923,0x3923,0x3923,0x3923,0x3923,0x3923,0x3923,0x3923,0x4143,0x3923,0x3923,0x3923,0x3923,0x3923,0x4143,
  0x3923,0x3943,0x4143,0x49A4,0x49C4,0x5A04,0x6245,0x6225,0x5A24,0x5A24,0x5A24,0x5A24,0x5A24,0x5A24,0x5A24,0x5A24,
  0x3943,0x1881,0x20C2,0x0820,0x1061,0x1881,0x3103,0x1061,0x0861,0x1081,0x0861,0x10A1,0x0880,0x0861,0x0020,0x0861,
  0x0841,0x0841,0x0841,0x0881,0x0860,0x1062,0x1883,0x1062,0x1883,0x1884,0x1883,0x1083,0x1083,0x1063,0x1063,0x0862,
  0x1062,0x1063,0x1062,0x18A2,0x1061,0x18A2,0x20C2,0x1062,0x1063,0x1884,0x1883,0x1063,0x1062,0x1063,0x1881,0x28E2,
  0x18A2,0x28E2,0x20A2,0x1882,0x1883,0x1883,0x20A4,0x20C4,0x20A4,0x20A4,0x18A4,0x1063,0x1884,0x1884,0x1884,0x1884,
  0x1064,0x1063,0x1064,0x1064,0x1063,0x1063,0x1042,0x1042,0x1061,0x1882,0x20A2,0x1882,0x2082,0x2082,0x20A2,0x20A2,
  0x20A2,0x20A2,0x20A2,0x20A2,0x20A2,0x20A3,0x20A2,0x20A2,0x20A2,0x20A2,0x20A2,0x20A2,0x2082,0x1861,0x1882,0x20A2,
  0x20A2,0x20A2,0x28C2,0x20C2,0x28C2,0x28E3,0x28C2,0x28E2,0x28C2,0x20C3,0x28E3,0x28E3,0x3103,0x3103,0x28E2,0x28E2,
  0x3103,0x3103,0x3103,0x3103,0x3903,0x3923,0x3923,0x3923,0x3923,0x3923,0x3923,0x3903,0x3923,0x3923,0x3923,0x3923,
  0x3923,0x3923,0x3923,0x3923,0x3923,0x3102,0x3923,0x3923,0x3923,0x3923,0x3923,0x3923,0x3923,0x3923,0x3923,0x3923,
  0x3923,0x3923,0x3923,0x4143,0x4143,0x4163,0x49A4,0x51E4,0x5A04,0x5A24,0x5A24,0x5A24,0x5A24,0x5A24,0x5A24,0x5A24,
  0x3963,0x3102,0x1061,0x0000,0x1061,0x20C1,0x20C2,0x0000,0x18A2,0x1881,0x20E2,0x0881,0x0060,0x0841,0x0861,0x0020,
  0x0841,0x18C2,0x0861,0x0020,0x0860,0x0841,0x1082,0x18C2,0x1082,0x1883,0x1883,0x1083,0x1082,0x1883,0x1884,0x1883,
  0x1062,0x1863,0x1082,0x20C2,0x20A2,0x20A2,0x18C2,0x1061,0x1883,0x1883,0x1883,0x1883,0x1882,0x0841,0x18A2,0x20C2,
  0x18A2,0x20A1,0x1061,0x1061,0x18A2,0x20C3,0x1883,0x18A4,0x20C4,0x20C5,0x20C5,0x18A4,0x1884,0x1883,0x1863,0x1863,
  0x1884,0x1884,0x1063,0x1063,0x1864,0x1064,0x1063,0x1063,0x1042,0x1062,0x1062,0x1882,0x1882,0x2082,0x20A2,0x2082,
  0x20A2,0x20A2,0x20A2,0x20A2,0x20A2,0x20A2,0x20A2,0x20A2,0x20A2,0x20A2,0x20A2,0x2082,0x1861,0x20A2,0x20A2,0x2082,
  0x2082,0x28C3,0x20A2,0x20A2,0x28C2,0x28C2,0x28C2,0x20C2,0x20C2,0x20A2,0x20C2,0x28C3,0x28C2,0x28E2,0x28C2,0x28E3,
  0x28E3,0x28E3,0x28E3,0x2903,0x3103,0x3103,0x3103,0x3103,0x3103,0x3103,0x3103,0x3923,0x3923,0x3903,0x3103,0x3923,
  0x3923,0x3923,0x3123,0x3103,0x3923,0x3923,0x3923,0x3923,0x3923,0x3923,0x3923,0x3923,0x3923,0x3923,0x3903,0x3923,
  0x3923,0x3923,0x3923,0x3923,0x3923,0x3923,0x3923,0x3923,0x4143,0x4163,0x49A4,0x49C4,0x51E4,0x5204,0x5A04,0x5A04,
  0x3123,0x3943,0x0820,0x1061,0x20C1,0x20E2,0x0840,0x18A2,0x18C2,0x2902,0x20A1,0x1881,0x0881,0x0020,0x0040,0x0840,
  0x0040,0x1902,0x0861,0x1081,0x0861,0x10A2,0x10A1,0x1902,0x0861,0x18C2,0x18A2,0x18A3,0x1883,0x1883,0x1883,0x1063,
  0x1881,0x0821,0x1882,0x20A2,0x20A2,0x20E2,0x18A2,0x0841,0x1062,0x1882,0x1062,0x1062,0x18A2,0x0820,0x18A2,0x20C2,
  0x28E2,0x1081,0x0020,0x18A1,0x20C2,0x1882,0x1882,0x1883,0x1884,0x18A4,0x20A4,0x20C4,0x20C4,0x20C4,0x18A4,0x1884,
  0x1063,0x1863,0x1884,0x1884,0x1864,0x1063,0x1063,0x1864,0x1063,0x1063,0x1042,0x1862,0x1882,0x20A2,0x1882,0x1882,
  0x20A2,0x20A2,0x20A2,0x20A2,0x20A2,0x20A2,0x20A2,0x20A2,0x20A2,0x20A2,0x20A2,0x2082,0x20A2,0x20A2,0x20A2,0x20A2,
  0x20A2,0x20A2,0x20A2,0x20A2,0x20A2,0x20A2,0x20A3,0x20C3,0x20C2,0x20A2,0x20A2,0x28C2,0x28C2,0x28C2,0x28C3,0x20C2,
  0x20C2,0x28C3,0x28E3,0x28E3,0x1862,0x1882,0x20A2,0x28E3,0x28E3,0x28E3,0x28E3,0x3103,0x3123,0x3103,0x3103,0x3923,
  0x3103,0x3103,0x3103,0x3123,0x3123,0x3103,0x3923,0x3123,0x3923,0x3923,0x3923,0x3923,0x3103,0x3923,0x3923,0x3923,
  0x3923,0x3923,0x3943,0x3923,0x3923,0x3923,0x3943,0x3923,0x3923,0x3923,0x3923,0x4143,0x3943,0x4163,0x4183,0x49A4,
  0x20C2,0x2903,0x0820,0x2903,0x3122,0x1061,0x1061,0x0841,0x1081,0x20A1,0x20C2,0x1061,0x0040,0x0881,0x0840,0x18C2,
  0x08A1,0x0881,0x10A1,0x10C2,0x0861,0x18C2,0x10C1,0x0861,0x10C2,0x1902,0x1081,0x0861,0x1083,0x1063,0x0841,0x1062,
  0x1082,0x0840,0x1881,0x18A1,0x20A2,0x18A1,0x0820,0x1061,0x18A2,0x1062,0x0841,0x1062,0x1061,0x0841,0x18A1,0x20A1,
  0x3123,0x0840,0x0840,0x28E2,0x1882,0x20A2,0x20A2,0x1062,0x1883,0x18A4,0x20A4,0x18A4,0x20A4,0x20C4,0x20C5,0x20C5,
  0x20C4,0x18A4,0x1063,0x1063,0x1884,0x1063,0x1063,0x1064,0x1063,0x1063,0x1064,0x1063,0x1062,0x1882,0x20A2,0x2082,
  0x2082,0x20A2,0x20A2,0x20A2,0x20A2,0x20A2,0x20A2,0x20A2,0x20A2,0x20A2,0x20A2,0x20A2,0x20A2,0x20A2,0x20A2,0x20A2,
  0x20A2,0x20A2,0x20A2,0x20A2,0x1862,0x1882,0x1882,0x20A2,0x20A2,0x20A2,0x20A2,0x20A2,0x20C2,0x20C2,0x28C2,0x28C3,
  0x20A2,0x20C3,0x28C3,0x20C2,0x28C3,0x28E3,0x28E3,0x28E3,0x28E3,0x28E3,0x28E3,0x28C2,0x28E3,0x30E3,0x3103,0x30E3,
  0x3103,0x3103,0x3123,0x3103,0x28E3,0x28E3,0x2903,0x3123,0x3923,0x3123,0x3103,0x3923,0x3923,0x3103,0x3103,0x3923,
  0x3923,0x3923,0x3943,0x3923,0x3923,0x3923,0x3923,0x3923,0x3923,0x3923,0x3923,0x3923,0x3923,0x3943,0x3943,0x3922,
  0x1081,0x18A1,0x0840,0x3143,0x1881,0x0000,0x1881,0x1061,0x20A2,0x28E2,0x1061,0x0000,0x0840,0x0040,0x0000,0x0861,
  0x08A1,0x0881,0x10A1,0x0881,0x1081,0x1081,0x10A1,0x0840,0x10A1,0x0840,0x0861,0x0881,0x0862,0x0841,0x1081,0x1882,
  0x1041,0x1041,0x1881,0x20E2,0x28E2,0x1881,0x0020,0x18A1,0x1881,0x1061,0x18A2,0x1061,0x0841,0x0841,0x1061,0x20E2,
  0x20C1,0x1061,0x2902,0x1881,0x1061,0x1881,0x20C1,0x1882,0x1863,0x1884,0x20A4,0x20A4,0x1884,0x1883,0x1884,0x18A4,
  0x18A4,0x20C4,0x1884,0x1063,0x1063,0x1064,0x1064,0x1864,0x1064,0x1063,0x1864,0x1864,0x1063,0x1042,0x1062,0x1882,
  0x2082,0x2082,0x2082,0x20A2,0x20A2,0x20A2,0x20A2,0x20A2,0x20A2,0x20A2,0x20A2,0x20A2,0x20A2,0x20A2,0x20A2,0x20A2,
  0x20A2,0x20A2,0x20A2,0x20A2,0x20A2,0x20A2,0x20A2,0x20A2,0x20A2,0x20A2,0x20A2,0x20A2,0x20A2,0x20C2,0x20C2,0x20C2,
  0x20C2,0x28C3,0x20C2,0x28C2,0x28C3,0x28C2,0x28E3,0x28C2,0x28E3,0x28E3,0x28E3,0x28E3,0x28E3,0x28E2,0x28E3,0x28C2,
  0x30E3,0x28E2,0x28E3,0x28C2,0x28C3,0x28C2,0x28E3,0x3123,0x3103,0x30E3,0x3103,0x3103,0x3103,0x30E3,0x3103,0x3103,
  0x3103,0x3103,0x3103,0x3923,0x3123,0x3123,0x3103,0x3123,0x3923,0x3923,0x3923,0x3923,0x3943,0x3943,0x3943,0x3923,
  0x1881,0x18A2,0x1061,0x2902,0x0000,0x1061,0x18A2,0x1040,0x20C1,0x1061,0x0841,0x18C2,0x1081,0x0000,0x0040,0x0840,
  0x10A2,0x0020,0x1081,0x0861,0x0881,0x10A1,0x10A1,0x10A2,0x0861,0x0841,0x0861,0x0841,0x1062,0x0841,0x1881,0x1061,
  0x1061,0x1061,0x1040,0x2902,0x20A2,0x1061,0x18A2,0x18A2,0x0840,0x1881,0x1061,0x0861,0x0820,0x1061,0x0841,0x20C2,
  0x1881,0x1881,0x20C2,0x0000,0x1061,0x1881,0x1882,0x1862,0x1883,0x1043,0x1063,0x1883,0x20C3,0x1062,0x1882,0x18A2,
  0x18A3,0x1884,0x1884,0x1884,0x1884,0x1884,0x1864,0x1064,0x1064,0x1864,0x1864,0x1063,0x1063,0x1063,0x1063,0x1062,
  0x1062,0x1861,0x2082,0x2082,0x2082,0x20A2,0x20A2,0x20A2,0x20A2,0x20A2,0x20A2,0x20A2,0x20A2,0x20A2,0x20A2,0x20A2,
  0x20A2,0x20A2,0x20A2,0x20A2,0x20A2,0x20A2,0x20A2,0x20A2,0x20A2,0x20A2,0x20A2,0x20A2,0x20A2,0x20A2,0x20C2,0x20C2,
  0x20C2,0x20C2,0x20C2,0x20C2,0x20C2,0x20C2,0x20C2,0x20C2,0x28E3,0x28C2,0x28C2,0x28E3,0x28E3,0x28E3,0x28E3,0x28C3,
  0x3103,0x28C2,0x28E3,0x28E3,0x30E3,0x30E3,0x28E3,0x30E3,0x28E3,0x28E3,0x3103,0x28E3,0x3103,0x3103,0x3123,0x30E3,
  0x30E3,0x3103,0x3103,0x3923,0x3103,0x3103,0x3103,0x3103,0x3923,0x3923,0x3923,0x3923,0x3103,0x3923,0x3923,0x3923,
  0x20C2,0x18A2,0x1881,0x1881,0x0020,0x18A1,0x0820,0x20C2,0x20E2,0x20E2,0x20C2,0x0020,0x0000,0x0000,0x0040,0x0840,
  0x18C2,0x0020,0x0020,0x0861,0x0861,0x1081,0x0020,0x10A1,0x10A1,0x0861,0x10A1,0x0861,0x0881,0x1061,0x1061,0x1061,
  0x1061,0x1040,0x1040,0x18A1,0x1881,0x1061,0x20E2,0x0820,0x0841,0x0020,0x0841,0x1061,0x0820,0x0840,0x0840,0x1061,
  0x20C2,0x18A2,0x1040,0x1061,0x18A1,0x20C2,0x1881,0x1061,0x0841,0x0821,0x1062,0x1041,0x2903,0x1061,0x1881,0x20C2,
  0x20A2,0x1883,0x1884,0x1884,0x20A4,0x1884,0x1884,0x1864,0x1063,0x1063,0x1864,0x1063,0x1063,0x1063,0x1064,0x1063,
  0x1042,0x1042,0x1061,0x1882,0x2082,0x2082,0x2082,0x20A2,0x20A2,0x20A2,0x20A2,0x20A2,0x20A2,0x20A2,0x20A2,0x20A2,
  0x20A2,0x20A2,0x20A2,0x20A2,0x20A2,0x20A2,0x20A2,0x20A2,0x20A2,0x20A2,0x20A2,0x20A2,0x20A2,0x20A2,0x20A2,0x20A2,
  0x20C2,0x20C2,0x20C2,0x20C2,0x20C2,0x20C2,0x20C2,0x20C2,0x20C2,0x20C2,0x20E3,0x20C2,0x20C2,0x20C2,0x20C2,0x28C2,
  0x20C2,0x28C2,0x28E3,0x28E3,0x28C2,0x28E3,0x28E3,0x28E3,0x28C2,0x28E3,0x28E3,0x28E3,0x28E2,0x28E3,0x28E3,0x30E2,
  0x30E3,0x30E3,0x30E2,0x3103,0x3103,0x30E3,0x28E3,0x30E3,0x3103,0x3103,0x30E2,0x3103,0x3103,0x3103,0x3103,0x3103,
  0x1061,0x1061,0x0840,0x0000,0x1061,0x1881,0x20E2,0x2902,0x18A1,0x0020,0x0000,0x0861,0x1061,0x0000,0x0000,0x1081,
  0x0861,0x1081,0x0000,0x0861,0x0020,0x0040,0x0841,0x0861,0x0020,0x0861,0x0840,0x0861,0x0861,0x0820,0x1061,0x0820,
  0x0820,0x0841,0x0841,0x0840,0x1882,0x1882,0x1061,0x1041,0x1061,0x1061,0x1081,0x1061,0x0020,0x0840,0x1041,0x0020,
  0x0841,0x0020,0x0820,0x18A2,0x20A2,0x1881,0x0820,0x0841,0x0841,0x0000,0x1061,0x1061,0x20C2,0x1081,0x18A1,0x28E2,
  0x1881,0x20C2,0x1883,0x1864,0x1884,0x1884,0x1884,0x1884,0x1884,0x1864,0x1063,0x1063,0x1064,0x1064,0x1063,0x1064,
  0x1864,0x1063,0x1042,0x1062,0x1861,0x1882,0x1882,0x1882,0x2082,0x20A2,0x20A2,0x20A2,0x20A2,0x20A2,0x20A2,0x20A2,
  0x20A2,0x20A2,0x20A2,0x20A2,0x20A2,0x20A2,0x20A2,0x20A2,0x20A2,0x20A2,0x20A2,0x20A2,0x20A2,0x20A2,0x20A2,0x20A2,
  0x20A2,0x20A2,0x20C2,0x20C2,0x20C2,0x20C2,0x20C2,0x20C2,0x20C3,0x20C2,0x20C2,0x20C2,0x20C2,0x20C3,0x20C3,0x20C2,
  0x20C3,0x20C2,0x28C2,0x20C2,0x20C2,0x20C2,0x20C2,0x28C2,0x28E3,0x28E3,0x28E3,0x28E3,0x28E3,0x28E3,0x28E2,0x28E3,
  0x3103,0x28E2,0x30E3,0x30E3,0x3103,0x30E3,0x28E3,0x28C2,0x28E2,0x30E3,0x3103,0x30E3,0x30E3,0x3103,0x3103,0x28E2,
  0x0000,0x0000,0x0000,0x0841,0x1081,0x1061,0x0840,0x0020,0x0841,0x18A2,0x20C2,0x1882,0x0020,0x0000,0x0020,0x0861,
  0x0840,0x10A2,0x0861,0x0000,0x0020,0x0840,0x0020,0x0861,0x0000,0x0840,0x0000,0x0020,0x0000,0x1041,0x1061,0x1061,
  0x0820,0x0000,0x1041,0x0820,0x0820,0x0820,0x0820,0x1061,0x1061,0x1041,0x0840,0x0840,0x0841,0x0820,0x0841,0x0000,
  0x0020,0x0000,0x0841,0x1061,0x0840,0x0861,0x1082,0x0861,0x1041,0x1061,0x0820,0x0020,0x1081,0x1061,0x1061,0x28E2,
  0x28E2,0x20C2,0x1062,0x1883,0x1884,0x1063,0x1884,0x1063,0x1884,0x18A4,0x1884,0x1864,0x1063,0x1063,0x1063,0x1064,
  0x1063,0x1064,0x1063,0x1042,0x1042,0x1062,0x1861,0x1862,0x1882,0x2082,0x20A2,0x20A2,0x2082,0x20A2,0x20A2,0x20A2,
  0x20A2,0x20A2,0x20A2,0x20A2,0x20A2,0x20A2,0x20A2,0x20A2,0x20A2,0x20A2,0x20A2,0x20A2,0x20A2,0x20A2,0x20A2,0x20A2,
  0x20A2,0x20A2,0x20A2,0x20C2,0x20C2,0x20C2,0x20C2,0x20C2,0x20C2,0x20C2,0x20C2,0x20C3,0x20C2,0x20C2,0x20C2,0x20A2,
  0x20C2,0x20C2,0x20C2,0x20C2,0x20E3,0x20C2,0x20C2,0x20C2,0x28C2,0x20C2,0x28E2,0x20C2,0x28C2,0x28C2,0x20C2,0x28E3,
  0x28C2,0x28C2,0x28C2,0x28E3,0x30E3,0x28E2,0x28E3,0x2903,0x28E2,0x28E2,0x3103,0x30E3,0x3103,0x3103,0x28E2,0x28E2,
  0x0841,0x1081,0x0000,0x0020,0x1061,0x1061,0x18A1,0x18A2,0x18A2,0x1061,0x0840,0x0000,0x0000,0x0000,0x0000,0x0020,
  0x0840,0x0020,0x0861,0x0000,0x0000,0x0000,0x0840,0x0840,0x0861,0x0020,0x0020,0x0000,0x0000,0x1061,0x1861,0x1041,
  0x1081,0x0861,0x0840,0x0840,0x0841,0x0840,0x0820,0x0840,0x1061,0x1061,0x1081,0x1061,0x0000,0x0020,0x0840,0x0861,
  0x1061,0x0000,0x0840,0x0840,0x1061,0x1061,0x0020,0x0000,0x0020,0x18C2,0x1061,0x0020,0x0840,0x1061,0x1881,0x20E2,
  0x20C2,0x1061,0x18A2,0x1883,0x1063,0x1884,0x1884,0x1063,0x1063,0x1884,0x18A4,0x18A4,0x1884,0x1864,0x1063,0x1064,
  0x1063,0x1063,0x1063,0x1864,0x1063,0x1062,0x1061,0x1862,0x1882,0x1882,0x1882,0x20A2,0x20A2,0x20A2,0x20A2,0x20A2,
  0x20A2,0x20A2,0x20A2,0x20A2,0x20A2,0x20A2,0x20A2,0x20A2,0x20A2,0x20A2,0x20A2,0x20A2,0x20A2,0x20A2,0x20A2,0x20A2,
  0x20A2,0x20A2,0x20C2,0x20C2,0x20C2,0x20C2,0x20C2,0x20C2,0x20C2,0x20C2,0x20C2,0x20A2,0x20A2,0x20C2,0x20C2,0x20A2,
  0x20C2,0x20A2,0x20C3,0x20C2,0x20C2,0x20C2,0x20C2,0x20C2,0x20C2,0x20C2,0x20C2,0x20C2,0x20C2,0x20C2,0x20C2,0x20C2,
  0x28E3,0x20C2,0x20C2,0x28C2,0x28E3,0x28C2,0x20C2,0x28E3,0x28C2,0x28E2,0x30E3,0x3103,0x2903,0x3103,0x3103,0x3103,
};
