#pragma once
#include <Arduino.h>
// 120x160 RGB565 UI background (v0.9, dimmed 35%), upscaled x2 on device.
// from ~/Downloads/vice-data/vice.9_portrait-bkg.jpeg
static const uint16_t BG_PORTRAIT[19200] PROGMEM = {
  0x1046,0x1026,0x1026,0x1026,0x1026,0x1046,0x1046,0x1046,0x1046,0x1046,0x1046,0x1046,0x1046,0x1026,0x1026,0x1026,
  0x1026,0x1026,0x1026,0x1026,0x1026,0x1026,0x1026,0x1026,0x1026,0x1026,0x1026,0x1026,0x1026,0x1026,0x1026,0x1026,
  0x1026,0x1046,0x1046,0x1026,0x1026,0x1026,0x1026,0x1026,0x1026,0x1026,0x1026,0x1026,0x1026,0x1026,0x1026,0x1026,
  0x1026,0x1026,0x1026,0x1026,0x1026,0x1026,0x1026,0x1026,0x1026,0x1026,0x1026,0x1026,0x1026,0x1026,0x1026,0x1046,
  0x1026,0x1026,0x1026,0x1026,0x1026,0x1026,0x1026,0x1026,0x1026,0x1026,0x1026,0x1026,0x1026,0x1026,0x1026,0x1026,
  0x1026,0x1026,0x1026,0x1026,0x1026,0x1026,0x1026,0x0806,0x1026,0x1026,0x1026,0x1026,0x1026,0x1026,0x1026,0x1026,
  0x1026,0x1026,0x1026,0x1026,0x1046,0x1046,0x1046,0x1046,0x1046,0x1026,0x1026,0x1026,0x1046,0x1046,0x1046,0x1046,
  0x1046,0x1046,0x1046,0x1026,0x1026,0x1026,0x1026,0x1026,0x1046,0x1026,0x1026,0x1026,0x1026,0x1026,0x1026,0x1026,
  0x1026,0x1026,0x1026,0x1026,0x1026,0x1026,0x1026,0x1026,0x1026,0x1026,0x1026,0x1026,0x1026,0x1026,0x1026,0x1026,
  0x1026,0x1026,0x1026,0x1026,0x1026,0x1026,0x1026,0x1026,0x1026,0x1046,0x1046,0x1026,0x1026,0x1026,0x1026,0x1026,
  0x1026,0x1026,0x1026,0x1026,0x1026,0x1026,0x1026,0x1026,0x1026,0x1026,0x1026,0x1026,0x1026,0x1026,0x1026,0x1026,
  0x1026,0x1026,0x1026,0x1027,0x1026,0x1026,0x1026,0x1046,0x1026,0x1026,0x1026,0x1026,0x1026,0x1026,0x1026,0x1026,
  0x1026,0x1026,0x1026,0x1026,0x1026,0x1026,0x1026,0x1026,0x1026,0x1026,0x1026,0x1026,0x1026,0x1026,0x1026,0x20EB,
  0x1068,0x1026,0x1026,0x1026,0x1026,0x1026,0x1026,0x1026,0x1026,0x1026,0x1026,0x1026,0x1046,0x1046,0x1046,0x1026,
  0x1026,0x1026,0x1026,0x1026,0x1046,0x1046,0x1046,0x1046,0x1046,0x1046,0x1046,0x1026,0x1026,0x1026,0x1026,0x1046,
  0x1026,0x1026,0x1026,0x1026,0x1026,0x1026,0x1026,0x1026,0x1026,0x1026,0x1026,0x1026,0x1026,0x1026,0x1026,0x1026,
  0x1026,0x1868,0x1026,0x1026,0x1026,0x1026,0x1026,0x1026,0x1026,0x1026,0x1026,0x1026,0x1026,0x1026,0x1026,0x1026,
  0x1026,0x1026,0x1026,0x1026,0x1026,0x1026,0x1026,0x1026,0x1026,0x1026,0x1026,0x1026,0x1026,0x1026,0x1026,0x1026,
  0x1026,0x1026,0x1026,0x1026,0x1026,0x1026,0x1026,0x1026,0x1026,0x1026,0x1026,0x1026,0x1026,0x1026,0x1026,0x1026,
  0x1026,0x1026,0x1026,0x1026,0x1026,0x1026,0x1026,0x1026,0x1026,0x1026,0x1026,0x1026,0x1026,0x1026,0x1026,0x1026,
  0x1026,0x1026,0x1026,0x1026,0x1026,0x1026,0x1026,0x18AA,0x1047,0x0825,0x1026,0x1026,0x1026,0x1026,0x1026,0x1026,
  0x1026,0x1026,0x1026,0x1026,0x1026,0x1026,0x1026,0x1026,0x1026,0x1026,0x1026,0x1026,0x1026,0x1026,0x1026,0x1026,
  0x1026,0x1046,0x1046,0x1026,0x1026,0x1026,0x1046,0x1046,0x1026,0x1026,0x1026,0x1026,0x1026,0x1026,0x1026,0x1026,
  0x1026,0x1026,0x1026,0x1026,0x1026,0x1026,0x1046,0x1026,0x1068,0x298E,0x1048,0x1025,0x1026,0x1026,0x1026,0x1026,
  0x1026,0x1026,0x1026,0x1026,0x1026,0x1026,0x1026,0x1026,0x1026,0x1026,0x1026,0x1026,0x1026,0x1026,0x1026,0x1026,
  0x1026,0x1026,0x1026,0x1026,0x1026,0x1026,0x1026,0x1026,0x1026,0x1026,0x1026,0x1026,0x1026,0x1026,0x1026,0x1026,
  0x1026,0x1026,0x1026,0x1026,0x1026,0x1026,0x1026,0x1026,0x1026,0x1026,0x1026,0x1026,0x1026,0x1026,0x1026,0x1026,
  0x1026,0x1026,0x1026,0x1026,0x1026,0x1026,0x1026,0x1026,0x1026,0x1026,0x1026,0x1026,0x1026,0x1026,0x1026,0x1005,
  0x0826,0x1026,0x1026,0x1026,0x1026,0x1026,0x1026,0x1026,0x1026,0x1026,0x1026,0x1026,0x1026,0x1026,0x1046,0x1067,
  0x1026,0x1026,0x1026,0x1026,0x1026,0x1026,0x1026,0x1026,0x1026,0x1026,0x1026,0x1026,0x1026,0x1026,0x1046,0x1046,
  0x1026,0x1026,0x1026,0x1026,0x1026,0x1026,0x1026,0x1026,0x1026,0x1026,0x1026,0x1026,0x1026,0x1026,0x1026,0x1026,
  0x1026,0x1047,0x1026,0x1026,0x1026,0x1026,0x1026,0x1026,0x1026,0x1026,0x1026,0x1026,0x1026,0x1026,0x1026,0x1026,
  0x1026,0x1026,0x1026,0x1026,0x1026,0x1026,0x1026,0x1026,0x1026,0x1026,0x1026,0x1026,0x1026,0x1026,0x1026,0x1026,
  0x1026,0x1026,0x1026,0x1026,0x1026,0x1026,0x1026,0x1026,0x1026,0x1026,0x1026,0x1026,0x1026,0x1026,0x1026,0x1026,
  0x1026,0x1026,0x1026,0x1026,0x1026,0x1026,0x1026,0x1026,0x1026,0x1026,0x1026,0x1026,0x1026,0x1026,0x1026,0x1026,
  0x1026,0x1026,0x1026,0x1026,0x1026,0x1026,0x1026,0x1026,0x1026,0x1026,0x1026,0x1026,0x1026,0x1026,0x1026,0x1026,
  0x1026,0x1026,0x1026,0x1026,0x1026,0x1026,0x1046,0x1067,0x1026,0x1026,0x1026,0x1026,0x1026,0x1026,0x1026,0x1026,
  0x1026,0x1026,0x1026,0x1026,0x1026,0x1026,0x1046,0x1046,0x1026,0x1026,0x1026,0x1026,0x1026,0x1026,0x1026,0x1026,
  0x1026,0x1026,0x1026,0x1026,0x1026,0x1026,0x1026,0x1026,0x1026,0x1026,0x1026,0x1026,0x1026,0x1026,0x1026,0x1026,
  0x1026,0x1026,0x1026,0x1026,0x1026,0x1026,0x1026,0x1026,0x1026,0x1026,0x1026,0x1026,0x1026,0x1026,0x1026,0x1026,
  0x1026,0x1026,0x1026,0x1026,0x1026,0x1026,0x1026,0x1026,0x1026,0x1026,0x1026,0x1026,0x1026,0x1026,0x1026,0x1026,
  0x1026,0x1026,0x1026,0x1026,0x1026,0x1026,0x1026,0x1026,0x1026,0x1026,0x1026,0x1026,0x1026,0x1026,0x1026,0x1026,
  0x1026,0x1026,0x1026,0x1026,0x1026,0x1026,0x1026,0x1026,0x1026,0x1026,0x1026,0x1026,0x1026,0x1026,0x1026,0x1026,
  0x1026,0x1026,0x1026,0x1026,0x1026,0x1026,0x1026,0x1026,0x1026,0x1026,0x1026,0x1026,0x1026,0x1026,0x1026,0x0826,
  0x1026,0x1026,0x1026,0x1026,0x1026,0x1026,0x1026,0x1026,0x1026,0x1026,0x1026,0x1026,0x1026,0x1026,0x1046,0x1046,
  0x1046,0x1026,0x1026,0x1026,0x1026,0x1026,0x1026,0x1026,0x1026,0x1026,0x1026,0x1026,0x1026,0x1026,0x1026,0x1026,
  0x1026,0x1026,0x1026,0x1026,0x1026,0x1026,0x1026,0x1026,0x1026,0x1026,0x1026,0x1026,0x1026,0x1026,0x1026,0x1026,
  0x1026,0x1026,0x1026,0x1026,0x1026,0x1026,0x1026,0x1026,0x1026,0x1026,0x1026,0x1026,0x1026,0x1026,0x1026,0x1026,
  0x1046,0x1066,0x1026,0x1026,0x1026,0x1026,0x1026,0x1026,0x1026,0x1026,0x1026,0x1026,0x1026,0x1026,0x1026,0x1026,
  0x1026,0x1026,0x1026,0x1026,0x1026,0x1026,0x1026,0x1026,0x1026,0x1026,0x1026,0x1026,0x1026,0x1026,0x1026,0x1026,
  0x1026,0x1026,0x1026,0x1026,0x1026,0x1026,0x1026,0x1026,0x1026,0x1026,0x1026,0x1026,0x1026,0x1026,0x1026,0x1026,
  0x1026,0x1026,0x1026,0x1026,0x1026,0x1026,0x1026,0x1026,0x1026,0x1026,0x1026,0x1026,0x1026,0x1026,0x1026,0x1026,
  0x1026,0x1026,0x1026,0x1026,0x1026,0x1026,0x1046,0x1046,0x1046,0x1026,0x1026,0x1026,0x1026,0x1026,0x1026,0x1026,
  0x1026,0x1026,0x1026,0x1026,0x1026,0x1026,0x1026,0x1026,0x1026,0x1046,0x1046,0x1046,0x1026,0x1026,0x1026,0x1026,
  0x1026,0x1026,0x1026,0x1026,0x1026,0x1026,0x1026,0x1026,0x1026,0x1026,0x1026,0x1026,0x1026,0x1026,0x1026,0x1026,
  0x1026,0x1026,0x1026,0x1026,0x1026,0x1026,0x1026,0x1026,0x1046,0x1046,0x1026,0x1026,0x1026,0x1026,0x1026,0x1026,
  0x1026,0x1026,0x1026,0x1026,0x1026,0x1026,0x1026,0x1026,0x1026,0x1026,0x1026,0x1026,0x1026,0x1026,0x1026,0x1026,
  0x1026,0x1026,0x1026,0x1026,0x1026,0x1026,0x1026,0x1026,0x1026,0x1026,0x1026,0x1026,0x1026,0x1026,0x1026,0x1026,
  0x1026,0x1026,0x1026,0x1026,0x1026,0x1026,0x1026,0x1026,0x1026,0x1026,0x1026,0x1026,0x1026,0x1026,0x1026,0x1026,
  0x1027,0x1026,0x1026,0x1026,0x1026,0x1026,0x1026,0x1026,0x1026,0x1026,0x1026,0x1026,0x1026,0x1026,0x1046,0x1046,
  0x1046,0x1026,0x1026,0x1026,0x1026,0x1026,0x1026,0x1026,0x1026,0x1026,0x1026,0x1026,0x1026,0x1026,0x1026,0x1026,
  0x1026,0x1046,0x1046,0x1046,0x1046,0x1046,0x1026,0x1026,0x1026,0x1026,0x1026,0x1026,0x1026,0x1026,0x1026,0x1026,
  0x1026,0x1026,0x1026,0x1026,0x1026,0x1026,0x1026,0x1026,0x1026,0x1026,0x1026,0x1026,0x1026,0x1026,0x1026,0x1026,
  0x1026,0x1026,0x1026,0x1026,0x1026,0x1026,0x1026,0x1026,0x1026,0x1026,0x1026,0x1026,0x1026,0x1026,0x1026,0x1026,
  0x1026,0x1026,0x1026,0x1026,0x1026,0x1026,0x1026,0x1026,0x1026,0x1026,0x1026,0x1026,0x1026,0x1026,0x1026,0x1026,
  0x1026,0x1026,0x1026,0x1026,0x1026,0x1026,0x1026,0x1026,0x1026,0x1026,0x1026,0x1026,0x1026,0x1026,0x1047,0x1047,
  0x1026,0x1026,0x1026,0x1026,0x1026,0x1026,0x1026,0x1026,0x1026,0x1026,0x1026,0x1026,0x1026,0x1026,0x1026,0x1026,
  0x1026,0x1026,0x1026,0x1026,0x1026,0x1026,0x1046,0x1046,0x1046,0x1026,0x1026,0x1026,0x1026,0x1026,0x1026,0x1026,
  0x1026,0x1026,0x1026,0x1026,0x1026,0x1026,0x1026,0x1026,0x1026,0x1026,0x1046,0x1046,0x1046,0x1046,0x1026,0x1026,
  0x1026,0x1026,0x1026,0x1026,0x1026,0x1026,0x1026,0x1026,0x1026,0x1026,0x1026,0x1026,0x1026,0x1026,0x1026,0x1026,
  0x1026,0x1026,0x1026,0x1026,0x1026,0x1026,0x1026,0x1026,0x1026,0x1026,0x1026,0x1026,0x1026,0x1026,0x1026,0x1026,
  0x1026,0x1026,0x1026,0x1026,0x1026,0x1026,0x1026,0x1026,0x1026,0x1026,0x1026,0x1026,0x1026,0x1026,0x1026,0x1026,
  0x1026,0x1026,0x1026,0x1026,0x1026,0x1026,0x1026,0x1026,0x1026,0x1026,0x1026,0x1026,0x1026,0x1026,0x1026,0x1026,
  0x1026,0x1026,0x1026,0x1026,0x1026,0x0805,0x18A8,0x1888,0x1025,0x1046,0x1026,0x1026,0x1026,0x1026,0x1026,0x1046,
  0x1026,0x1026,0x1026,0x1026,0x1026,0x1026,0x1026,0x1026,0x1026,0x1026,0x1026,0x1026,0x1026,0x1026,0x1046,0x1046,
  0x1046,0x1026,0x1026,0x1026,0x1026,0x1026,0x1867,0x1046,0x1026,0x1026,0x1026,0x1026,0x1026,0x1026,0x1026,0x1026,
  0x1026,0x1026,0x1026,0x1046,0x1046,0x1026,0x1026,0x1026,0x1026,0x1026,0x1026,0x1026,0x1026,0x1026,0x1026,0x1026,
  0x1026,0x1026,0x1026,0x1026,0x1026,0x1026,0x1026,0x1026,0x1026,0x1026,0x1026,0x1026,0x1026,0x1026,0x1026,0x1026,
  0x1026,0x1026,0x1026,0x1026,0x1026,0x1026,0x1026,0x1026,0x1026,0x1026,0x1026,0x1026,0x1026,0x1026,0x1026,0x1026,
  0x1026,0x1026,0x1026,0x1026,0x1026,0x1026,0x1046,0x1026,0x1026,0x1026,0x1026,0x1026,0x1026,0x1026,0x1026,0x1026,
  0x1026,0x1026,0x1026,0x1026,0x1026,0x1026,0x1026,0x1026,0x1026,0x1026,0x1026,0x1026,0x1026,0x1026,0x1026,0x1026,
  0x1026,0x1026,0x1026,0x1026,0x1026,0x1026,0x1026,0x1026,0x1026,0x1026,0x1026,0x1026,0x1026,0x1026,0x1026,0x1026,
  0x1026,0x1026,0x1026,0x1026,0x1026,0x1026,0x1046,0x1046,0x1046,0x1026,0x1026,0x1026,0x1026,0x1026,0x1026,0x1026,
  0x1026,0x1026,0x1026,0x1026,0x1026,0x1026,0x1026,0x1026,0x1026,0x1026,0x1026,0x1026,0x1026,0x1026,0x1026,0x1026,
  0x1026,0x1026,0x1026,0x1026,0x1026,0x1026,0x1026,0x1026,0x1026,0x1026,0x1026,0x1046,0x1026,0x1026,0x1026,0x1026,
  0x1026,0x1026,0x1026,0x1046,0x1046,0x1026,0x1026,0x1026,0x1026,0x1026,0x1026,0x1026,0x1026,0x1026,0x1026,0x1026,
  0x1026,0x1026,0x1026,0x1026,0x1026,0x1026,0x1026,0x1026,0x1026,0x1026,0x1026,0x1026,0x1026,0x1026,0x1046,0x1046,
  0x1026,0x1026,0x1026,0x1026,0x1026,0x1026,0x1026,0x1026,0x1026,0x1026,0x1026,0x1026,0x1026,0x1026,0x1026,0x1026,
  0x1026,0x1026,0x1026,0x1026,0x1026,0x1026,0x1046,0x1026,0x1026,0x1026,0x1026,0x1026,0x1026,0x1026,0x1026,0x1026,
  0x1026,0x1026,0x1026,0x1026,0x1026,0x1026,0x1026,0x1026,0x1026,0x1026,0x1026,0x1026,0x1026,0x1026,0x1046,0x1046,
  0x1026,0x1026,0x1026,0x1026,0x1026,0x1026,0x1026,0x1026,0x1026,0x1026,0x1026,0x1026,0x1026,0x1026,0x1026,0x1026,
  0x1026,0x1027,0x1026,0x1026,0x1026,0x1026,0x1026,0x1026,0x1026,0x1026,0x1026,0x1026,0x1026,0x1026,0x1026,0x1026,
  0x1026,0x1026,0x1026,0x1026,0x1026,0x1026,0x1026,0x1026,0x1026,0x1026,0x1026,0x1026,0x1026,0x1026,0x1026,0x1026,
  0x1026,0x1026,0x1026,0x1026,0x1026,0x1026,0x1026,0x1026,0x1046,0x1026,0x1026,0x1026,0x1026,0x1046,0x1026,0x1026,
  0x1026,0x1026,0x1026,0x1026,0x1026,0x1026,0x1026,0x1026,0x1026,0x1026,0x1026,0x1026,0x1046,0x1046,0x1026,0x1026,
  0x1026,0x1026,0x1026,0x1026,0x1026,0x1026,0x1026,0x1026,0x1026,0x1026,0x1026,0x1026,0x1026,0x1026,0x1026,0x1026,
  0x1026,0x1026,0x1026,0x1026,0x1026,0x1026,0x1026,0x1026,0x1026,0x1026,0x1026,0x1026,0x1026,0x1026,0x1026,0x1026,
  0x1026,0x1026,0x1026,0x1026,0x1046,0x1026,0x1026,0x1046,0x1026,0x1026,0x1026,0x1026,0x1026,0x1026,0x1026,0x1026,
  0x1026,0x1026,0x1026,0x1026,0x1026,0x1026,0x1026,0x1026,0x1026,0x1026,0x1026,0x1026,0x1026,0x1026,0x1026,0x1026,
  0x1026,0x1026,0x1026,0x1026,0x1026,0x1026,0x1026,0x1026,0x1026,0x1026,0x1026,0x1026,0x1026,0x1026,0x1026,0x1026,
  0x1026,0x1026,0x1026,0x1026,0x1026,0x1026,0x1026,0x1026,0x1026,0x1026,0x1026,0x1046,0x1026,0x1026,0x1026,0x1026,
  0x1026,0x1026,0x1026,0x1026,0x1026,0x1046,0x1026,0x1026,0x1026,0x1026,0x1026,0x1026,0x1026,0x1026,0x1026,0x1026,
  0x1026,0x1026,0x1026,0x1026,0x1026,0x1046,0x1026,0x1026,0x1026,0x1026,0x1026,0x1026,0x1026,0x1026,0x1026,0x1026,
  0x1026,0x1026,0x1026,0x1026,0x1026,0x1026,0x1026,0x1026,0x1026,0x1026,0x1026,0x1026,0x1026,0x1026,0x1026,0x1026,
  0x1026,0x1026,0x1026,0x1026,0x1026,0x1026,0x1026,0x1026,0x1026,0x1026,0x1026,0x1026,0x1026,0x1026,0x1046,0x1046,
  0x1046,0x1026,0x1026,0x1026,0x1026,0x1026,0x1026,0x1026,0x1026,0x1026,0x1026,0x1026,0x1026,0x1026,0x1026,0x1026,
  0x1026,0x1026,0x1026,0x1026,0x1026,0x1026,0x1026,0x1026,0x1026,0x1026,0x1026,0x1026,0x1026,0x1026,0x1026,0x1026,
  0x1026,0x1026,0x1026,0x1026,0x1026,0x1026,0x1026,0x1026,0x1026,0x1026,0x1026,0x1026,0x1026,0x1026,0x1026,0x1026,
  0x1026,0x1026,0x1026,0x1046,0x1026,0x1026,0x1026,0x1026,0x1046,0x1067,0x1026,0x1026,0x1026,0x1026,0x1026,0x1026,
  0x1026,0x1026,0x1026,0x1026,0x1026,0x1026,0x1026,0x1026,0x1026,0x1026,0x1026,0x1026,0x1026,0x1046,0x1026,0x1026,
  0x1026,0x1026,0x1026,0x1026,0x1026,0x1026,0x1026,0x1026,0x1026,0x1026,0x1026,0x1026,0x1026,0x1026,0x1026,0x1026,
  0x1026,0x1026,0x1026,0x1026,0x1026,0x1026,0x1026,0x1026,0x1026,0x1026,0x1026,0x1026,0x1026,0x1026,0x1026,0x1026,
  0x1026,0x1026,0x1026,0x1026,0x1026,0x1026,0x1046,0x1046,0x1046,0x1026,0x1026,0x1026,0x1026,0x1026,0x1026,0x1026,
  0x1026,0x1026,0x1026,0x1026,0x1026,0x1026,0x1026,0x1026,0x1026,0x1026,0x1026,0x1026,0x1026,0x1046,0x1026,0x1026,
  0x1026,0x1026,0x1026,0x1026,0x1026,0x1026,0x1026,0x1026,0x1026,0x1026,0x1026,0x1026,0x1026,0x1026,0x1026,0x1026,
  0x1026,0x1026,0x1026,0x1026,0x1026,0x1026,0x1026,0x1026,0x1026,0x1026,0x1026,0x1026,0x1026,0x1026,0x1026,0x1046,
  0x1046,0x1046,0x1026,0x1026,0x1026,0x1026,0x1026,0x1026,0x1026,0x1026,0x1026,0x1026,0x1026,0x1026,0x1026,0x1026,
  0x1026,0x1026,0x1026,0x1026,0x1026,0x1026,0x1026,0x1026,0x1026,0x1026,0x1026,0x1026,0x1026,0x1026,0x1026,0x1026,
  0x1026,0x1026,0x1026,0x1026,0x1026,0x1026,0x1026,0x1026,0x1026,0x1026,0x1026,0x1026,0x1026,0x1026,0x1026,0x1026,
  0x1026,0x1026,0x1026,0x1026,0x1026,0x1026,0x1026,0x1026,0x1026,0x1026,0x1026,0x1026,0x1026,0x1026,0x1046,0x1046,
  0x1046,0x1026,0x1026,0x1026,0x1026,0x1026,0x1026,0x1026,0x1026,0x1026,0x1026,0x1026,0x1026,0x1026,0x1026,0x1026,
  0x1026,0x1026,0x1026,0x1026,0x1026,0x1046,0x1046,0x1026,0x1026,0x1026,0x1026,0x1026,0x1026,0x1026,0x1026,0x1026,
  0x1026,0x1026,0x1026,0x1026,0x1026,0x1888,0x1047,0x1026,0x1026,0x1026,0x1026,0x1026,0x1026,0x1026,0x1026,0x1026,
  0x1026,0x1026,0x1026,0x1026,0x1026,0x1026,0x1026,0x1026,0x1026,0x1026,0x1026,0x1026,0x1026,0x1026,0x1026,0x1026,
  0x1026,0x1026,0x1026,0x1026,0x1026,0x1026,0x1026,0x1026,0x1026,0x1026,0x1026,0x1026,0x1026,0x1026,0x1026,0x1026,
  0x1026,0x1026,0x1026,0x1026,0x1026,0x1026,0x1026,0x1026,0x1026,0x1026,0x1026,0x1026,0x1026,0x1026,0x1026,0x1026,
  0x1026,0x1026,0x1026,0x1026,0x1026,0x1026,0x1026,0x1026,0x1026,0x1026,0x1026,0x1026,0x1026,0x1026,0x1026,0x1026,
  0x1026,0x1026,0x1026,0x1026,0x1026,0x1026,0x1046,0x1046,0x1046,0x1026,0x1026,0x1026,0x1026,0x1026,0x1026,0x1026,
  0x1026,0x1026,0x1026,0x1026,0x1026,0x1026,0x1026,0x1026,0x1026,0x1026,0x1026,0x1026,0x1026,0x1026,0x1026,0x1026,
  0x1026,0x1026,0x1026,0x1026,0x1026,0x1026,0x1026,0x1026,0x1046,0x1026,0x1026,0x1026,0x1026,0x1047,0x1046,0x1026,
  0x1026,0x1046,0x1026,0x1026,0x1026,0x1026,0x1026,0x1026,0x1026,0x1026,0x1026,0x1026,0x1026,0x1026,0x1026,0x1026,
  0x1026,0x1026,0x1026,0x1026,0x1026,0x1026,0x1026,0x1026,0x1026,0x1026,0x1026,0x1026,0x1026,0x1026,0x1026,0x1026,
  0x1026,0x1026,0x1026,0x1026,0x1026,0x1026,0x1026,0x1026,0x1026,0x1026,0x1026,0x1026,0x1026,0x1026,0x1026,0x1026,
  0x1026,0x1026,0x1026,0x1026,0x1026,0x1026,0x1026,0x1026,0x1026,0x1026,0x1026,0x1026,0x1026,0x1026,0x1026,0x1026,
  0x1026,0x1026,0x1026,0x1026,0x1026,0x1026,0x1026,0x1026,0x1026,0x1026,0x1026,0x1026,0x1026,0x1026,0x1046,0x1046,
  0x1046,0x1026,0x1026,0x1026,0x1026,0x1026,0x1026,0x1026,0x1026,0x1026,0x1026,0x1026,0x1026,0x1026,0x1026,0x1046,
  0x1026,0x1026,0x1026,0x1026,0x1026,0x1026,0x1026,0x1026,0x1026,0x1026,0x1026,0x1026,0x1026,0x1026,0x1026,0x1026,
  0x1046,0x1026,0x1026,0x1026,0x1026,0x1026,0x1026,0x1026,0x1026,0x1026,0x1026,0x1026,0x1026,0x1026,0x1026,0x1026,
  0x1026,0x1026,0x1026,0x1026,0x1026,0x1026,0x1026,0x1026,0x1026,0x1026,0x1026,0x1026,0x1026,0x1026,0x1026,0x1026,
  0x1026,0x1026,0x1026,0x1026,0x1026,0x1026,0x1026,0x1026,0x1026,0x1026,0x1026,0x1026,0x1026,0x1026,0x1026,0x1026,
  0x1026,0x1026,0x1026,0x1026,0x1026,0x1026,0x1026,0x1026,0x1026,0x1026,0x1026,0x1026,0x1026,0x1026,0x1026,0x1026,
  0x1026,0x1026,0x1026,0x1026,0x1026,0x1026,0x1026,0x1026,0x1026,0x1026,0x1026,0x1026,0x1026,0x1026,0x1026,0x1026,
  0x1026,0x1026,0x1026,0x1026,0x1026,0x1026,0x1046,0x1046,0x1046,0x1026,0x1026,0x1026,0x1026,0x1026,0x1026,0x1026,
  0x1026,0x1026,0x1026,0x1026,0x1026,0x1026,0x1026,0x1026,0x1026,0x1026,0x1026,0x1026,0x1026,0x1026,0x1026,0x1026,
  0x1026,0x1026,0x1026,0x1026,0x1026,0x1026,0x1026,0x1026,0x1046,0x1026,0x1026,0x1026,0x1026,0x1026,0x1026,0x1026,
  0x1026,0x1026,0x1026,0x1026,0x1026,0x1026,0x1026,0x1026,0x1026,0x1046,0x1026,0x1026,0x1026,0x1026,0x1026,0x1026,
  0x1026,0x1046,0x1046,0x1046,0x1046,0x1026,0x1026,0x1026,0x1026,0x1026,0x1026,0x1046,0x1888,0x1026,0x1026,0x1026,
  0x1046,0x1026,0x1026,0x1026,0x1026,0x1026,0x1026,0x1026,0x1026,0x1026,0x1026,0x1026,0x1026,0x1026,0x1026,0x1026,
  0x1026,0x1048,0x1026,0x1026,0x1026,0x1026,0x1026,0x1026,0x1026,0x1026,0x1026,0x1026,0x1026,0x1026,0x1026,0x1026,
  0x1026,0x1026,0x1026,0x1026,0x1026,0x1026,0x1026,0x1026,0x1026,0x1026,0x1046,0x1026,0x1026,0x1026,0x1046,0x1046,
  0x1026,0x1026,0x1026,0x1026,0x1026,0x1026,0x1026,0x1026,0x1026,0x1026,0x1026,0x1026,0x1026,0x1026,0x1026,0x1889,
  0x1026,0x1026,0x1026,0x1026,0x1026,0x1026,0x1026,0x1026,0x1026,0x1026,0x1046,0x1026,0x1026,0x1026,0x1026,0x1026,
  0x1026,0x1026,0x1026,0x1026,0x1026,0x1026,0x1026,0x1026,0x1026,0x1026,0x1026,0x1026,0x1026,0x1026,0x1026,0x1026,
  0x1026,0x1046,0x1046,0x1046,0x1046,0x1026,0x1026,0x1026,0x1046,0x1046,0x1046,0x1046,0x1046,0x1046,0x1026,0x1026,
  0x1026,0x1026,0x1026,0x1046,0x1888,0x1026,0x1026,0x1046,0x1046,0x1026,0x1026,0x1026,0x1026,0x1026,0x1026,0x1026,
  0x1026,0x1026,0x1026,0x1026,0x1026,0x1026,0x1026,0x1026,0x1026,0x1868,0x1046,0x1026,0x1026,0x1026,0x1026,0x1026,
  0x1026,0x1026,0x1026,0x1026,0x1026,0x1026,0x1026,0x1026,0x1026,0x1026,0x1026,0x1026,0x1026,0x1026,0x1026,0x1026,
  0x1026,0x1026,0x1026,0x1026,0x1026,0x1046,0x1046,0x1046,0x1046,0x1046,0x1046,0x1026,0x1026,0x1026,0x1026,0x1026,
  0x1026,0x1026,0x1026,0x1026,0x1026,0x1026,0x1026,0x18A9,0x1027,0x1026,0x1026,0x1026,0x1026,0x1026,0x1026,0x1026,
  0x1026,0x1026,0x1026,0x1026,0x1026,0x1026,0x1026,0x1026,0x1026,0x1026,0x1026,0x1026,0x1026,0x1026,0x1026,0x1026,
  0x1026,0x1026,0x1026,0x1026,0x1026,0x1026,0x1046,0x1026,0x1026,0x1046,0x1046,0x1046,0x1046,0x1046,0x1026,0x1026,
  0x1046,0x1046,0x1046,0x1046,0x1046,0x1026,0x1026,0x1026,0x1026,0x1026,0x1026,0x1026,0x1026,0x1026,0x1026,0x1026,
  0x1026,0x1026,0x1026,0x1026,0x1026,0x1026,0x1026,0x1026,0x1026,0x1026,0x1026,0x1026,0x1026,0x1026,0x1026,0x1026,
  0x1026,0x1026,0x1026,0x1026,0x1026,0x1026,0x1026,0x1026,0x1046,0x1026,0x1026,0x1026,0x1026,0x1026,0x1026,0x1026,
  0x1066,0x1046,0x1026,0x1026,0x1026,0x1026,0x1026,0x1026,0x1026,0x1026,0x1026,0x1026,0x1026,0x1046,0x1046,0x1046,
  0x1046,0x1026,0x1026,0x1026,0x1046,0x1026,0x1026,0x1026,0x1026,0x1026,0x1026,0x1026,0x1026,0x1026,0x1026,0x0806,
  0x1026,0x1026,0x1026,0x1026,0x1026,0x1026,0x1026,0x1026,0x1026,0x1026,0x1026,0x1026,0x1026,0x1046,0x1026,0x1026,
  0x1026,0x1026,0x1026,0x1046,0x1046,0x1046,0x1026,0x1026,0x1026,0x1026,0x1026,0x1026,0x1026,0x1026,0x1046,0x1026,
  0x1026,0x1026,0x1046,0x1046,0x1046,0x1026,0x1026,0x1026,0x1046,0x1046,0x1046,0x1046,0x1046,0x1046,0x1046,0x1046,
  0x1026,0x1026,0x1026,0x1026,0x1046,0x1026,0x1026,0x1026,0x1026,0x1026,0x1026,0x1026,0x1026,0x1026,0x1026,0x1026,
  0x1026,0x1026,0x1026,0x1026,0x1026,0x1026,0x1026,0x1026,0x1026,0x1046,0x1026,0x1026,0x1026,0x1026,0x1046,0x1046,
  0x1046,0x1046,0x1046,0x1026,0x1026,0x1026,0x1026,0x1026,0x1026,0x1026,0x1046,0x1026,0x1026,0x1026,0x1026,0x1026,
  0x1026,0x1026,0x1026,0x1026,0x1026,0x1046,0x1046,0x1046,0x1046,0x1026,0x1026,0x1026,0x1026,0x1026,0x1026,0x1026,
  0x1026,0x1026,0x1026,0x1026,0x1026,0x1026,0x1026,0x1026,0x1026,0x1026,0x1026,0x1026,0x1026,0x1026,0x1026,0x1026,
  0x1026,0x1026,0x1026,0x1026,0x1026,0x1046,0x1026,0x1026,0x1026,0x1026,0x1026,0x1046,0x1046,0x1046,0x1026,0x1026,
  0x1026,0x1026,0x1026,0x1026,0x1026,0x1026,0x1026,0x1026,0x1026,0x1026,0x1026,0x1026,0x1026,0x1026,0x1026,0x1026,
  0x1026,0x1026,0x1026,0x1046,0x1046,0x1046,0x1046,0x1046,0x1026,0x1026,0x1026,0x1026,0x1026,0x1026,0x1026,0x1026,
  0x1026,0x1026,0x1026,0x1026,0x1026,0x1026,0x1026,0x1026,0x1026,0x1026,0x1026,0x1026,0x1026,0x1026,0x1026,0x1026,
  0x1026,0x1026,0x1026,0x1026,0x1026,0x1026,0x1026,0x1046,0x1026,0x1026,0x1026,0x1026,0x1026,0x1026,0x1026,0x1026,
  0x1026,0x1026,0x1026,0x1026,0x1026,0x1026,0x1026,0x1026,0x1026,0x1026,0x1026,0x1026,0x1026,0x1026,0x1046,0x1046,
  0x1046,0x1026,0x1026,0x1026,0x1026,0x1026,0x1026,0x1026,0x1026,0x1026,0x1046,0x1026,0x1026,0x1026,0x1026,0x1026,
  0x1026,0x1026,0x1026,0x1026,0x1026,0x1026,0x1026,0x1026,0x1046,0x1026,0x1026,0x1026,0x1026,0x1046,0x1026,0x1026,
  0x1026,0x1026,0x1026,0x1026,0x1026,0x1026,0x1026,0x1026,0x1026,0x1026,0x1026,0x1026,0x1026,0x1026,0x1026,0x1026,
  0x1026,0x1026,0x1026,0x1026,0x1026,0x1026,0x1026,0x1026,0x1026,0x1026,0x1026,0x1026,0x1046,0x1046,0x1046,0x1046,
  0x1026,0x1026,0x1026,0x1026,0x1026,0x1026,0x1026,0x1026,0x1026,0x1026,0x1026,0x1026,0x1026,0x1026,0x1026,0x1026,
  0x1026,0x1026,0x1026,0x1026,0x1026,0x1026,0x1026,0x1026,0x1026,0x1026,0x1026,0x1026,0x1026,0x1026,0x1026,0x1026,
  0x1026,0x1026,0x1047,0x1026,0x1026,0x1026,0x1026,0x1026,0x1026,0x1026,0x1026,0x1026,0x1026,0x1026,0x1026,0x1026,
  0x1026,0x1026,0x1026,0x1026,0x1026,0x1026,0x1046,0x1046,0x1026,0x1026,0x1026,0x1046,0x1026,0x1026,0x1026,0x1026,
  0x1026,0x1026,0x1026,0x1026,0x1026,0x1026,0x1026,0x1026,0x1026,0x1026,0x1026,0x1026,0x1026,0x1026,0x1026,0x1026,
  0x1026,0x1026,0x1026,0x1026,0x1026,0x1026,0x1026,0x1026,0x1026,0x1026,0x1026,0x1026,0x1026,0x1026,0x1026,0x1026,
  0x1026,0x1026,0x1026,0x1026,0x1026,0x1026,0x1026,0x1026,0x1026,0x1026,0x1026,0x1026,0x1026,0x1026,0x1026,0x1026,
  0x1026,0x1026,0x1026,0x1026,0x1026,0x1026,0x1026,0x1026,0x1026,0x1026,0x1026,0x1026,0x1046,0x1026,0x1026,0x1026,
  0x1026,0x1026,0x1026,0x1026,0x1026,0x1026,0x1026,0x1026,0x1026,0x1026,0x1026,0x1026,0x1026,0x1026,0x1026,0x1026,
  0x1026,0x1026,0x1026,0x1026,0x1026,0x1026,0x1026,0x1026,0x1026,0x1026,0x1047,0x1026,0x1026,0x1026,0x1026,0x1026,
  0x1026,0x1026,0x1026,0x1026,0x1026,0x1026,0x1026,0x1026,0x1026,0x1026,0x1046,0x1026,0x1026,0x1026,0x1046,0x1046,
  0x1026,0x1026,0x1026,0x1026,0x1026,0x1026,0x1026,0x1026,0x1026,0x1026,0x1026,0x1026,0x1026,0x1026,0x1026,0x1026,
  0x1026,0x1026,0x1026,0x1026,0x1026,0x1026,0x1026,0x1026,0x1026,0x1026,0x1026,0x1026,0x1026,0x1026,0x1026,0x1026,
  0x1026,0x1026,0x1026,0x1026,0x1026,0x1026,0x1026,0x1026,0x1026,0x1026,0x1026,0x1026,0x1026,0x1026,0x1026,0x1026,
  0x1026,0x1026,0x1026,0x1026,0x1026,0x1026,0x1026,0x1026,0x1026,0x1026,0x1026,0x1026,0x1026,0x1026,0x1026,0x1026,
  0x1026,0x1046,0x1046,0x1046,0x1026,0x1026,0x1026,0x1026,0x1026,0x1026,0x1026,0x1026,0x1026,0x1026,0x1026,0x1026,
  0x1026,0x1026,0x1026,0x1026,0x1026,0x1026,0x1026,0x1026,0x1026,0x1026,0x1026,0x1026,0x1026,0x1046,0x1026,0x1026,
  0x1026,0x1026,0x1026,0x1026,0x1026,0x1026,0x1026,0x1026,0x1026,0x1026,0x1026,0x1026,0x1026,0x1026,0x1026,0x1026,
  0x1026,0x1026,0x1026,0x1026,0x1026,0x1026,0x1046,0x1046,0x1026,0x1026,0x1026,0x1026,0x1026,0x1026,0x1026,0x1026,
  0x1026,0x1026,0x1026,0x1026,0x1026,0x1026,0x1026,0x1026,0x1026,0x1026,0x1026,0x1026,0x1026,0x1026,0x1026,0x1026,
  0x1026,0x1026,0x1026,0x1026,0x1026,0x1026,0x1026,0x1026,0x1026,0x1026,0x1026,0x1026,0x1026,0x1026,0x1026,0x1026,
  0x1026,0x1026,0x1026,0x1026,0x1026,0x1026,0x1026,0x1026,0x1026,0x1026,0x1026,0x1026,0x1026,0x1026,0x1026,0x1026,
  0x1026,0x1026,0x1026,0x1026,0x1026,0x1026,0x1026,0x1026,0x1026,0x1046,0x1046,0x1046,0x1026,0x1026,0x1026,0x1026,
  0x1026,0x1026,0x1026,0x1026,0x1026,0x1026,0x1026,0x1026,0x1026,0x1026,0x1026,0x1026,0x1046,0x1067,0x1026,0x1026,
  0x1026,0x1026,0x1026,0x1026,0x1026,0x1026,0x1026,0x1026,0x1026,0x1026,0x1026,0x1026,0x1026,0x1026,0x1026,0x1026,
  0x1026,0x1026,0x1026,0x1026,0x1026,0x1026,0x1026,0x1026,0x1026,0x1026,0x1026,0x1026,0x1026,0x1026,0x1046,0x1046,
  0x1026,0x1026,0x1026,0x1026,0x1026,0x1026,0x1026,0x1026,0x1026,0x1026,0x1026,0x1026,0x1026,0x1026,0x1026,0x1026,
  0x1026,0x1026,0x1026,0x1026,0x1026,0x1026,0x1026,0x1026,0x1026,0x1026,0x1026,0x1026,0x1026,0x1026,0x1026,0x1026,
  0x1026,0x1026,0x1026,0x1026,0x1026,0x1026,0x1026,0x1026,0x1026,0x1026,0x1026,0x1026,0x1026,0x1026,0x1026,0x1026,
  0x1026,0x1026,0x1026,0x1026,0x1026,0x1026,0x1046,0x1026,0x1026,0x1026,0x1026,0x1026,0x1026,0x1026,0x1026,0x1026,
  0x1026,0x1026,0x1026,0x1026,0x1026,0x1026,0x1026,0x1026,0x1026,0x1026,0x1026,0x1026,0x1026,0x1026,0x1026,0x1026,
  0x1026,0x1026,0x1026,0x1026,0x1026,0x1026,0x1026,0x1026,0x1026,0x1026,0x1026,0x1026,0x1026,0x1026,0x1026,0x1026,
  0x1026,0x1026,0x1026,0x1026,0x1026,0x1026,0x1026,0x1026,0x1026,0x1026,0x1026,0x1026,0x1026,0x1026,0x1026,0x1026,
  0x1026,0x1026,0x1026,0x1026,0x1026,0x1026,0x1046,0x1046,0x1026,0x1026,0x1026,0x1026,0x1026,0x1026,0x1026,0x1026,
  0x1026,0x1026,0x1026,0x1026,0x1026,0x1026,0x1026,0x1026,0x1026,0x1026,0x1026,0x1026,0x1026,0x1026,0x1026,0x1026,
  0x1026,0x1026,0x1026,0x1026,0x1026,0x1026,0x1026,0x1026,0x1026,0x1026,0x1026,0x1026,0x1026,0x1026,0x1026,0x1026,
  0x1026,0x1026,0x1026,0x1026,0x1026,0x1026,0x1026,0x1026,0x1026,0x1026,0x1026,0x1026,0x20A9,0x1026,0x1026,0x1026,
  0x1026,0x1026,0x1026,0x1026,0x1026,0x1026,0x1026,0x1026,0x1026,0x1026,0x1026,0x1026,0x1026,0x1026,0x1026,0x1026,
  0x1026,0x1026,0x1026,0x1026,0x1026,0x1026,0x1026,0x1026,0x1026,0x1026,0x1026,0x1026,0x1026,0x1026,0x1026,0x1026,
  0x1026,0x1026,0x1026,0x1026,0x1026,0x1026,0x1026,0x1026,0x1026,0x1026,0x1026,0x1026,0x1026,0x1026,0x1026,0x1026,
  0x1026,0x1026,0x1026,0x1026,0x1026,0x1026,0x1026,0x1026,0x1026,0x1026,0x1026,0x1026,0x1026,0x1026,0x1046,0x1046,
  0x1026,0x1026,0x1026,0x1026,0x1026,0x1026,0x1026,0x1026,0x1026,0x1026,0x1026,0x1026,0x1026,0x1026,0x1026,0x1026,
  0x1026,0x1026,0x1026,0x1026,0x1026,0x1026,0x1026,0x1026,0x1026,0x1026,0x1026,0x1026,0x1026,0x1026,0x1026,0x1026,
  0x1026,0x1026,0x1026,0x1026,0x1026,0x1026,0x1026,0x1026,0x1026,0x1026,0x1026,0x1026,0x1026,0x1026,0x1026,0x1026,
  0x1026,0x1026,0x1026,0x1026,0x1047,0x1026,0x1026,0x1026,0x1026,0x1026,0x1026,0x1026,0x1026,0x1026,0x1026,0x1026,
  0x1026,0x1026,0x1026,0x1026,0x1026,0x1026,0x1026,0x0825,0x1066,0x1046,0x1025,0x1026,0x1026,0x1026,0x1026,0x1026,
  0x1026,0x1026,0x1026,0x1026,0x1026,0x1026,0x1026,0x1026,0x1026,0x1026,0x1026,0x1026,0x1026,0x1026,0x1026,0x1026,
  0x1026,0x1026,0x1026,0x1026,0x1026,0x1026,0x1026,0x1026,0x1026,0x1026,0x1026,0x1026,0x1026,0x1026,0x1026,0x1026,
  0x1026,0x1026,0x1026,0x1026,0x1026,0x1026,0x1026,0x1026,0x1026,0x1026,0x1026,0x1026,0x1026,0x1046,0x1026,0x1026,
  0x1026,0x1026,0x1026,0x1026,0x1026,0x1026,0x1026,0x1026,0x1026,0x1026,0x1026,0x1026,0x1046,0x1046,0x1046,0x1046,
  0x1026,0x1026,0x1026,0x1026,0x1046,0x1026,0x1026,0x1026,0x1026,0x1026,0x1026,0x1026,0x1026,0x1026,0x1026,0x1026,
  0x1026,0x1026,0x1026,0x1026,0x1026,0x1026,0x1026,0x1026,0x1026,0x1026,0x1026,0x1026,0x1026,0x1026,0x1026,0x1026,
  0x1026,0x1026,0x1026,0x1026,0x1026,0x1026,0x1026,0x1026,0x1026,0x1026,0x1026,0x1026,0x1026,0x1026,0x1026,0x1026,
  0x1026,0x1026,0x1026,0x1026,0x1026,0x1026,0x1026,0x1026,0x1026,0x1046,0x1026,0x1026,0x1026,0x1026,0x1026,0x1026,
  0x1026,0x1026,0x1026,0x1026,0x1026,0x1046,0x1026,0x1026,0x1026,0x1026,0x1026,0x1026,0x1026,0x1026,0x1026,0x1026,
  0x1026,0x1026,0x1026,0x1026,0x1026,0x1026,0x1026,0x1026,0x1026,0x1026,0x1026,0x1026,0x1026,0x1026,0x1026,0x1026,
  0x1847,0x1847,0x1847,0x1847,0x1847,0x1847,0x1867,0x1847,0x1847,0x1847,0x1847,0x1847,0x1847,0x1847,0x1847,0x1847,
  0x1847,0x1847,0x1847,0x1847,0x1847,0x1867,0x1847,0x1847,0x1847,0x1847,0x1847,0x1847,0x1847,0x1847,0x1847,0x1846,
  0x1847,0x1846,0x1847,0x1847,0x1847,0x1046,0x1846,0x1846,0x1846,0x1846,0x1847,0x1847,0x1847,0x1847,0x1847,0x1847,
  0x1847,0x1847,0x1046,0x1046,0x1846,0x1847,0x1847,0x1847,0x1847,0x1847,0x1847,0x1847,0x1847,0x1847,0x1847,0x1847,
  0x1847,0x1847,0x1046,0x1046,0x1847,0x1047,0x1847,0x1046,0x1847,0x1867,0x1847,0x1847,0x1847,0x1847,0x1847,0x1847,
  0x1047,0x1046,0x1047,0x1847,0x1847,0x1847,0x1847,0x1847,0x1867,0x1847,0x1867,0x1847,0x1847,0x1847,0x1847,0x1847,
  0x1847,0x1847,0x1847,0x1847,0x1847,0x1847,0x1847,0x1846,0x1846,0x1847,0x1847,0x1847,0x1847,0x1847,0x1847,0x1847,
  0x1847,0x1847,0x1046,0x1046,0x1046,0x1046,0x1846,0x1846,0x1867,0x1847,0x1847,0x1847,0x1847,0x1847,0x1867,0x1847,
  0x1847,0x1847,0x1847,0x1847,0x1847,0x1847,0x1847,0x1847,0x1847,0x1847,0x1847,0x1867,0x1847,0x1867,0x1847,0x1847,
  0x1847,0x1847,0x1847,0x1847,0x1847,0x1847,0x1847,0x1847,0x1847,0x1047,0x1847,0x1847,0x1847,0x1847,0x1847,0x1846,
  0x1847,0x1847,0x1847,0x1847,0x1847,0x1847,0x1847,0x1847,0x1847,0x1847,0x1846,0x1846,0x1846,0x1847,0x1847,0x1847,
  0x1847,0x1847,0x1847,0x1046,0x1847,0x1847,0x1847,0x1046,0x1847,0x1046,0x1046,0x1046,0x1847,0x1047,0x1846,0x1046,
  0x1847,0x1867,0x1847,0x1847,0x1847,0x1847,0x1847,0x1847,0x1047,0x20EA,0x1888,0x1846,0x1847,0x1847,0x1847,0x1847,
  0x1847,0x1847,0x1847,0x1847,0x1847,0x1847,0x1847,0x1046,0x1847,0x1847,0x1847,0x1847,0x1847,0x1847,0x1847,0x1847,
  0x1847,0x1847,0x1847,0x1847,0x1847,0x1847,0x1847,0x1847,0x1847,0x1847,0x1847,0x1847,0x1847,0x1847,0x1847,0x1847,
  0x1867,0x1847,0x1847,0x1847,0x1847,0x1847,0x1867,0x1847,0x1847,0x1847,0x1847,0x1847,0x1046,0x1046,0x1846,0x1847,
  0x1847,0x1847,0x1847,0x1867,0x1847,0x1847,0x1847,0x1847,0x1847,0x1847,0x1847,0x1847,0x1847,0x1847,0x1847,0x1847,
  0x1847,0x1047,0x1868,0x1047,0x1847,0x1847,0x1847,0x1847,0x1847,0x1847,0x1847,0x1847,0x1847,0x1847,0x1847,0x1847,
  0x1847,0x1847,0x1847,0x1847,0x1847,0x1847,0x1847,0x1847,0x1847,0x1847,0x1847,0x1847,0x1847,0x1847,0x1847,0x1847,
  0x1847,0x1046,0x1847,0x1847,0x1847,0x1847,0x1847,0x1846,0x1847,0x1847,0x1847,0x1847,0x1847,0x1847,0x1847,0x1847,
  0x1047,0x1888,0x1867,0x1847,0x1847,0x1847,0x1847,0x1847,0x1867,0x1847,0x1847,0x1847,0x1847,0x1847,0x1847,0x1847,
  0x1847,0x1847,0x1847,0x1847,0x1847,0x1847,0x1847,0x1847,0x1847,0x1847,0x1847,0x1847,0x1847,0x1847,0x1847,0x1847,
  0x1847,0x1847,0x1847,0x1847,0x1847,0x1847,0x1847,0x1847,0x1847,0x1847,0x1847,0x1847,0x1847,0x1847,0x1867,0x1847,
  0x1847,0x1847,0x1847,0x1847,0x1847,0x1046,0x1847,0x1847,0x1847,0x1847,0x1847,0x1867,0x1847,0x1847,0x1847,0x1847,
  0x1847,0x1847,0x1847,0x1846,0x1046,0x1047,0x1847,0x1847,0x1847,0x1847,0x1867,0x1046,0x1846,0x1847,0x1847,0x1867,
  0x1867,0x1847,0x1847,0x1847,0x1847,0x1847,0x1847,0x1847,0x1847,0x1847,0x1847,0x1847,0x1847,0x1847,0x1847,0x1847,
  0x1847,0x1847,0x1847,0x1847,0x1847,0x1847,0x1847,0x1847,0x1847,0x1847,0x1847,0x1847,0x1847,0x1847,0x1847,0x1846,
  0x1846,0x1046,0x1847,0x1847,0x1847,0x1847,0x1847,0x1847,0x1847,0x1046,0x1847,0x1847,0x1847,0x1847,0x1847,0x1847,
  0x1847,0x1847,0x1847,0x1847,0x1046,0x1046,0x1847,0x1847,0x1847,0x1847,0x1847,0x1847,0x1847,0x1847,0x1847,0x1847,
  0x1847,0x1847,0x1847,0x1867,0x1847,0x1847,0x1847,0x1847,0x1847,0x1847,0x1846,0x1846,0x1046,0x1046,0x1847,0x1847,
  0x1847,0x1847,0x1847,0x1847,0x1847,0x1847,0x1847,0x1847,0x1847,0x1847,0x1847,0x1847,0x1847,0x1847,0x1847,0x1847,
  0x1847,0x1847,0x1847,0x1847,0x1847,0x1847,0x1847,0x1847,0x1847,0x1847,0x1847,0x1847,0x1847,0x1847,0x1847,0x1847,
  0x1847,0x1847,0x1847,0x1847,0x1847,0x1847,0x1847,0x1847,0x1847,0x1847,0x1847,0x1847,0x1847,0x1847,0x1847,0x1847,
  0x1847,0x1847,0x1847,0x1847,0x1847,0x1847,0x1847,0x1847,0x1847,0x1847,0x1847,0x1847,0x1847,0x1847,0x1847,0x1847,
  0x1847,0x1847,0x1847,0x1046,0x1847,0x1847,0x1847,0x1847,0x1847,0x1847,0x1046,0x1847,0x1847,0x1847,0x1847,0x1847,
  0x1847,0x1847,0x1847,0x1847,0x1847,0x1847,0x1847,0x1847,0x1846,0x1847,0x1847,0x1047,0x1888,0x20A8,0x1046,0x1847,
  0x1847,0x1847,0x1847,0x1847,0x1847,0x1847,0x1847,0x1847,0x1847,0x1847,0x1847,0x1847,0x1847,0x1847,0x1847,0x1867,
  0x1847,0x1847,0x1047,0x1047,0x1847,0x1847,0x1847,0x1847,0x1847,0x1847,0x1847,0x1847,0x1847,0x1847,0x1847,0x1847,
  0x1847,0x1847,0x1847,0x1047,0x1847,0x1847,0x1847,0x1847,0x1847,0x1847,0x1847,0x1847,0x1847,0x1867,0x1847,0x1847,
  0x1847,0x1847,0x1847,0x1847,0x1847,0x1847,0x1847,0x1847,0x1847,0x1847,0x1847,0x1847,0x1847,0x1847,0x1847,0x1847,
  0x1847,0x1847,0x1847,0x1847,0x1847,0x1847,0x1847,0x1847,0x1847,0x1847,0x1847,0x1847,0x1847,0x1847,0x1847,0x1847,
  0x1847,0x1847,0x1847,0x1847,0x1847,0x1847,0x1847,0x1847,0x1847,0x1847,0x1847,0x1047,0x1847,0x1847,0x1847,0x1847,
  0x1847,0x1847,0x1847,0x1847,0x1847,0x1847,0x1847,0x1847,0x1847,0x1847,0x1847,0x1847,0x1847,0x1847,0x1847,0x1847,
  0x1847,0x1847,0x1847,0x1047,0x1867,0x1887,0x1847,0x1847,0x1847,0x1847,0x1847,0x1847,0x1847,0x1847,0x1847,0x1847,
  0x1847,0x1847,0x1847,0x1847,0x1847,0x1867,0x1847,0x1867,0x1847,0x1847,0x1046,0x1047,0x1847,0x1847,0x1847,0x1847,
  0x1847,0x1847,0x1847,0x1847,0x1847,0x1847,0x1847,0x1847,0x1847,0x1847,0x1847,0x1047,0x1847,0x1847,0x1847,0x1847,
  0x1847,0x1847,0x1847,0x1847,0x1847,0x1847,0x1847,0x1847,0x1847,0x1847,0x1847,0x1847,0x1847,0x1847,0x1847,0x1847,
  0x1847,0x1047,0x1847,0x1847,0x1847,0x1847,0x1847,0x1847,0x1847,0x1847,0x1847,0x1847,0x1847,0x1847,0x1847,0x1847,
  0x1847,0x1847,0x1847,0x1847,0x1847,0x1847,0x1847,0x1847,0x1847,0x1847,0x1847,0x1847,0x1847,0x1047,0x1847,0x1847,
  0x1847,0x1847,0x1847,0x1847,0x1847,0x1847,0x1847,0x1847,0x1847,0x1847,0x1847,0x1847,0x1847,0x1847,0x1847,0x1847,
  0x1847,0x1847,0x1847,0x1847,0x1847,0x1847,0x1847,0x1847,0x1847,0x1847,0x1847,0x1847,0x1847,0x1047,0x1847,0x1847,
  0x1847,0x1047,0x1847,0x1847,0x1847,0x1847,0x1847,0x1847,0x1847,0x1847,0x1847,0x1847,0x1847,0x1847,0x1847,0x1847,
  0x1847,0x1847,0x1046,0x1847,0x1847,0x1847,0x1847,0x1847,0x1847,0x1847,0x1847,0x1847,0x1847,0x1847,0x1847,0x1847,
  0x1847,0x1847,0x1847,0x1847,0x1847,0x1847,0x1847,0x1847,0x1847,0x1847,0x1847,0x1847,0x1047,0x1847,0x1847,0x1847,
  0x1847,0x1847,0x1847,0x1847,0x1847,0x1847,0x1847,0x1847,0x1847,0x1847,0x1847,0x1847,0x1847,0x1847,0x1847,0x1847,
  0x1847,0x1847,0x1847,0x1847,0x1847,0x1847,0x1847,0x1847,0x1847,0x1847,0x1847,0x1847,0x1847,0x1847,0x1847,0x1847,
  0x1847,0x1847,0x1847,0x1847,0x1847,0x1847,0x1847,0x1847,0x1847,0x1847,0x1847,0x1047,0x1847,0x1847,0x1847,0x1847,
  0x1847,0x1847,0x1847,0x1847,0x1847,0x1847,0x1847,0x1847,0x1847,0x1847,0x1847,0x1847,0x1847,0x1847,0x1847,0x1847,
  0x1847,0x1847,0x1847,0x1847,0x1847,0x1847,0x1847,0x1847,0x1847,0x1847,0x1847,0x1847,0x1847,0x1847,0x1847,0x1847,
  0x1847,0x1847,0x1847,0x1847,0x1047,0x1847,0x1847,0x1847,0x1847,0x1847,0x1847,0x1847,0x1847,0x1047,0x1847,0x1847,
  0x1847,0x1847,0x1847,0x1847,0x1847,0x1847,0x1847,0x1847,0x1847,0x1847,0x1847,0x1847,0x1847,0x1847,0x1847,0x1847,
  0x1847,0x1847,0x1847,0x1847,0x1847,0x1847,0x1847,0x1847,0x1847,0x1847,0x1847,0x1847,0x1847,0x1847,0x1847,0x1847,
  0x1847,0x1847,0x1847,0x1847,0x1847,0x1847,0x1847,0x1847,0x1847,0x1847,0x1847,0x1847,0x1847,0x1847,0x1847,0x1847,
  0x1847,0x1847,0x1847,0x1847,0x1847,0x1847,0x1847,0x1847,0x1847,0x1847,0x1847,0x1847,0x1847,0x1847,0x1847,0x1847,
  0x1847,0x1847,0x1847,0x1847,0x1847,0x1847,0x1847,0x1047,0x1847,0x1847,0x1847,0x1847,0x1847,0x1847,0x1847,0x1847,
  0x1847,0x1847,0x1847,0x1847,0x1847,0x1847,0x1847,0x1847,0x1847,0x1847,0x1847,0x1847,0x1847,0x1847,0x1847,0x1847,
  0x1847,0x1847,0x1847,0x1847,0x1847,0x1847,0x1847,0x1847,0x1847,0x1847,0x1847,0x1847,0x1847,0x1847,0x1847,0x1847,
  0x1847,0x1847,0x1047,0x1847,0x1847,0x1847,0x1847,0x1847,0x1847,0x1847,0x1847,0x1847,0x1847,0x1847,0x1847,0x1847,
  0x1847,0x1847,0x1847,0x1847,0x1847,0x1847,0x1847,0x1847,0x1847,0x1847,0x1847,0x1847,0x1847,0x1847,0x1847,0x1847,
  0x1847,0x1847,0x1847,0x1847,0x1847,0x1847,0x1847,0x1847,0x1847,0x1847,0x1847,0x1847,0x1847,0x1847,0x1847,0x1847,
  0x1847,0x1847,0x1847,0x1847,0x1847,0x1847,0x1847,0x1847,0x1847,0x1847,0x1847,0x1847,0x1847,0x1847,0x1847,0x1847,
  0x1847,0x1847,0x1847,0x1847,0x1847,0x1847,0x1847,0x1847,0x1847,0x1847,0x1847,0x1847,0x1847,0x1047,0x1027,0x1047,
  0x1027,0x1847,0x1847,0x1847,0x1847,0x1847,0x1847,0x1847,0x1847,0x1847,0x1847,0x1847,0x1847,0x1847,0x1847,0x1847,
  0x1847,0x1847,0x1847,0x1847,0x1847,0x1847,0x1847,0x1847,0x1847,0x1847,0x1847,0x1847,0x1847,0x1047,0x1847,0x1847,
  0x1847,0x1847,0x1847,0x1867,0x1847,0x1847,0x1847,0x1847,0x1847,0x1847,0x1047,0x1047,0x1847,0x1847,0x1047,0x1047,
  0x1847,0x1847,0x1847,0x1827,0x1847,0x1847,0x1847,0x1847,0x1847,0x1847,0x1847,0x1847,0x1847,0x1847,0x1847,0x1847,
  0x1847,0x1847,0x1847,0x1847,0x1847,0x1847,0x1847,0x1847,0x1847,0x1847,0x1847,0x1847,0x1847,0x1847,0x1847,0x1847,
  0x1847,0x1847,0x1847,0x1847,0x1847,0x1847,0x1847,0x1847,0x1847,0x1847,0x1847,0x1847,0x1847,0x1847,0x1847,0x1847,
  0x1847,0x1847,0x1847,0x1847,0x1847,0x1847,0x1847,0x1847,0x1847,0x1847,0x1847,0x1847,0x1847,0x1847,0x1847,0x1847,
  0x1847,0x1847,0x1847,0x1847,0x1847,0x1027,0x1827,0x1847,0x1847,0x1847,0x1847,0x1847,0x1847,0x1847,0x1847,0x1847,
  0x1847,0x1847,0x1847,0x1847,0x1827,0x1847,0x1847,0x1847,0x1847,0x1847,0x1847,0x1847,0x1847,0x1847,0x1847,0x1847,
  0x1847,0x1847,0x1847,0x1847,0x1847,0x1847,0x1847,0x1847,0x1847,0x1847,0x1847,0x1847,0x1847,0x1847,0x1847,0x1847,
  0x1847,0x1847,0x1027,0x1847,0x1847,0x1847,0x1847,0x1827,0x1828,0x1828,0x1828,0x1828,0x1828,0x1828,0x1828,0x1828,
  0x1828,0x1828,0x1828,0x1828,0x1828,0x1828,0x1828,0x1828,0x1828,0x1828,0x1828,0x1828,0x1828,0x1828,0x1828,0x1828,
  0x1828,0x1828,0x1828,0x1828,0x1828,0x1828,0x1828,0x1828,0x1828,0x1828,0x1828,0x1828,0x1828,0x1828,0x1828,0x1828,
  0x1828,0x1828,0x1828,0x1828,0x1828,0x1828,0x1828,0x1828,0x1828,0x1828,0x1828,0x1828,0x1828,0x1828,0x1828,0x1828,
  0x1828,0x1828,0x1828,0x1828,0x1828,0x1828,0x1828,0x1828,0x1828,0x1828,0x1828,0x1828,0x1828,0x1828,0x1828,0x1828,
  0x1828,0x1828,0x1828,0x1828,0x1828,0x1828,0x1828,0x1828,0x1828,0x1828,0x1828,0x1828,0x1828,0x1828,0x1828,0x1828,
  0x1828,0x1828,0x1828,0x1828,0x1828,0x1828,0x1828,0x1828,0x1828,0x1828,0x1828,0x1828,0x1828,0x1828,0x1828,0x1828,
  0x1828,0x1828,0x1828,0x1828,0x1828,0x1828,0x1828,0x1828,0x1828,0x1828,0x1828,0x1828,0x1828,0x1828,0x1828,0x1828,
  0x1828,0x1828,0x1828,0x1828,0x1828,0x1828,0x1828,0x1828,0x1828,0x1828,0x1828,0x1828,0x1828,0x1828,0x1828,0x1828,
  0x1828,0x1828,0x1828,0x1828,0x1828,0x1828,0x1828,0x1828,0x1828,0x1828,0x1828,0x1828,0x1828,0x1828,0x1828,0x1828,
  0x1828,0x1828,0x1828,0x1828,0x1828,0x1828,0x1828,0x1828,0x1828,0x1828,0x1828,0x1828,0x1828,0x1828,0x1828,0x1828,
  0x1828,0x1828,0x1848,0x1828,0x1828,0x1828,0x1828,0x1828,0x1828,0x1828,0x1828,0x1828,0x1828,0x1828,0x1828,0x1828,
  0x1828,0x1828,0x1828,0x1828,0x1828,0x1828,0x1828,0x1828,0x1828,0x1828,0x1828,0x1828,0x1828,0x1828,0x1828,0x1828,
  0x1828,0x1828,0x1828,0x1828,0x1828,0x1828,0x1828,0x1828,0x1828,0x1828,0x1828,0x1828,0x1828,0x1828,0x1828,0x1828,
  0x1828,0x1828,0x1828,0x1828,0x1828,0x1828,0x1828,0x1828,0x1828,0x1828,0x1828,0x1828,0x1828,0x1828,0x1828,0x1828,
  0x1828,0x1828,0x1828,0x1828,0x1828,0x1828,0x1828,0x1828,0x1828,0x1828,0x1828,0x1828,0x1828,0x1828,0x1828,0x1828,
  0x1828,0x1828,0x1829,0x1829,0x1828,0x1828,0x1828,0x1828,0x1828,0x1829,0x1828,0x1828,0x1828,0x1828,0x1828,0x1828,
  0x1828,0x1828,0x1828,0x1828,0x1828,0x1828,0x1828,0x1828,0x1828,0x1828,0x1829,0x1829,0x1828,0x1828,0x1829,0x1829,
  0x1828,0x1828,0x1828,0x1828,0x1828,0x1828,0x1828,0x1828,0x1828,0x1828,0x2089,0x1828,0x1828,0x1828,0x1828,0x1828,
  0x1828,0x1828,0x1828,0x1828,0x1828,0x1828,0x1828,0x1828,0x1828,0x1828,0x1828,0x1828,0x1828,0x1828,0x1828,0x1828,
  0x1828,0x1828,0x1828,0x1828,0x1828,0x1828,0x1828,0x1828,0x1828,0x1828,0x1828,0x1828,0x1828,0x1828,0x1828,0x1828,
  0x1828,0x1828,0x1828,0x1828,0x1828,0x1828,0x1828,0x1828,0x1828,0x1828,0x1828,0x1828,0x1828,0x1828,0x1828,0x1828,
  0x1828,0x1828,0x1828,0x1828,0x1828,0x1828,0x1828,0x1828,0x1828,0x1828,0x1828,0x1828,0x1828,0x1828,0x1828,0x1828,
  0x1828,0x1828,0x1828,0x1828,0x1828,0x1828,0x1828,0x1828,0x1828,0x1828,0x1828,0x1828,0x1828,0x1828,0x1828,0x1828,
  0x1828,0x1828,0x1828,0x1828,0x1828,0x1828,0x1828,0x1828,0x1828,0x1828,0x1828,0x1828,0x1829,0x1829,0x1828,0x1828,
  0x1828,0x1828,0x1828,0x1828,0x1829,0x1827,0x1006,0x1027,0x1828,0x1828,0x1828,0x1828,0x1828,0x1828,0x1828,0x1828,
  0x1828,0x1828,0x1828,0x1828,0x1828,0x1828,0x1828,0x1828,0x1828,0x1828,0x1828,0x1828,0x1828,0x1828,0x1828,0x1828,
  0x1828,0x1828,0x1828,0x1828,0x1828,0x1828,0x1828,0x1828,0x1828,0x1828,0x1828,0x1828,0x1828,0x1828,0x1828,0x1828,
  0x1828,0x1828,0x1828,0x1828,0x1828,0x1828,0x1828,0x1828,0x1828,0x1828,0x1828,0x1828,0x1828,0x1828,0x1828,0x1828,
  0x1828,0x1828,0x1828,0x1828,0x1828,0x1828,0x1828,0x1828,0x1828,0x1828,0x1828,0x1828,0x1828,0x1828,0x1828,0x1828,
  0x1828,0x1828,0x1828,0x1828,0x1828,0x1828,0x1828,0x1828,0x1828,0x1828,0x1828,0x1828,0x1828,0x1828,0x1829,0x1829,
  0x1828,0x1828,0x1828,0x1828,0x1828,0x1828,0x1828,0x1828,0x1828,0x1828,0x1828,0x1828,0x1828,0x1828,0x1828,0x1828,
  0x1828,0x1828,0x1827,0x0824,0x0824,0x1807,0x1829,0x1828,0x1828,0x1828,0x1828,0x1828,0x1005,0x0862,0x0881,0x0860,
  0x0823,0x1828,0x1828,0x1828,0x1828,0x1828,0x1828,0x1828,0x1828,0x1828,0x1828,0x1828,0x1828,0x1828,0x1828,0x1828,
  0x1828,0x1828,0x1828,0x1828,0x1828,0x1828,0x1828,0x1828,0x1828,0x1828,0x1828,0x1828,0x1828,0x1828,0x1828,0x1828,
  0x1828,0x1828,0x1828,0x1828,0x1828,0x1828,0x1828,0x1828,0x1828,0x1828,0x1828,0x1828,0x1828,0x1828,0x1828,0x1828,
  0x1828,0x1828,0x1828,0x1828,0x1828,0x1828,0x1828,0x1828,0x1828,0x1828,0x1828,0x1828,0x1828,0x1828,0x1828,0x1828,
  0x1828,0x1828,0x1828,0x1828,0x1828,0x1828,0x1828,0x1828,0x1828,0x1828,0x1828,0x1828,0x1828,0x1828,0x1828,0x1828,
  0x1828,0x1828,0x1828,0x1828,0x1828,0x1827,0x1005,0x1025,0x1827,0x1828,0x1828,0x1828,0x1828,0x1828,0x1828,0x1828,
  0x1828,0x1828,0x1828,0x1828,0x1828,0x1828,0x1828,0x1829,0x1828,0x1829,0x1827,0x0841,0x08C0,0x08A2,0x1026,0x1828,
  0x1828,0x1828,0x1828,0x1044,0x08C1,0x08E0,0x00A0,0x0061,0x1026,0x1828,0x1828,0x1828,0x1828,0x1828,0x1828,0x1828,
  0x1828,0x1828,0x1828,0x1828,0x1828,0x1828,0x1828,0x1828,0x1828,0x1828,0x1828,0x1828,0x1828,0x1828,0x1828,0x1828,
  0x1828,0x1828,0x1828,0x1828,0x1828,0x1828,0x1828,0x1828,0x1828,0x1828,0x1828,0x1828,0x1828,0x1828,0x1828,0x1828,
  0x1828,0x1828,0x1828,0x1828,0x1828,0x1828,0x1828,0x1828,0x1828,0x1828,0x1828,0x1828,0x1828,0x1828,0x1828,0x1828,
  0x1828,0x1828,0x1828,0x1828,0x1828,0x1828,0x1828,0x1828,0x1828,0x1828,0x1828,0x1828,0x1828,0x1828,0x1828,0x1828,
  0x1828,0x1828,0x1828,0x1828,0x1828,0x1828,0x1828,0x1828,0x1828,0x1828,0x1828,0x1829,0x1025,0x0862,0x08C1,0x00A0,
  0x0822,0x1828,0x1828,0x1828,0x1828,0x1828,0x1828,0x1828,0x1828,0x1828,0x1828,0x1828,0x1828,0x1828,0x1007,0x1006,
  0x1006,0x1006,0x1828,0x1828,0x0862,0x08E0,0x08C1,0x1025,0x1829,0x1828,0x0844,0x08C0,0x00A0,0x0080,0x0021,0x1006,
  0x1829,0x1828,0x1828,0x1828,0x1828,0x1828,0x1828,0x1828,0x1828,0x1828,0x1828,0x1828,0x1828,0x1828,0x1828,0x1828,
  0x1828,0x1828,0x1828,0x1828,0x1828,0x1828,0x1828,0x1828,0x1828,0x1828,0x1828,0x1828,0x1828,0x1828,0x1828,0x1828,
  0x1828,0x1828,0x1828,0x1828,0x1828,0x1828,0x1828,0x1828,0x1828,0x1828,0x1828,0x1828,0x1828,0x1828,0x1828,0x1828,
  0x1828,0x1828,0x1828,0x1828,0x1828,0x1828,0x1828,0x1828,0x1828,0x1828,0x1828,0x1828,0x1828,0x1828,0x1828,0x1828,
  0x1828,0x1828,0x1828,0x1828,0x1828,0x1828,0x1828,0x1828,0x1828,0x1828,0x1828,0x1828,0x1828,0x1828,0x1828,0x1828,
  0x1829,0x1828,0x1828,0x1045,0x08C1,0x08E0,0x0080,0x0842,0x1026,0x1828,0x1828,0x1828,0x1828,0x1828,0x1828,0x1828,
  0x1828,0x1828,0x1828,0x1829,0x1828,0x1044,0x10C2,0x08A1,0x0881,0x08C1,0x0863,0x1807,0x1006,0x0020,0x0901,0x08A1,
  0x1827,0x1025,0x08E1,0x0060,0x0020,0x0000,0x1026,0x2029,0x1828,0x1828,0x1828,0x1828,0x1828,0x1828,0x1828,0x1828,
  0x1828,0x1828,0x1828,0x1828,0x1828,0x1828,0x1828,0x1828,0x1828,0x1828,0x1828,0x1828,0x1828,0x1828,0x1828,0x1828,
  0x1828,0x1828,0x1828,0x1828,0x1828,0x1828,0x1828,0x1828,0x1828,0x1828,0x1828,0x1828,0x1828,0x1828,0x1828,0x1828,
  0x1828,0x1828,0x1828,0x1828,0x1828,0x1828,0x1828,0x1828,0x1828,0x1828,0x1828,0x1828,0x1828,0x1828,0x1828,0x1828,
  0x1828,0x1828,0x1828,0x1828,0x1828,0x1828,0x1828,0x1828,0x1828,0x1828,0x1828,0x1828,0x1828,0x1849,0x2089,0x1828,
  0x1828,0x1828,0x1828,0x1828,0x1828,0x1828,0x1828,0x1828,0x1025,0x2029,0x1025,0x08C1,0x00A0,0x0060,0x0021,0x1827,
  0x1828,0x1828,0x1828,0x1828,0x1828,0x1828,0x1828,0x1828,0x1828,0x1828,0x1828,0x1827,0x0002,0x0080,0x10C1,0x0881,
  0x08C1,0x0921,0x1141,0x10C2,0x1826,0x0803,0x08A0,0x1121,0x0823,0x0823,0x00C0,0x0060,0x0040,0x0823,0x1808,0x1808,
  0x1808,0x1808,0x1828,0x1828,0x1828,0x1828,0x1828,0x1828,0x1828,0x1828,0x1828,0x1828,0x1828,0x1828,0x1828,0x1828,
  0x1828,0x1828,0x1828,0x1828,0x1828,0x1828,0x1828,0x1828,0x1828,0x1828,0x1828,0x1828,0x1828,0x1828,0x1828,0x1828,
  0x1828,0x1828,0x1828,0x1828,0x1828,0x1828,0x1828,0x1828,0x1828,0x1828,0x1828,0x1828,0x1828,0x1828,0x1828,0x1828,
  0x1828,0x1828,0x1828,0x1828,0x1828,0x1828,0x1828,0x1828,0x1828,0x1828,0x1828,0x1828,0x1828,0x1828,0x1828,0x1828,
  0x1828,0x1828,0x1828,0x1828,0x1828,0x1828,0x1828,0x1828,0x1828,0x1828,0x1828,0x1828,0x1828,0x1828,0x1828,0x1828,
  0x10A2,0x1806,0x0881,0x00A0,0x0040,0x0040,0x1826,0x2029,0x2029,0x2029,0x2029,0x2028,0x2028,0x2028,0x2028,0x2028,
  0x2028,0x2028,0x2028,0x2028,0x1827,0x1807,0x0803,0x0020,0x0040,0x0021,0x08C0,0x0921,0x10E2,0x0803,0x0060,0x1121,
  0x0000,0x0080,0x00A0,0x0000,0x0802,0x0823,0x1082,0x0882,0x0882,0x0862,0x1826,0x2028,0x2028,0x2028,0x2028,0x2028,
  0x2028,0x2028,0x2028,0x2028,0x2028,0x2028,0x2028,0x2028,0x2028,0x2028,0x2028,0x2028,0x2028,0x2028,0x2028,0x2028,
  0x2028,0x2028,0x2028,0x2028,0x2028,0x2028,0x2028,0x2028,0x2028,0x2028,0x2028,0x2028,0x2028,0x2028,0x2028,0x2028,
  0x2028,0x2028,0x2028,0x2028,0x2028,0x2028,0x2028,0x2028,0x2028,0x2028,0x2028,0x2028,0x2028,0x2028,0x2028,0x2028,
  0x2028,0x2028,0x2028,0x2028,0x2028,0x2028,0x2028,0x2028,0x2028,0x2028,0x2028,0x2028,0x2028,0x2028,0x2028,0x2028,
  0x2028,0x2028,0x2028,0x2028,0x2028,0x2028,0x2029,0x2029,0x1101,0x0801,0x0080,0x0060,0x0020,0x1044,0x2046,0x1825,
  0x1825,0x1825,0x2028,0x2829,0x2829,0x2829,0x2828,0x2829,0x2829,0x2829,0x2829,0x2829,0x2829,0x2829,0x2029,0x1827,
  0x1807,0x2028,0x1024,0x0040,0x1121,0x1101,0x0020,0x10E1,0x0020,0x00A0,0x0020,0x0000,0x0060,0x00A0,0x08A1,0x08A1,
  0x08E0,0x08E1,0x08A1,0x2026,0x2829,0x2828,0x2828,0x2828,0x2828,0x2028,0x2029,0x2829,0x2829,0x2829,0x2829,0x2829,
  0x2029,0x2829,0x2809,0x2009,0x2009,0x2829,0x2828,0x2028,0x2028,0x2028,0x2829,0x2028,0x2829,0x2829,0x2829,0x2028,
  0x2028,0x2028,0x2028,0x2028,0x2028,0x2028,0x2028,0x2829,0x2028,0x2028,0x2028,0x2028,0x2829,0x2829,0x2028,0x2028,
  0x2028,0x2829,0x2829,0x2829,0x2028,0x2028,0x2029,0x2829,0x2829,0x2829,0x2829,0x2029,0x2829,0x2829,0x2829,0x2829,
  0x2829,0x2029,0x2029,0x2829,0x2829,0x2829,0x2829,0x2829,0x2829,0x2829,0x2829,0x2829,0x2028,0x2828,0x2829,0x2829,
  0x08E1,0x0020,0x08C0,0x0000,0x0000,0x0841,0x08C1,0x08E1,0x0900,0x08E0,0x1063,0x2028,0x2829,0x2829,0x2829,0x2829,
  0x2029,0x2829,0x2829,0x2829,0x2829,0x2029,0x2829,0x282A,0x2008,0x1024,0x1043,0x0000,0x0040,0x1142,0x0881,0x0060,
  0x0040,0x0020,0x0040,0x08E1,0x00C0,0x0080,0x0040,0x0000,0x0040,0x0060,0x0901,0x1062,0x2808,0x2008,0x2008,0x2828,
  0x2828,0x2029,0x2029,0x2829,0x2829,0x2029,0x2029,0x2829,0x2809,0x2848,0x2847,0x2028,0x2048,0x2007,0x2008,0x2028,
  0x2028,0x2028,0x2829,0x2028,0x2829,0x2829,0x2028,0x2028,0x2028,0x2028,0x2028,0x2028,0x2028,0x2028,0x2028,0x2829,
  0x2829,0x2829,0x2029,0x2029,0x2829,0x2829,0x2028,0x2028,0x2028,0x2828,0x2829,0x2829,0x2029,0x2028,0x2028,0x2028,
  0x2029,0x2029,0x2029,0x2008,0x2028,0x2829,0x2829,0x2029,0x2829,0x2029,0x2029,0x2829,0x2029,0x2829,0x2829,0x2829,
  0x2829,0x2829,0x2028,0x2028,0x2028,0x2008,0x2029,0x2829,0x08C1,0x0040,0x0060,0x0040,0x08A0,0x00A0,0x00C0,0x0060,
  0x00A0,0x0080,0x0901,0x1044,0x2829,0x2829,0x2829,0x2829,0x2829,0x2829,0x2829,0x2829,0x2829,0x2809,0x2007,0x1025,
  0x0882,0x0901,0x08E0,0x08E1,0x08A1,0x0060,0x0060,0x0000,0x0000,0x0000,0x0060,0x0060,0x0040,0x0000,0x1023,0x0801,
  0x0020,0x0021,0x00E0,0x08E1,0x1806,0x2829,0x2028,0x2829,0x2828,0x2809,0x2829,0x2829,0x2829,0x2829,0x2829,0x2009,
  0x2047,0x3146,0x4A69,0x4A69,0x4229,0x4A09,0x3968,0x2027,0x2808,0x2028,0x2829,0x2828,0x2829,0x2829,0x2829,0x2829,
  0x2829,0x2008,0x2808,0x2829,0x2829,0x2809,0x2829,0x2829,0x2829,0x2809,0x2829,0x2829,0x2829,0x2829,0x2829,0x2829,
  0x2828,0x2828,0x2828,0x2829,0x2829,0x2829,0x2829,0x2829,0x2829,0x2829,0x2829,0x2829,0x2829,0x2829,0x2829,0x2829,
  0x2829,0x2829,0x2829,0x2829,0x2829,0x2829,0x2829,0x2829,0x2829,0x2829,0x2829,0x2829,0x2808,0x2809,0x2809,0x2809,
  0x0040,0x0000,0x0000,0x00A0,0x00A0,0x0020,0x0041,0x0021,0x0020,0x0020,0x00E0,0x08C1,0x1807,0x2829,0x2029,0x2029,
  0x2029,0x2029,0x2029,0x2029,0x2829,0x2008,0x1062,0x08E0,0x0901,0x00C0,0x08E1,0x0060,0x08C1,0x08A0,0x0060,0x0020,
  0x0000,0x0020,0x0040,0x0000,0x0000,0x0823,0x2006,0x1826,0x1825,0x2027,0x0041,0x08C1,0x1826,0x2009,0x2028,0x2029,
  0x2029,0x2009,0x2029,0x2029,0x2029,0x2029,0x2029,0x2028,0x39E8,0x39E6,0x4A48,0x4A68,0x4228,0x5AAA,0x6B8D,0x4A4A,
  0x2008,0x2029,0x2028,0x2008,0x2029,0x2029,0x2029,0x2009,0x2009,0x2009,0x2009,0x2809,0x2009,0x2009,0x2029,0x2029,
  0x2009,0x2009,0x2009,0x2009,0x2009,0x2009,0x2029,0x2029,0x2029,0x2029,0x2009,0x2009,0x2009,0x2029,0x2029,0x2029,
  0x2029,0x2029,0x2029,0x2029,0x2029,0x2029,0x2029,0x2009,0x2829,0x2029,0x2009,0x2029,0x2029,0x2009,0x2009,0x2029,
  0x2029,0x2009,0x2009,0x2009,0x2009,0x2009,0x2009,0x2009,0x0000,0x0000,0x0060,0x0020,0x0000,0x0001,0x2006,0x2027,
  0x1004,0x1825,0x0060,0x08C1,0x1826,0x2029,0x2029,0x2029,0x2029,0x2029,0x2029,0x2829,0x2028,0x1063,0x0901,0x08A0,
  0x08C1,0x0020,0x0040,0x0020,0x0000,0x0000,0x0040,0x08A1,0x0060,0x0000,0x0020,0x0040,0x0080,0x0080,0x08A0,0x0861,
  0x1824,0x2808,0x2027,0x0861,0x1826,0x2029,0x2028,0x2029,0x2029,0x2029,0x2028,0x2029,0x2029,0x2029,0x2029,0x2048,
  0x31A6,0x2944,0x41C5,0x4206,0x4206,0x4A46,0x5287,0x4A28,0x2008,0x2029,0x2028,0x2029,0x2029,0x2029,0x2029,0x2029,
  0x2029,0x2029,0x2009,0x2009,0x2009,0x2029,0x2029,0x2009,0x2009,0x2009,0x2009,0x2009,0x2009,0x2009,0x2009,0x2009,
  0x2009,0x2009,0x2029,0x2029,0x2029,0x2029,0x2029,0x2029,0x2029,0x2028,0x2029,0x2029,0x2029,0x2029,0x2029,0x2029,
  0x2029,0x2029,0x2029,0x2029,0x2009,0x2009,0x2009,0x2009,0x2009,0x2029,0x2009,0x2009,0x2009,0x2009,0x2009,0x2009,
  0x0881,0x0000,0x0020,0x0040,0x0060,0x0060,0x10A2,0x1083,0x1824,0x3028,0x1825,0x0881,0x2027,0x302A,0x2829,0x2829,
  0x2829,0x2829,0x2829,0x3029,0x1024,0x0901,0x0880,0x0040,0x0881,0x0000,0x0801,0x1023,0x0000,0x0040,0x0020,0x0080,
  0x0020,0x0060,0x08A1,0x0000,0x0060,0x0060,0x08A0,0x0900,0x08C0,0x0061,0x2026,0x2807,0x2808,0x2829,0x2809,0x2829,
  0x2828,0x2828,0x2809,0x2829,0x2829,0x2829,0x2829,0x2828,0x2924,0x2124,0x3186,0x39C6,0x39E7,0x39E7,0x4206,0x3984,
  0x2008,0x2829,0x2829,0x2829,0x2809,0x2809,0x2829,0x2829,0x2809,0x2809,0x2829,0x2829,0x2829,0x2829,0x2829,0x2829,
  0x2809,0x2829,0x2829,0x2829,0x2809,0x2829,0x2829,0x2809,0x2829,0x2829,0x2829,0x2829,0x2829,0x2829,0x2829,0x2809,
  0x28C7,0x20E7,0x2809,0x2829,0x2829,0x2829,0x2829,0x2829,0x2829,0x2829,0x2008,0x2829,0x2829,0x2829,0x2809,0x2829,
  0x2829,0x2829,0x2809,0x2809,0x2809,0x2809,0x2809,0x2809,0x08A1,0x0020,0x08A1,0x0060,0x0020,0x00A0,0x08A0,0x0901,
  0x00A0,0x0841,0x2026,0x2827,0x2829,0x3009,0x3029,0x3029,0x3029,0x3029,0x3029,0x2007,0x0060,0x08E0,0x0020,0x0802,
  0x0000,0x0801,0x2025,0x0861,0x08E0,0x0881,0x0860,0x0020,0x0000,0x0060,0x1122,0x08A1,0x0000,0x0000,0x0040,0x00C0,
  0x00C0,0x00C0,0x0880,0x2026,0x3009,0x3009,0x3009,0x3009,0x2808,0x1023,0x2026,0x300A,0x2829,0x2829,0x2829,0x2828,
  0x1925,0x1904,0x4A47,0x5AC9,0x5AC9,0x5ACA,0x5289,0x39C7,0x2008,0x2809,0x2809,0x2809,0x2809,0x2809,0x2829,0x2809,
  0x2809,0x2809,0x2809,0x2829,0x2809,0x2829,0x2829,0x2829,0x2829,0x3029,0x2829,0x2829,0x2809,0x2829,0x2829,0x2829,
  0x2829,0x2829,0x2829,0x2829,0x2829,0x2829,0x2829,0x3009,0x2887,0x28E6,0x2809,0x3029,0x2829,0x2829,0x2829,0x2829,
  0x2829,0x3029,0x2809,0x2829,0x2809,0x2829,0x2829,0x2829,0x2809,0x2809,0x2809,0x2809,0x2809,0x2809,0x2809,0x2809,
  0x0000,0x0000,0x08E1,0x1102,0x0000,0x0000,0x0020,0x0080,0x00C0,0x00C0,0x0881,0x2827,0x300A,0x2809,0x2829,0x3029,
  0x3029,0x302A,0x3009,0x1024,0x0060,0x0020,0x1825,0x3029,0x2005,0x1824,0x0861,0x0920,0x0901,0x08A1,0x0860,0x0000,
  0x0000,0x0060,0x0900,0x0901,0x0020,0x0000,0x0020,0x0060,0x0080,0x00A0,0x00C0,0x1042,0x3009,0x2026,0x1043,0x1043,
  0x2026,0x1024,0x0880,0x2026,0x300A,0x302A,0x302A,0x2829,0x2105,0x18E4,0x41E7,0x4A48,0x4A48,0x4A48,0x5AA9,0x4208,
  0x2808,0x2809,0x2809,0x2809,0x2809,0x2809,0x2809,0x2809,0x2809,0x2809,0x2809,0x2809,0x2809,0x2809,0x2809,0x2829,
  0x2829,0x2809,0x2809,0x2809,0x2829,0x2809,0x2809,0x2829,0x2829,0x2809,0x2829,0x2829,0x2809,0x2809,0x2829,0x2809,
  0x3127,0x2966,0x2808,0x2809,0x2809,0x2829,0x2829,0x2829,0x2809,0x2809,0x2809,0x2809,0x2809,0x2829,0x2829,0x2829,
  0x2809,0x2809,0x2809,0x2809,0x2809,0x2809,0x2809,0x2809,0x0000,0x0000,0x08C0,0x0901,0x08A1,0x0000,0x0000,0x0040,
  0x0060,0x00C0,0x0900,0x1083,0x3009,0x3009,0x3009,0x3809,0x2808,0x1824,0x3009,0x1042,0x0040,0x1805,0x380A,0x3809,
  0x3809,0x0842,0x08E0,0x00A0,0x0881,0x0860,0x0000,0x0000,0x0000,0x0080,0x08E0,0x08E1,0x0861,0x2024,0x0000,0x0000,
  0x0000,0x0040,0x00A0,0x08C1,0x2807,0x1824,0x0080,0x08C0,0x10C2,0x1824,0x0881,0x1082,0x2808,0x1825,0x1845,0x1824,
  0x1905,0x1904,0x4228,0x5269,0x4A49,0x4A49,0x52A9,0x4208,0x2808,0x3009,0x3009,0x3009,0x3009,0x3009,0x3009,0x3009,
  0x3009,0x3009,0x3009,0x3009,0x3009,0x3009,0x3009,0x3009,0x3009,0x3009,0x3009,0x3009,0x3009,0x3009,0x3009,0x3009,
  0x3009,0x3009,0x3009,0x3009,0x3009,0x3009,0x3009,0x2808,0x4A26,0x5285,0x3066,0x3009,0x3009,0x3009,0x3009,0x3009,
  0x3009,0x3009,0x3009,0x3009,0x3009,0x3009,0x3009,0x3009,0x3009,0x3009,0x3009,0x3009,0x3009,0x3009,0x3009,0x3009,
  0x0000,0x0000,0x08A0,0x08E0,0x08C1,0x1023,0x1002,0x0000,0x0000,0x0060,0x00C0,0x08C1,0x2807,0x380A,0x380A,0x3008,
  0x0881,0x1062,0x3809,0x1003,0x1824,0x380A,0x3809,0x380A,0x3008,0x1082,0x08A1,0x0060,0x0000,0x0000,0x0000,0x0000,
  0x0000,0x0000,0x08A0,0x0901,0x0080,0x2806,0x2826,0x0000,0x0000,0x0020,0x0060,0x08E1,0x2806,0x400A,0x2005,0x0000,
  0x08C0,0x0881,0x0040,0x0861,0x0041,0x08C0,0x00A0,0x00C0,0x10C2,0x18E4,0x4A28,0x5289,0x4A48,0x4A48,0x5AAA,0x4208,
  0x3008,0x380A,0x3809,0x3809,0x3809,0x3809,0x3809,0x3809,0x3809,0x3809,0x3809,0x3809,0x3809,0x3809,0x3809,0x3809,
  0x3809,0x3809,0x3809,0x3809,0x3809,0x3809,0x3809,0x3809,0x3809,0x3809,0x3809,0x3809,0x3809,0x3809,0x380A,0x3027,
  0x7A67,0x82A7,0x40A5,0x3009,0x3809,0x3809,0x3809,0x3809,0x3809,0x3809,0x3809,0x3809,0x3809,0x3809,0x3809,0x3809,
  0x3809,0x3809,0x3809,0x3809,0x3809,0x3809,0x3809,0x3809,0x0000,0x0000,0x0020,0x1121,0x0900,0x1022,0x3828,0x0801,
  0x0000,0x0821,0x0060,0x08A1,0x2806,0x380A,0x3008,0x10A2,0x00C0,0x1824,0x400A,0x3809,0x380A,0x380A,0x3809,0x3809,
  0x1844,0x08C0,0x0060,0x0040,0x0801,0x0000,0x0000,0x0000,0x0000,0x0000,0x0020,0x08C0,0x0900,0x2025,0x3809,0x0801,
  0x0801,0x1804,0x0020,0x08C1,0x2826,0x2006,0x1043,0x0841,0x0000,0x0040,0x0000,0x0020,0x0020,0x0000,0x2005,0x1844,
  0x0861,0x1082,0x4207,0x4A48,0x4A48,0x4A69,0x5ACA,0x4208,0x3008,0x380A,0x3809,0x3009,0x3009,0x3009,0x3009,0x3009,
  0x3009,0x3009,0x3009,0x3009,0x3009,0x3009,0x3009,0x3009,0x3009,0x3009,0x3009,0x3009,0x3009,0x3009,0x3009,0x3009,
  0x3009,0x3009,0x3009,0x3009,0x3009,0x3809,0x300A,0x3866,0x7A86,0x7A86,0x40E5,0x3009,0x380A,0x3809,0x3809,0x3809,
  0x3809,0x3009,0x3009,0x3009,0x3009,0x3009,0x3009,0x3009,0x3009,0x3009,0x3009,0x3009,0x3009,0x3809,0x3809,0x3809,
  0x0000,0x0000,0x0000,0x0080,0x0900,0x0862,0x3808,0x2005,0x0000,0x1823,0x0000,0x0881,0x2006,0x400A,0x1844,0x0900,
  0x0020,0x1824,0x2807,0x2024,0x1844,0x2025,0x400A,0x3808,0x0881,0x08E0,0x0020,0x2024,0x1023,0x0000,0x0000,0x0820,
  0x0000,0x0000,0x1022,0x08C1,0x0941,0x1062,0x3808,0x2025,0x0801,0x3808,0x1042,0x00A0,0x0802,0x0080,0x00A0,0x08A0,
  0x08C1,0x0080,0x0000,0x0020,0x08A1,0x0881,0x1043,0x2025,0x2167,0x2125,0x4A68,0x52AA,0x52AA,0x5AAA,0x5AEB,0x4208,
  0x3008,0x3809,0x3809,0x3809,0x3809,0x3809,0x3809,0x3809,0x3009,0x3809,0x3809,0x3009,0x3009,0x3009,0x3809,0x3809,
  0x3009,0x3809,0x3009,0x3009,0x3809,0x3809,0x3809,0x3809,0x3009,0x3809,0x3009,0x3809,0x3809,0x3809,0x380A,0x4048,
  0x7247,0x69E6,0x40A5,0x3809,0x3809,0x3809,0x3809,0x3809,0x3809,0x3809,0x3809,0x3809,0x3809,0x3809,0x3809,0x3809,
  0x3809,0x3809,0x3809,0x3809,0x3809,0x3809,0x3809,0x3809,0x0820,0x0000,0x0000,0x1062,0x0901,0x08C0,0x3006,0x3046,
  0x00A0,0x0080,0x08A1,0x0060,0x0801,0x2826,0x1082,0x0080,0x1804,0x2024,0x0861,0x08C0,0x0100,0x00E0,0x2024,0x3808,
  0x0861,0x0080,0x1042,0x4029,0x0801,0x0000,0x0801,0x0820,0x2043,0x1002,0x0821,0x08A1,0x0941,0x1061,0x4009,0x3808,
  0x0802,0x4809,0x2806,0x0040,0x0000,0x0020,0x0000,0x0040,0x0060,0x0080,0x0020,0x0060,0x08C1,0x0060,0x00C0,0x08C1,
  0x1925,0x2125,0x4A48,0x52AA,0x52AA,0x52AA,0x5AEA,0x4A28,0x3808,0x480A,0x4009,0x4009,0x4009,0x4009,0x4009,0x4009,
  0x4009,0x4009,0x4009,0x4009,0x4009,0x4009,0x4009,0x4009,0x4009,0x4009,0x4009,0x4009,0x4009,0x4009,0x4009,0x4009,
  0x4009,0x4009,0x4009,0x4009,0x4009,0x4009,0x4008,0x50C7,0x8286,0x7A26,0x40E4,0x3808,0x4009,0x4009,0x4009,0x4009,
  0x4009,0x4009,0x4009,0x4009,0x4009,0x4009,0x4009,0x4009,0x4009,0x4009,0x4009,0x4009,0x4009,0x4009,0x4009,0x4009,
  0x1041,0x0820,0x0000,0x0841,0x08E1,0x08C1,0x3006,0x2025,0x0020,0x0821,0x0040,0x0060,0x0040,0x0000,0x0040,0x0000,
  0x0841,0x08E0,0x0060,0x0020,0x1022,0x1843,0x1824,0x3007,0x0861,0x0020,0x2004,0x500A,0x1002,0x2024,0x2024,0x1040,
  0x2044,0x2825,0x2004,0x1062,0x0900,0x0861,0x4008,0x4809,0x2805,0x480A,0x3006,0x1002,0x1803,0x0841,0x0080,0x0020,
  0x0040,0x08C1,0x0060,0x0080,0x0000,0x0000,0x0020,0x00C0,0x08E1,0x18E3,0x4A48,0x52AA,0x5AAA,0x528A,0x5ACA,0x4208,
  0x4008,0x500A,0x480A,0x480A,0x4809,0x4809,0x480A,0x4809,0x480A,0x480A,0x480A,0x480A,0x480A,0x480A,0x480A,0x480A,
  0x480A,0x480A,0x480A,0x480A,0x480A,0x480A,0x480A,0x480A,0x480A,0x480A,0x480A,0x480A,0x480A,0x4009,0x5926,0x7A66,
  0x8AC6,0x82A6,0x61C4,0x40A4,0x4028,0x480A,0x480A,0x480A,0x480A,0x480A,0x480A,0x480A,0x480A,0x480A,0x480A,0x480A,
  0x480A,0x480A,0x480A,0x480A,0x480A,0x480A,0x480A,0x480A,0x1041,0x1841,0x1823,0x2024,0x08C1,0x08C1,0x3807,0x500A,
  0x3807,0x3026,0x1002,0x0000,0x0040,0x0040,0x0000,0x0020,0x08A0,0x0040,0x0821,0x2024,0x4009,0x500A,0x500A,0x4809,
  0x1022,0x0801,0x4809,0x500A,0x2826,0x3826,0x2023,0x0820,0x2004,0x4028,0x3026,0x2845,0x0080,0x2024,0x4809,0x4809,
  0x480A,0x480A,0x4008,0x4809,0x2845,0x0901,0x0040,0x0020,0x1121,0x0080,0x0040,0x08C1,0x0000,0x08A1,0x0821,0x2824,
  0x0861,0x0841,0x4A69,0x52AA,0x5289,0x5289,0x5ACA,0x4A08,0x4008,0x480A,0x4809,0x480A,0x480A,0x480A,0x480A,0x480A,
  0x480A,0x480A,0x480A,0x480A,0x480A,0x480A,0x480A,0x480A,0x480A,0x480A,0x480A,0x480A,0x480A,0x480A,0x480A,0x480A,
  0x480A,0x480A,0x480A,0x4809,0x480A,0x4008,0x69E6,0x82C6,0x6A25,0x7AA6,0x69E4,0x5164,0x4047,0x480A,0x4809,0x480A,
  0x480A,0x480A,0x480A,0x480A,0x480A,0x480A,0x480A,0x480A,0x480A,0x480A,0x480A,0x480A,0x480A,0x480A,0x480A,0x480A,
  0x1040,0x1841,0x2024,0x3807,0x1062,0x1042,0x500A,0x500A,0x2825,0x0881,0x08C1,0x08C1,0x0060,0x0020,0x0000,0x0020,
  0x0000,0x0000,0x1843,0x2825,0x4009,0x480A,0x4809,0x500A,0x2004,0x2805,0x480A,0x4809,0x4008,0x3026,0x0000,0x0840,
  0x1803,0x4809,0x3808,0x4008,0x0020,0x2805,0x480A,0x4809,0x4809,0x4809,0x500A,0x3006,0x0060,0x0861,0x1002,0x00A0,
  0x08E1,0x0020,0x0020,0x08E1,0x0000,0x00A0,0x1082,0x4027,0x2126,0x18E4,0x5289,0x5ACA,0x5AA9,0x5ACA,0x630B,0x4A28,
  0x3808,0x480A,0x4009,0x4009,0x4009,0x4009,0x4009,0x4009,0x4009,0x4009,0x4009,0x4009,0x4009,0x4009,0x4009,0x4009,
  0x4009,0x4009,0x4009,0x4009,0x4009,0x4809,0x4009,0x4009,0x4009,0x4809,0x4809,0x4809,0x480A,0x3808,0x61A6,0x7245,
  0x4923,0x82E7,0x6A05,0x4103,0x4047,0x480A,0x4809,0x4809,0x4809,0x4809,0x4009,0x4009,0x4809,0x4809,0x4009,0x4009,
  0x4009,0x4009,0x4009,0x4009,0x4009,0x4009,0x4009,0x4009,0x1041,0x1041,0x3025,0x500A,0x2825,0x2004,0x500A,0x2845,
  0x00A0,0x00A0,0x0060,0x0060,0x0060,0x0000,0x0000,0x0040,0x0020,0x0040,0x0080,0x00A0,0x1082,0x4007,0x5009,0x5009,
  0x3806,0x4808,0x5009,0x5009,0x580A,0x4007,0x0820,0x1041,0x3006,0x500A,0x5009,0x5009,0x2805,0x4808,0x5009,0x5009,
  0x5009,0x5009,0x5009,0x1843,0x0040,0x3006,0x3826,0x00C0,0x0080,0x0000,0x0000,0x08E1,0x0881,0x0020,0x08A1,0x2825,
  0x2167,0x1925,0x2924,0x4184,0x3964,0x41A4,0x49E5,0x41E5,0x48A8,0x500A,0x5009,0x4809,0x5009,0x5009,0x4809,0x4809,
  0x4809,0x4809,0x5009,0x5009,0x4809,0x4809,0x4809,0x4809,0x4809,0x4809,0x4809,0x4809,0x5009,0x5009,0x5009,0x4809,
  0x5009,0x5009,0x5009,0x500A,0x4809,0x48E5,0x6A25,0x7245,0x40E3,0x82A6,0x61E5,0x4124,0x38A4,0x4828,0x500A,0x5009,
  0x5009,0x5009,0x480A,0x4809,0x4809,0x4809,0x4809,0x4809,0x4809,0x4809,0x4809,0x4809,0x4809,0x4809,0x4809,0x4809,
  0x1822,0x0840,0x2805,0x580A,0x5008,0x5829,0x4027,0x0080,0x1062,0x0000,0x0040,0x0060,0x0020,0x0860,0x0000,0x0000,
  0x0020,0x0060,0x0060,0x0080,0x00A0,0x1082,0x4828,0x580A,0x5809,0x5809,0x5809,0x5809,0x580A,0x3807,0x1040,0x1841,
  0x4008,0x5009,0x5809,0x5009,0x5009,0x5009,0x5009,0x5009,0x5009,0x5009,0x5809,0x1022,0x2024,0x5029,0x1022,0x00C0,
  0x0040,0x0000,0x0000,0x00A0,0x10C2,0x2023,0x0861,0x3045,0x2987,0x2166,0x18A2,0x3102,0x3123,0x3922,0x3102,0x3123,
  0x4184,0x4867,0x580A,0x5009,0x5009,0x5009,0x5009,0x5009,0x5009,0x500A,0x500A,0x5009,0x5009,0x5009,0x5009,0x5009,
  0x5009,0x5009,0x5009,0x5009,0x5009,0x5009,0x5009,0x5009,0x500A,0x500A,0x500A,0x580A,0x5028,0x6A26,0x6A45,0x6A25,
  0x6A05,0x6A25,0x6A25,0x4964,0x4144,0x4886,0x580A,0x5009,0x5009,0x5009,0x5009,0x500A,0x500A,0x500A,0x500A,0x500A,
  0x500A,0x500A,0x500A,0x5009,0x5009,0x5009,0x5009,0x5009,0x1803,0x1060,0x3826,0x600A,0x580A,0x600A,0x4027,0x2824,
  0x3045,0x08E1,0x08A0,0x0020,0x0040,0x08E1,0x0020,0x0060,0x0000,0x0000,0x0821,0x2044,0x0821,0x00C0,0x1883,0x5809,
  0x580A,0x580A,0x580A,0x580A,0x600A,0x4007,0x1041,0x1841,0x4808,0x600A,0x5809,0x5809,0x5809,0x600A,0x600A,0x5809,
  0x5809,0x580A,0x5809,0x2024,0x5809,0x582A,0x1863,0x0040,0x0000,0x1021,0x2824,0x0080,0x10A1,0x4827,0x0821,0x3045,
  0x2988,0x2186,0x20E3,0x4164,0x4163,0x4163,0x3943,0x3923,0x3963,0x3866,0x580A,0x5809,0x5809,0x5809,0x5809,0x5809,
  0x5809,0x580A,0x580A,0x5809,0x5809,0x5809,0x5809,0x5809,0x5809,0x5809,0x5809,0x580A,0x580A,0x5809,0x5809,0x5809,
  0x580A,0x580A,0x580A,0x580A,0x5829,0x61C5,0x6A04,0x61E4,0x6A04,0x61E4,0x6A05,0x4944,0x4944,0x48A6,0x580A,0x580A,
  0x5809,0x580A,0x580A,0x580A,0x580A,0x580A,0x580A,0x580A,0x580A,0x580A,0x580A,0x580A,0x580A,0x580A,0x580A,0x580A,
  0x1802,0x0840,0x3826,0x680A,0x600A,0x580A,0x600A,0x4828,0x10C1,0x0921,0x0020,0x0000,0x08A1,0x08C0,0x0000,0x0020,
  0x0040,0x0040,0x0000,0x2824,0x5029,0x2824,0x1042,0x5009,0x600A,0x5809,0x5809,0x5809,0x600A,0x4807,0x0840,0x1841,
  0x4808,0x600A,0x4827,0x2003,0x6029,0x5008,0x5008,0x600A,0x5809,0x580A,0x5809,0x4026,0x5809,0x602A,0x5088,0x0801,
  0x0020,0x2824,0x600A,0x1042,0x1062,0x5009,0x3005,0x4027,0x2167,0x1986,0x20E3,0x4164,0x4164,0x4164,0x4144,0x4163,
  0x4183,0x4066,0x600A,0x5809,0x5809,0x5809,0x5809,0x5809,0x5809,0x5809,0x5809,0x5809,0x5809,0x5809,0x5809,0x5809,
  0x5809,0x5809,0x5809,0x5809,0x5809,0x580A,0x580A,0x5809,0x5809,0x5809,0x5809,0x600A,0x5009,0x6186,0x7AC6,0x7246,
  0x6A25,0x7246,0x7287,0x4104,0x4124,0x4847,0x580A,0x5809,0x580A,0x5809,0x5809,0x5809,0x580A,0x580A,0x580A,0x580A,
  0x580A,0x580A,0x5809,0x5809,0x5809,0x5809,0x5809,0x5809,0x1802,0x0840,0x3826,0x700B,0x680A,0x680A,0x700A,0x3025,
  0x00C0,0x0040,0x2824,0x0821,0x08C1,0x0080,0x0000,0x0000,0x0000,0x0840,0x0020,0x0000,0x5027,0x780B,0x6009,0x680A,
  0x680A,0x6009,0x680A,0x680A,0x680A,0x4827,0x0820,0x1861,0x6029,0x5028,0x2023,0x0000,0x1001,0x2023,0x5828,0x680A,
  0x680A,0x600A,0x600A,0x600A,0x600A,0x4868,0x4087,0x1802,0x0820,0x3825,0x6029,0x2023,0x3004,0x6029,0x680A,0x5829,
  0x2167,0x1987,0x2904,0x4984,0x4164,0x4184,0x4984,0x51A4,0x41A3,0x4086,0x680A,0x680A,0x680A,0x600A,0x600A,0x600A,
  0x680A,0x600A,0x600A,0x680A,0x680A,0x680A,0x600A,0x600A,0x600A,0x600A,0x6009,0x600A,0x600A,0x680A,0x680A,0x680A,
  0x600A,0x6009,0x6009,0x682A,0x6009,0x61A6,0x7A86,0x7226,0x6A05,0x6A25,0x7AA7,0x4924,0x4124,0x4847,0x680A,0x600A,
  0x600A,0x600A,0x600A,0x600A,0x600A,0x680A,0x680A,0x600A,0x680A,0x600A,0x6009,0x600A,0x600A,0x600A,0x680A,0x680A,
  0x3024,0x1060,0x1822,0x682A,0x702A,0x5869,0x684A,0x3865,0x0060,0x2003,0x682A,0x1061,0x00C0,0x0020,0x1061,0x0000,
  0x1022,0x2043,0x0000,0x0000,0x1822,0x6829,0x700A,0x6028,0x5828,0x782A,0x4826,0x5027,0x702A,0x2002,0x1060,0x2843,
  0x702A,0x4046,0x0801,0x0000,0x0000,0x2023,0x5848,0x6809,0x700A,0x700A,0x680A,0x6029,0x4867,0x3945,0x41A6,0x1061,
  0x1021,0x6849,0x5047,0x1822,0x3044,0x1822,0x4046,0x6049,0x2167,0x19A7,0x2924,0x51A4,0x49A4,0x51A4,0x51C4,0x51E4,
  0x49E4,0x4886,0x700B,0x682A,0x680A,0x680A,0x680A,0x680A,0x680A,0x680A,0x680A,0x680A,0x680A,0x680A,0x680A,0x680A,
  0x700A,0x680A,0x680A,0x680A,0x680A,0x680A,0x680A,0x700A,0x780A,0x780A,0x700A,0x702A,0x6809,0x69A6,0x7286,0x6A26,
  0x6A26,0x6A05,0x7286,0x4944,0x4124,0x4847,0x700A,0x680A,0x680A,0x700A,0x680A,0x680A,0x680A,0x700A,0x700A,0x700A,
  0x702A,0x680A,0x680A,0x680A,0x680A,0x700A,0x682A,0x682A,0x3024,0x1881,0x1021,0x5048,0x50A9,0x2127,0x2907,0x1883,
  0x0840,0x6829,0x680A,0x1081,0x00C0,0x1001,0x3064,0x0000,0x0801,0x4847,0x1802,0x0000,0x0800,0x6029,0x780B,0x5027,
  0x1021,0x3045,0x0000,0x1822,0x6849,0x2022,0x18A1,0x4025,0x6829,0x2023,0x0801,0x0000,0x0000,0x1822,0x4866,0x6809,
  0x780A,0x700A,0x780A,0x5848,0x28C4,0x2905,0x20E4,0x0000,0x2043,0x3825,0x3024,0x0801,0x0000,0x0000,0x2043,0x3846,
  0x2187,0x21C7,0x3164,0x5A05,0x51E5,0x59E5,0x59E4,0x5205,0x4A24,0x5086,0x700B,0x700A,0x700A,0x700A,0x700A,0x700A,
  0x700A,0x700A,0x700A,0x700A,0x700A,0x700A,0x700A,0x700A,0x700A,0x700A,0x700A,0x700A,0x700A,0x700A,0x700A,0x6009,
  0x4828,0x4828,0x5828,0x780A,0x680A,0x6186,0x7285,0x6A26,0x6A06,0x6A05,0x7AA7,0x4944,0x4124,0x4847,0x700A,0x700A,
  0x700A,0x700A,0x700A,0x700A,0x702A,0x686A,0x590A,0x5869,0x700A,0x700A,0x700A,0x700A,0x700A,0x700A,0x700A,0x700A,
  0x4025,0x1881,0x1842,0x28A5,0x2167,0x2188,0x2926,0x0862,0x2803,0x800B,0x6809,0x1081,0x0080,0x4025,0x4026,0x0000,
  0x0020,0x4826,0x782B,0x2022,0x0000,0x7029,0x780B,0x6029,0x0821,0x0000,0x0000,0x1021,0x5848,0x2022,0x1080,0x3825,
  0x5869,0x30C6,0x1001,0x0000,0x0000,0x0000,0x3845,0x780B,0x780A,0x700A,0x780B,0x6048,0x28C4,0x3146,0x2925,0x0840,
  0x4846,0x5848,0x1822,0x0000,0x0000,0x0000,0x2042,0x2865,0x21A8,0x19A7,0x2944,0x5A25,0x5A25,0x5A46,0x5A45,0x5245,
  0x4A65,0x50A6,0x780B,0x700A,0x700A,0x700A,0x700A,0x700A,0x700A,0x700A,0x780A,0x780A,0x780A,0x780A,0x780A,0x780A,
  0x780A,0x700A,0x780A,0x700A,0x700A,0x780A,0x702B,0x20A6,0x10C4,0x0065,0x2087,0x780A,0x680A,0x61A6,0x7266,0x6A06,
  0x6A05,0x6A26,0x7AA7,0x4124,0x3924,0x5047,0x780B,0x700A,0x780A,0x780A,0x780A,0x780A,0x48E9,0x21E8,0x22E9,0x1147,
  0x5029,0x780A,0x700A,0x700A,0x700A,0x700A,0x700A,0x700A,0x5028,0x1861,0x1020,0x1884,0x21A7,0x2167,0x2926,0x1905,
  0x4868,0x780B,0x680A,0x1061,0x0020,0x6008,0x5827,0x1842,0x0840,0x4026,0x800B,0x6829,0x2023,0x6809,0x780B,0x2023,
  0x2043,0x0000,0x0000,0x2043,0x4046,0x2022,0x1060,0x4025,0x48A8,0x19A6,0x10A2,0x0021,0x0000,0x10C3,0x2106,0x682A,
  0x780A,0x700A,0x780B,0x6049,0x28C4,0x2905,0x1062,0x1061,0x5046,0x2803,0x1021,0x0000,0x0000,0x0000,0x1021,0x1842,
  0x21A7,0x1987,0x2944,0x5A46,0x5266,0x5A66,0x5266,0x5265,0x5285,0x50A6,0x700B,0x700A,0x700A,0x700A,0x700A,0x700A,
  0x700A,0x700A,0x5889,0x4949,0x48A9,0x4868,0x4048,0x4048,0x680A,0x780A,0x700A,0x700A,0x700A,0x700A,0x40EA,0x08C6,
  0x1084,0x10C6,0x20A8,0x700A,0x7009,0x69A6,0x7265,0x7226,0x7226,0x6A26,0x7286,0x4103,0x4103,0x6067,0x800B,0x780A,
  0x700A,0x700A,0x700A,0x780A,0x40A8,0x1106,0x2268,0x1167,0x3828,0x780A,0x700A,0x700A,0x700A,0x700A,0x700A,0x700A,
  0x5848,0x0820,0x1861,0x0861,0x29A8,0x2167,0x2966,0x2986,0x50A9,0x780A,0x804A,0x2843,0x2063,0x68A9,0x786A,0x4866,
  0x0020,0x5046,0x802B,0x782A,0x7049,0x782A,0x6848,0x2844,0x3064,0x0821,0x0000,0x1021,0x6068,0x1802,0x0860,0x4025,
  0x48A8,0x19A7,0x1905,0x0883,0x0862,0x1105,0x2147,0x6849,0x802A,0x782A,0x802A,0x6088,0x28E5,0x20C4,0x0820,0x1041,
  0x6088,0x6868,0x3064,0x0000,0x1021,0x0000,0x2042,0x3865,0x1987,0x1986,0x2944,0x5A86,0x5A66,0x5A86,0x5A86,0x5AA5,
  0x52A5,0x50A6,0x782A,0x782A,0x7829,0x782A,0x782A,0x782A,0x782A,0x782A,0x3087,0x1268,0x1146,0x1106,0x0905,0x08E5,
  0x5048,0x802A,0x782A,0x782A,0x782A,0x7029,0x28E9,0x08E7,0x18A4,0x08A5,0x28A8,0x782A,0x780A,0x69A5,0x72A5,0x6A66,
  0x6A66,0x6A86,0x7286,0x30C3,0x4924,0x6145,0x60C8,0x5829,0x782A,0x782A,0x782A,0x782A,0x40E8,0x1946,0x2A89,0x0967,
  0x3828,0x802A,0x782A,0x782A,0x782A,0x782A,0x782A,0x782A,0x808A,0x2043,0x2081,0x0841,0x2187,0x2167,0x2106,0x2105,
  0x50C8,0x7829,0x804A,0x6067,0x48C7,0x2126,0x38A6,0x4866,0x0840,0x3863,0x8069,0x8849,0x8849,0x8849,0x68A9,0x20E6,
  0x0841,0x10C4,0x2022,0x5086,0x6048,0x2843,0x0040,0x4024,0x48C8,0x19A7,0x29C8,0x10A4,0x1904,0x21C7,0x2147,0x6869,
  0x8049,0x7849,0x7849,0x60A8,0x28E5,0x20C4,0x1041,0x0841,0x6888,0x886A,0x2043,0x1842,0x3064,0x2042,0x4065,0x6088,
  0x21A8,0x1987,0x2944,0x5A86,0x5246,0x5246,0x5266,0x62C6,0x52A5,0x48C6,0x784A,0x7849,0x7849,0x7849,0x7849,0x7849,
  0x7849,0x806A,0x3087,0x11E7,0x1106,0x1927,0x10E6,0x08A5,0x5868,0x8849,0x8049,0x8049,0x8049,0x7849,0x28E9,0x1106,
  0x20C4,0x0065,0x20A8,0x804A,0x7809,0x69A5,0x7265,0x6A05,0x6A26,0x6A25,0x7266,0x1884,0x0885,0x2146,0x08C6,0x3067,
  0x804A,0x8049,0x806A,0x886A,0x48E8,0x1926,0x2288,0x0967,0x3848,0x806A,0x7849,0x784A,0x7849,0x7849,0x7849,0x786A,
  0x4045,0x1021,0x2081,0x1061,0x2166,0x2188,0x2106,0x2105,0x58E8,0x8069,0x7869,0x88AA,0x40C7,0x0906,0x18A4,0x4064,
  0x0820,0x1862,0x58C8,0x60C9,0x58C8,0x68A8,0x50A7,0x1926,0x1906,0x10E5,0x2042,0x888A,0x7068,0x1841,0x0820,0x5866,
  0x48C7,0x1186,0x2167,0x0862,0x10C4,0x1946,0x2126,0x7089,0x8869,0x8069,0x8869,0x60A7,0x28E5,0x1883,0x1020,0x18C3,
  0x68C9,0x8069,0x70A9,0x2863,0x5886,0x7888,0x8089,0x6888,0x2187,0x21C7,0x10A4,0x3166,0x39C7,0x39C7,0x39E7,0x4228,
  0x4207,0x3987,0x68A8,0x8869,0x7869,0x8069,0x8869,0x8869,0x8069,0x886A,0x3887,0x11C7,0x08C6,0x10C6,0x08C5,0x08A5,
  0x5868,0x6068,0x5088,0x5068,0x7869,0x886A,0x2909,0x08C6,0x0844,0x0864,0x28A7,0x80AA,0x7869,0x69C6,0x62A7,0x4A67,
  0x5267,0x5267,0x6A67,0x28E4,0x18C5,0x3165,0x1926,0x3068,0x80CA,0x40E8,0x3868,0x4887,0x3127,0x2146,0x2268,0x0947,
  0x4067,0x8889,0x8069,0x8069,0x8069,0x8069,0x8069,0x8089,0x0000,0x0000,0x20A1,0x1061,0x1946,0x1926,0x2926,0x2105,
  0x58C8,0x888A,0x808A,0x6088,0x1063,0x2187,0x2105,0x3884,0x1040,0x1882,0x08C4,0x0041,0x0041,0x5128,0x1842,0x1105,
  0x2147,0x1926,0x2083,0x908A,0x5866,0x0840,0x2862,0x8869,0x48C6,0x11A6,0x1947,0x0842,0x1926,0x1946,0x2126,0x78A9,
  0x8089,0x70A8,0x78A8,0x60A7,0x28C4,0x1882,0x1041,0x18C5,0x3947,0x4968,0x70C9,0x2022,0x7888,0x886A,0x8869,0x7088,
  0x1987,0x21E8,0x1925,0x3146,0x41E8,0x4A08,0x4208,0x4208,0x41E8,0x4208,0x50E8,0x5067,0x2044,0x4887,0x68C9,0x78A9,
  0x8869,0x9069,0x38C7,0x11E7,0x08A5,0x10E5,0x1946,0x1126,0x58A8,0x2086,0x00A4,0x1885,0x60A9,0x40C7,0x2128,0x1127,
  0x18A4,0x0885,0x2107,0x28A7,0x20E9,0x59E6,0x4A87,0x2A27,0x3227,0x2A08,0x5A27,0x3105,0x18E5,0x20E4,0x0884,0x3048,
  0x790B,0x1107,0x0046,0x1885,0x2946,0x2126,0x2268,0x1167,0x4067,0x8889,0x8869,0x8889,0x8889,0x8889,0x8089,0x8089,
  0x0000,0x0000,0x2081,0x1062,0x08A3,0x0000,0x0841,0x10E4,0x58E9,0x7088,0x80CA,0x3864,0x0000,0x0841,0x0862,0x1062,
  0x1040,0x1861,0x0000,0x0000,0x0000,0x38C5,0x1001,0x0061,0x2986,0x2166,0x2884,0x90CA,0x40A6,0x0820,0x2082,0x794A,
  0x40E6,0x1986,0x1905,0x0863,0x2167,0x1966,0x2126,0x68A8,0x40E7,0x1926,0x2947,0x50C7,0x28C4,0x1882,0x1040,0x2105,
  0x2967,0x3167,0x48C6,0x3043,0x80A9,0x7888,0x8089,0x6888,0x2187,0x21E8,0x1945,0x2945,0x4A28,0x4A49,0x4A49,0x4A49,
  0x4A28,0x4A69,0x5908,0x3866,0x18E4,0x10C6,0x1146,0x48E8,0x8869,0x8069,0x38C7,0x11E7,0x08C5,0x10A5,0x10C6,0x08C6,
  0x58A8,0x2886,0x08A4,0x28C6,0x48C8,0x20A5,0x2108,0x1128,0x0844,0x0865,0x10C7,0x0066,0x112A,0x5A27,0x4986,0x20C6,
  0x28E6,0x18A5,0x51E7,0x3106,0x1085,0x18A4,0x0865,0x2868,0x3067,0x10A5,0x20C5,0x20C5,0x2926,0x1906,0x2268,0x0967,
  0x3867,0x8889,0x7088,0x5888,0x5088,0x6888,0x8089,0x8089,0x0000,0x0000,0x1881,0x0820,0x0000,0x0000,0x0000,0x0000,
  0x4907,0x2042,0x2063,0x1842,0x0000,0x0000,0x0000,0x0000,0x0820,0x2081,0x0000,0x0000,0x0000,0x0000,0x0000,0x0000,
  0x0021,0x18E4,0x2063,0x60E8,0x20E5,0x1040,0x18A2,0x3249,0x3126,0x0021,0x0020,0x0862,0x2167,0x2187,0x10E4,0x0821,
  0x1883,0x10A4,0x2967,0x50E8,0x20A3,0x0841,0x1041,0x2126,0x2967,0x2967,0x1863,0x20A5,0x4149,0x3128,0x4148,0x60C8,
  0x2187,0x2208,0x1925,0x2945,0x4A29,0x5249,0x5269,0x5249,0x4A49,0x4A69,0x5928,0x3866,0x10C5,0x2126,0x1166,0x38E7,
  0x4085,0x38E6,0x20E6,0x11A7,0x10E5,0x2126,0x2106,0x08A6,0x58A8,0x2866,0x1065,0x18A5,0x28A6,0x30A6,0x2128,0x1107,
  0x10A5,0x10A5,0x18E7,0x0866,0x10E8,0x49A6,0x4166,0x20C6,0x28E6,0x20C6,0x18A5,0x1085,0x18C5,0x2945,0x10C5,0x2887,
  0x2887,0x0065,0x20E5,0x28C5,0x2926,0x1946,0x2AA9,0x1188,0x3867,0x90A9,0x5087,0x0864,0x10E5,0x38A6,0x8889,0x8089,
  0x0000,0x0000,0x2081,0x1861,0x0000,0x0000,0x0000,0x0000,0x0800,0x0000,0x0000,0x0000,0x0000,0x0000,0x0000,0x0000,
  0x0000,0x28A2,0x0000,0x0000,0x0000,0x0000,0x0000,0x0000,0x0000,0x0000,0x0000,0x0000,0x0021,0x1041,0x1041,0x18E5,
  0x20C4,0x0000,0x0000,0x0841,0x1926,0x1947,0x0882,0x0000,0x0842,0x10A3,0x2947,0x58E8,0x20A3,0x0800,0x1062,0x2947,
  0x2967,0x2147,0x0842,0x3129,0x316A,0x296A,0x3188,0x60E7,0x2167,0x21E8,0x1945,0x3186,0x5249,0x526A,0x528A,0x5A8A,
  0x5A89,0x52A9,0x5928,0x3887,0x10E5,0x18E5,0x1925,0x2905,0x20E5,0x3166,0x18E5,0x1186,0x18E6,0x3186,0x2926,0x10A5,
  0x48C8,0x30C6,0x18C5,0x18C6,0x20C5,0x30C5,0x2128,0x08E7,0x0864,0x10C6,0x10C6,0x2904,0x3944,0x28E4,0x20C5,0x2946,
  0x3166,0x2106,0x0865,0x1084,0x2105,0x1885,0x1084,0x2867,0x2846,0x0865,0x18C5,0x20C5,0x2926,0x1906,0x2268,0x1167,
  0x4067,0x88C9,0x50A7,0x1064,0x20E5,0x30A6,0x78A9,0x88A9,0x0000,0x0000,0x1861,0x20A1,0x0000,0x0000,0x0000,0x0000,
  0x0000,0x0000,0x0000,0x0000,0x0000,0x0000,0x0000,0x0000,0x0000,0x1881,0x0000,0x0000,0x0000,0x0000,0x0000,0x0000,
  0x0000,0x0000,0x0000,0x0000,0x0000,0x1061,0x1040,0x0000,0x0000,0x0000,0x0000,0x0000,0x0020,0x0021,0x0000,0x0000,
  0x0000,0x0000,0x20E5,0x5129,0x1062,0x1040,0x1083,0x2147,0x31A8,0x18E5,0x0863,0x2949,0x2949,0x316A,0x3988,0x60E7,
  0x2167,0x21C8,0x1925,0x31A6,0x526A,0x5249,0x5A8A,0x4A4A,0x41E9,0x39C8,0x38E7,0x2086,0x10E5,0x2105,0x28C3,0x3124,
  0x2105,0x3126,0x18C5,0x1905,0x20E6,0x20E6,0x2905,0x2905,0x20C5,0x31C7,0x21C7,0x10A5,0x20C5,0x28C5,0x2108,0x1948,
  0x39C6,0x2946,0x08C6,0x4184,0x3964,0x28C3,0x2145,0x3AE8,0x42C7,0x29A6,0x0044,0x1084,0x10A4,0x18C5,0x10C5,0x18A8,
  0x1067,0x0865,0x2946,0x28A4,0x2986,0x2A07,0x2AA8,0x1147,0x2086,0x28C6,0x2967,0x18C5,0x20E5,0x1885,0x30C5,0x50C7,
  0x0000,0x0000,0x1040,0x20A2,0x0000,0x0000,0x0000,0x0000,0x0000,0x0000,0x0000,0x0000,0x0000,0x0000,0x0000,0x0000,
  0x0000,0x28A2,0x0000,0x0000,0x0000,0x0000,0x0000,0x0000,0x0000,0x0000,0x0000,0x0000,0x0000,0x1861,0x1061,0x0000,
  0x0000,0x0000,0x0000,0x0000,0x0000,0x0000,0x0000,0x0000,0x0000,0x0000,0x0000,0x0842,0x0820,0x28A1,0x10A3,0x2147,
  0x2987,0x1083,0x20E5,0x2949,0x2948,0x31AA,0x39E9,0x5928,0x2167,0x21E8,0x1966,0x41E8,0x524A,0x5249,0x5A8B,0x2126,
  0x2165,0x18C6,0x10C6,0x10C5,0x18C5,0x2105,0x2082,0x3104,0x2905,0x3126,0x18A5,0x20E5,0x20E5,0x2926,0x2905,0x28E5,
  0x20C5,0x29C6,0x29E7,0x20A5,0x20A5,0x30C5,0x20C7,0x2128,0x20C4,0x20C5,0x08E5,0x41C5,0x3964,0x28E3,0x3944,0x30E3,
  0x30E3,0x4164,0x10A4,0x10A5,0x2145,0x18A4,0x2125,0x10C6,0x0046,0x0045,0x0865,0x20A5,0x2146,0x1986,0x22A8,0x19A8,
  0x10A6,0x2126,0x21E7,0x18A4,0x18E5,0x18A5,0x2905,0x2925,0x0000,0x0000,0x1041,0x20A2,0x0000,0x0000,0x0000,0x0000,
  0x0000,0x0000,0x0000,0x0000,0x0000,0x0000,0x0000,0x0000,0x0800,0x28C2,0x0000,0x0000,0x0000,0x0000,0x0000,0x0000,
  0x0000,0x0000,0x0000,0x0000,0x0000,0x2081,0x1061,0x0000,0x0000,0x0000,0x0000,0x0000,0x0000,0x0000,0x0000,0x0000,
  0x0000,0x0000,0x0000,0x0000,0x0840,0x28C2,0x0000,0x18A4,0x0862,0x0000,0x2105,0x0883,0x0862,0x10A4,0x18E4,0x1062,
  0x10E4,0x1925,0x08A3,0x18C2,0x1082,0x20E4,0x31A6,0x18E4,0x3185,0x10A5,0x0864,0x0843,0x0043,0x0822,0x1842,0x1882,
  0x18A4,0x18A4,0x20C5,0x2105,0x20E5,0x20E5,0x20C4,0x2124,0x2145,0x2206,0x2165,0x1884,0x1884,0x2884,0x1044,0x0022,
  0x0801,0x0001,0x0000,0x0020,0x0840,0x18A2,0x4103,0x40E3,0x38A2,0x4123,0x18C4,0x0843,0x18C3,0x10A3,0x0842,0x1063,
  0x0824,0x0044,0x0844,0x1083,0x10A4,0x1105,0x21E6,0x1126,0x1065,0x18E5,0x1926,0x1064,0x18C4,0x1084,0x1884,0x20C4,
  0x0000,0x0000,0x1061,0x1861,0x0000,0x0000,0x0000,0x0000,0x0000,0x0000,0x0000,0x0000,0x0000,0x0000,0x0000,0x0000,
  0x0820,0x2081,0x0000,0x0000,0x0000,0x0000,0x0000,0x0000,0x0000,0x0000,0x0000,0x0000,0x0820,0x28C2,0x1041,0x0000,
  0x0000,0x0000,0x0000,0x0000,0x0000,0x0000,0x0000,0x0000,0x0000,0x0000,0x0000,0x0000,0x1040,0x1061,0x0000,0x0000,
  0x0000,0x0000,0x0000,0x0000,0x0000,0x0000,0x0000,0x0000,0x0000,0x0000,0x0000,0x0020,0x10A4,0x1064,0x18C3,0x0020,
  0x0021,0x10A2,0x0882,0x0861,0x1082,0x18C3,0x1904,0x18E4,0x0861,0x0041,0x18C3,0x0861,0x1082,0x0000,0x0000,0x0040,
  0x0861,0x2144,0x0861,0x2902,0x2103,0x2964,0x2984,0x1081,0x3185,0x10C3,0x18A2,0x18A2,0x1061,0x1061,0x18E3,0x18E3,
  0x0881,0x1903,0x10C2,0x0020,0x10C2,0x2964,0x0841,0x0000,0x3164,0x18C2,0x0861,0x1081,0x10A2,0x2165,0x0821,0x0000,
  0x0841,0x10A2,0x2103,0x39C5,0x18A2,0x2123,0x1081,0x10A2,0x0000,0x0000,0x1061,0x1861,0x0000,0x0000,0x0000,0x0000,
  0x0000,0x0000,0x0000,0x0000,0x0000,0x0000,0x0000,0x0000,0x0800,0x28C2,0x0000,0x0000,0x0000,0x0000,0x0000,0x0000,
  0x0000,0x0000,0x0000,0x0000,0x0000,0x1881,0x0820,0x0000,0x0000,0x0000,0x0000,0x0000,0x0000,0x0000,0x0000,0x0000,
  0x0000,0x0000,0x0000,0x0000,0x1061,0x1081,0x0060,0x0080,0x0061,0x0861,0x1082,0x20A3,0x28E3,0x28E3,0x20C3,0x20C4,
  0x20C4,0x10A4,0x1084,0x0864,0x0824,0x0844,0x0864,0x0843,0x0043,0x0864,0x0864,0x0044,0x0844,0x0884,0x10C5,0x10C5,
  0x0864,0x0864,0x1084,0x1084,0x0864,0x0864,0x10A4,0x20E5,0x0844,0x10C4,0x10A4,0x10A4,0x10A4,0x20E5,0x18C5,0x1064,
  0x10A4,0x0043,0x1084,0x10A4,0x1084,0x18C4,0x1905,0x10C4,0x1083,0x18E4,0x0884,0x0864,0x10A4,0x10A4,0x0884,0x0844,
  0x1105,0x10E5,0x0884,0x10A4,0x10A4,0x10E5,0x10A4,0x0884,0x0884,0x0884,0x10A4,0x2125,0x10A4,0x10E5,0x08A4,0x10A4,
  0x0000,0x0000,0x1061,0x28A2,0x0000,0x0000,0x0000,0x0000,0x0000,0x0000,0x0000,0x0000,0x0000,0x0000,0x0000,0x0000,
  0x0000,0x1861,0x1040,0x0000,0x0000,0x0000,0x0000,0x0000,0x0000,0x0000,0x0000,0x0000,0x0000,0x20A2,0x1041,0x0000,
  0x0000,0x0000,0x0000,0x0000,0x0000,0x0000,0x0020,0x0060,0x0040,0x0020,0x0060,0x0040,0x1041,0x0860,0x08A1,0x18A3,
  0x18A3,0x28C3,0x28C3,0x28C3,0x28C3,0x20E5,0x2105,0x20C5,0x10C6,0x10E6,0x08C6,0x1085,0x10A5,0x20E6,0x2927,0x1085,
  0x10A5,0x0885,0x10A5,0x0885,0x0864,0x1084,0x1064,0x1084,0x10A4,0x18A5,0x1085,0x18A4,0x18A4,0x18C5,0x18A5,0x1084,
  0x18A5,0x1925,0x1125,0x10A5,0x18C6,0x20A5,0x1086,0x0865,0x0864,0x0864,0x0044,0x18C4,0x18C4,0x18C5,0x2106,0x2925,
  0x20C4,0x20E5,0x0885,0x1085,0x10C5,0x08A4,0x10C5,0x0885,0x0864,0x0864,0x0865,0x0865,0x08A5,0x10E5,0x19A7,0x1106,
  0x1085,0x10A5,0x1106,0x10A5,0x10C5,0x0885,0x1084,0x1064,0x0000,0x0000,0x1040,0x28C2,0x0000,0x0000,0x0000,0x0000,
  0x0000,0x0000,0x0000,0x0000,0x0000,0x0000,0x0000,0x0000,0x0000,0x1041,0x1881,0x0000,0x0000,0x0000,0x0000,0x0000,
  0x0000,0x0000,0x0000,0x0000,0x0000,0x28A2,0x1040,0x0040,0x0060,0x0040,0x0060,0x0060,0x0080,0x0060,0x0080,0x0080,
  0x0080,0x0881,0x0081,0x0040,0x1861,0x0060,0x0881,0x1883,0x28A3,0x3103,0x28C3,0x1083,0x18E6,0x1927,0x2127,0x20A5,
  0x10C6,0x1126,0x10E6,0x2127,0x3188,0x3167,0x3188,0x2947,0x2126,0x18C5,0x1085,0x0865,0x10A5,0x10A4,0x1084,0x18A4,
  0x10A4,0x18A4,0x1084,0x08A5,0x1084,0x10A5,0x18A5,0x18C5,0x1084,0x18E5,0x10C5,0x1085,0x1085,0x18A5,0x18C6,0x10E6,
  0x18A4,0x10A4,0x0865,0x2104,0x20E4,0x1884,0x10E5,0x1924,0x1924,0x1905,0x0844,0x0864,0x0884,0x0864,0x0864,0x0865,
  0x0844,0x0865,0x1085,0x0864,0x08E6,0x1146,0x19A7,0x1126,0x0865,0x10A5,0x1106,0x1084,0x10C5,0x10A5,0x18A5,0x18A5,
  0x0000,0x0000,0x0820,0x28A2,0x0000,0x0000,0x0000,0x0000,0x0000,0x0000,0x0000,0x0000,0x0000,0x0000,0x0000,0x0000,
  0x0000,0x1041,0x1061,0x0000,0x0020,0x0020,0x0040,0x0060,0x0040,0x0040,0x0060,0x0040,0x0000,0x28A2,0x1081,0x0080,
  0x0080,0x0080,0x0080,0x0080,0x0080,0x0060,0x0080,0x0060,0x0861,0x0861,0x0021,0x0000,0x0840,0x0060,0x0060,0x0881,
  0x1082,0x20A3,0x28E3,0x20A3,0x18C4,0x18E5,0x1927,0x20A5,0x10E6,0x1106,0x10C6,0x2126,0x2967,0x2947,0x2947,0x2947,
  0x2947,0x2927,0x1065,0x0844,0x10A5,0x10A5,0x08A5,0x0865,0x1064,0x18A5,0x0884,0x08E5,0x1084,0x18E5,0x10A5,0x0865,
  0x0865,0x0885,0x0864,0x1085,0x1085,0x1885,0x10C6,0x08A5,0x0864,0x0884,0x0885,0x1085,0x18A5,0x18C5,0x1085,0x1084,
  0x10A4,0x0885,0x0845,0x0865,0x1084,0x1085,0x1085,0x0864,0x0864,0x0865,0x1085,0x0845,0x08A6,0x10E6,0x1166,0x1106,
  0x0865,0x0845,0x0885,0x1084,0x1085,0x0865,0x0824,0x0024,0x0000,0x0000,0x0000,0x28A2,0x0840,0x0000,0x0000,0x0000,
  0x0000,0x0020,0x0000,0x0000,0x0000,0x0020,0x0000,0x0000,0x0000,0x0820,0x1041,0x0040,0x0080,0x0080,0x0080,0x0080,
  0x0080,0x0080,0x0080,0x0060,0x0000,0x20A2,0x1061,0x0081,0x0881,0x0080,0x0060,0x0080,0x0060,0x0020,0x0841,0x0861,
  0x0020,0x0000,0x0000,0x0000,0x0000,0x0020,0x0040,0x0060,0x0061,0x1082,0x28C3,0x30E3,0x28C3,0x20C3,0x20C4,0x18C5,
  0x1107,0x1107,0x08C5,0x2106,0x2947,0x2927,0x2927,0x2927,0x2927,0x2927,0x0864,0x0024,0x1085,0x10A5,0x10E6,0x0865,
  0x0024,0x0844,0x0865,0x08E5,0x0885,0x0885,0x0885,0x0885,0x0845,0x0865,0x0864,0x0865,0x0845,0x1865,0x10A6,0x08A6,
  0x0884,0x0865,0x0885,0x0845,0x08A6,0x2926,0x20E5,0x1085,0x18C5,0x1084,0x18C5,0x1084,0x0864,0x1085,0x0885,0x0865,
  0x0864,0x0865,0x1085,0x0844,0x0885,0x18C6,0x1146,0x1106,0x0865,0x0005,0x0845,0x1085,0x1085,0x0865,0x0004,0x0004,
  0x0000,0x0000,0x0800,0x30C2,0x0820,0x0000,0x0060,0x0060,0x0040,0x0060,0x0060,0x0040,0x0060,0x0060,0x0040,0x0060,
  0x0000,0x1041,0x1041,0x0040,0x0080,0x0080,0x0080,0x0080,0x0080,0x0080,0x08A1,0x0020,0x0820,0x20A1,0x0861,0x0882,
  0x18A3,0x1082,0x1082,0x08A1,0x0060,0x0020,0x0040,0x0080,0x0080,0x0861,0x0060,0x0040,0x0040,0x0861,0x0861,0x1882,
  0x18A3,0x28C3,0x28E3,0x28E3,0x30E3,0x28C2,0x2082,0x18C4,0x1947,0x1127,0x08C5,0x18E6,0x2127,0x2127,0x2127,0x2126,
  0x2926,0x2926,0x0844,0x0024,0x0865,0x0865,0x0845,0x0024,0x0004,0x0004,0x0865,0x1126,0x0885,0x0885,0x0885,0x0885,
  0x0025,0x0865,0x0865,0x0865,0x0845,0x0825,0x1086,0x08A6,0x0864,0x0865,0x0885,0x0865,0x0866,0x20E5,0x2945,0x1926,
  0x2146,0x1925,0x2926,0x1085,0x1084,0x1085,0x0885,0x0845,0x0865,0x10A5,0x1085,0x0865,0x0885,0x18C6,0x1146,0x10E6,
  0x0865,0x0024,0x0024,0x0024,0x0024,0x0024,0x0025,0x0025,0x0060,0x0060,0x0820,0x30C2,0x1061,0x0060,0x0060,0x0060,
  0x0040,0x0020,0x0060,0x0040,0x0080,0x0060,0x0080,0x00A0,0x0020,0x1861,0x1061,0x0040,0x08A1,0x0881,0x0881,0x0061,
  0x0861,0x0861,0x18C3,0x0841,0x0800,0x1861,0x0040,0x0881,0x0881,0x0880,0x0881,0x0060,0x0060,0x0881,0x1082,0x10A2,
  0x1082,0x18A3,0x1082,0x1082,0x1882,0x1883,0x20A3,0x28C3,0x30E3,0x30E3,0x28C2,0x28C3,0x20A3,0x18C5,0x18C6,0x10A6,
  0x10E6,0x1106,0x10A5,0x2106,0x2126,0x2926,0x2946,0x2965,0x2965,0x1085,0x0025,0x0025,0x0025,0x0845,0x0025,0x0045,
  0x0024,0x0024,0x0865,0x1126,0x08A5,0x08A5,0x0885,0x0885,0x0045,0x0025,0x0845,0x0845,0x0845,0x0845,0x08A6,0x08A6,
  0x0864,0x0865,0x0886,0x0025,0x0004,0x20E4,0x3145,0x2925,0x2945,0x2945,0x3145,0x1085,0x0865,0x10A5,0x10A5,0x0865,
  0x0004,0x0024,0x0025,0x0024,0x0885,0x10C6,0x1166,0x1106,0x0866,0x0025,0x0025,0x0025,0x0025,0x0025,0x0025,0x0004,
  0x0080,0x0060,0x0000,0x28A2,0x1861,0x0020,0x0020,0x0060,0x0060,0x0060,0x0040,0x0040,0x0080,0x0080,0x0060,0x0080,
  0x0060,0x1861,0x1040,0x0040,0x0881,0x0881,0x1082,0x0861,0x1082,0x0020,0x0040,0x0020,0x0020,0x0040,0x0020,0x0040,
  0x0080,0x0881,0x0881,0x1082,0x0882,0x1082,0x1883,0x1883,0x18A3,0x1882,0x20A3,0x20A3,0x28C3,0x28C3,0x28E3,0x30E3,
  0x28C2,0x20A3,0x18C4,0x10A5,0x10A6,0x0886,0x0866,0x0865,0x10E6,0x1106,0x18E5,0x2945,0x2925,0x2945,0x2945,0x2945,
  0x2944,0x1085,0x0846,0x0866,0x0865,0x0845,0x0865,0x0866,0x0045,0x0024,0x0865,0x1146,0x08C5,0x08A5,0x0885,0x0885,
  0x0866,0x0845,0x0025,0x0025,0x0024,0x0024,0x0886,0x08A6,0x10A5,0x0885,0x0865,0x0025,0x0025,0x20E5,0x3145,0x3124,
  0x3124,0x3124,0x3945,0x1884,0x18A5,0x20A5,0x1885,0x0845,0x0024,0x0025,0x0025,0x0025,0x08A5,0x10C6,0x1146,0x1106,
  0x0866,0x0025,0x0025,0x0025,0x0024,0x0025,0x0025,0x0025,0x0060,0x0000,0x0000,0x28A1,0x1881,0x0040,0x0080,0x0080,
  0x0080,0x0080,0x0881,0x0881,0x0881,0x0881,0x0881,0x0882,0x0841,0x1040,0x1041,0x0041,0x1082,0x1082,0x1081,0x1081,
  0x0861,0x0040,0x0040,0x0020,0x0000,0x0020,0x0000,0x0040,0x0861,0x1082,0x1082,0x18A3,0x1882,0x1883,0x1883,0x20A3,
  0x28C3,0x28C3,0x30E3,0x3103,0x28E3,0x28C3,0x2082,0x1882,0x18C4,0x10E6,0x08A6,0x0886,0x0866,0x0866,0x1086,0x0866,
  0x10E6,0x10E6,0x18C5,0x2945,0x2124,0x2924,0x2924,0x2945,0x2944,0x1085,0x0845,0x0845,0x0865,0x0845,0x0824,0x0865,
  0x0866,0x0866,0x0886,0x08A5,0x0865,0x0865,0x0865,0x0865,0x0845,0x0846,0x0866,0x0866,0x0865,0x0845,0x1086,0x08A6,
  0x0865,0x0885,0x0886,0x0025,0x0004,0x20C4,0x3145,0x3125,0x3125,0x2904,0x3945,0x20A4,0x20A4,0x1065,0x0024,0x0004,
  0x0025,0x0845,0x0865,0x0845,0x08A5,0x10A5,0x1126,0x10E6,0x0866,0x0025,0x0025,0x0025,0x0845,0x0004,0x0024,0x0025,
  0x0060,0x0040,0x0000,0x2081,0x1881,0x0060,0x0080,0x0080,0x0080,0x0061,0x1883,0x1883,0x1083,0x18A3,0x1082,0x18A3,
  0x0861,0x1061,0x1861,0x0020,0x1062,0x0862,0x1082,0x1081,0x0881,0x0861,0x0040,0x0020,0x0000,0x0040,0x0861,0x0862,
  0x1083,0x1083,0x1882,0x20A3,0x20A2,0x20A2,0x28E3,0x30E3,0x30E3,0x30E3,0x30E3,0x28A3,0x2082,0x1862,0x1083,0x10E6,
  0x10C7,0x0886,0x1087,0x1086,0x0865,0x0886,0x0886,0x0866,0x10E6,0x10E6,0x18C5,0x2925,0x2924,0x2104,0x2925,0x2124,
  0x2944,0x1085,0x0846,0x0866,0x0866,0x0865,0x0865,0x0865,0x0845,0x0845,0x0845,0x0846,0x0845,0x0845,0x0845,0x0845,
  0x0025,0x0845,0x0845,0x0845,0x0845,0x0845,0x0845,0x0886,0x1065,0x0865,0x0886,0x0845,0x0025,0x20E5,0x3945,0x3125,
  0x3125,0x3104,0x3945,0x20A4,0x20A4,0x0865,0x0025,0x0845,0x0845,0x0845,0x0845,0x0865,0x08A6,0x10E6,0x1166,0x1106,
  0x0866,0x0845,0x0845,0x0845,0x0866,0x0845,0x0845,0x0845,0x0080,0x0060,0x0020,0x2081,0x1881,0x0061,0x0881,0x0881,
  0x0881,0x1082,0x1062,0x1083,0x1082,0x18A3,0x1082,0x1082,0x0040,0x0820,0x0820,0x0040,0x0861,0x0021,0x0040,0x0861,
  0x0861,0x0040,0x0060,0x0061,0x0882,0x18A3,0x1083,0x1082,0x18A3,0x20A3,0x20A3,0x20A2,0x20C2,0x30E3,0x30E3,0x28E3,
  0x30E3,0x28E3,0x20A2,0x1882,0x1862,0x10A4,0x1928,0x10C6,0x0845,0x10C7,0x0886,0x1086,0x0886,0x1086,0x0866,0x0866,
  0x1906,0x1106,0x18A5,0x2905,0x2905,0x2905,0x2905,0x2104,0x2925,0x1085,0x0845,0x0865,0x0866,0x0866,0x0866,0x0866,
  0x0866,0x0845,0x0045,0x0845,0x0865,0x0845,0x0845,0x0845,0x0845,0x0024,0x0845,0x0845,0x0845,0x0865,0x0866,0x0866,
  0x0865,0x0866,0x0845,0x0845,0x0025,0x20E5,0x3145,0x3105,0x3105,0x3104,0x3945,0x20A4,0x20A4,0x1065,0x0845,0x0845,
  0x0845,0x0845,0x0866,0x0866,0x0885,0x08C6,0x1126,0x0886,0x0845,0x0865,0x0865,0x0845,0x0845,0x0845,0x0045,0x0025,
  0x10A2,0x0881,0x0020,0x28A1,0x1861,0x0862,0x1082,0x0080,0x0882,0x10A2,0x0881,0x0881,0x0080,0x0081,0x0060,0x0020,
  0x0000,0x0000,0x0020,0x0040,0x0040,0x0020,0x0000,0x0020,0x0060,0x0881,0x1082,0x1062,0x1883,0x1883,0x18A3,0x20A3,
  0x20A2,0x20A2,0x28C2,0x30E3,0x3103,0x3103,0x30E3,0x30E3,0x28E3,0x2082,0x1882,0x2082,0x1883,0x1969,0x10A7,0x10A7,
  0x0866,0x10A7,0x08A7,0x0866,0x1087,0x0866,0x0866,0x0866,0x1107,0x1107,0x10A5,0x20E5,0x20E5,0x2105,0x2105,0x2104,
  0x2925,0x1085,0x0866,0x1086,0x0866,0x0866,0x0866,0x10A7,0x0887,0x0866,0x0866,0x0845,0x0846,0x0846,0x0866,0x0866,
  0x0866,0x0845,0x0845,0x0866,0x0866,0x0866,0x0866,0x0845,0x0025,0x0845,0x0865,0x0866,0x0846,0x20E5,0x3145,0x2905,
  0x3104,0x3104,0x3945,0x20A4,0x20A4,0x0844,0x0025,0x0845,0x0825,0x0025,0x0025,0x0025,0x0025,0x0845,0x0845,0x0865,
  0x0865,0x0845,0x0866,0x0866,0x0865,0x0845,0x0045,0x0025,0x1082,0x0861,0x0000,0x28C2,0x2081,0x0040,0x0080,0x0080,
  0x0060,0x0060,0x0880,0x0060,0x0080,0x0060,0x0020,0x0020,0x0040,0x0020,0x0000,0x0040,0x0040,0x0020,0x0021,0x0040,
  0x0861,0x1082,0x1082,0x1082,0x1082,0x1882,0x18A2,0x18A2,0x18A2,0x18C2,0x20E2,0x20E3,0x20E2,0x20E3,0x28E3,0x20C3,
  0x1882,0x1882,0x18A2,0x1882,0x18C3,0x1947,0x10C6,0x10C6,0x1085,0x0864,0x10A5,0x1085,0x1064,0x10A5,0x1085,0x0864,
  0x10E5,0x10E5,0x10A4,0x20E4,0x20E4,0x2104,0x20E4,0x18E4,0x2104,0x1084,0x0864,0x0864,0x10A5,0x10A5,0x0864,0x0864,
  0x0864,0x0864,0x0865,0x10A5,0x10A5,0x10A6,0x0886,0x0865,0x0845,0x1066,0x1066,0x0866,0x0866,0x0866,0x0866,0x0866,
  0x0866,0x0866,0x0866,0x0866,0x0866,0x20E5,0x3105,0x28E4,0x2904,0x3105,0x3945,0x20A4,0x20A4,0x1065,0x0846,0x0866,
  0x0845,0x0845,0x0845,0x0845,0x0866,0x0866,0x0845,0x0845,0x0866,0x0866,0x0866,0x0845,0x0845,0x0866,0x0866,0x1066,
  0x10A2,0x0060,0x0000,0x2061,0x28C2,0x0040,0x00A0,0x0080,0x0040,0x0040,0x1081,0x0861,0x0861,0x0080,0x0080,0x0080,
  0x0080,0x0080,0x0861,0x0060,0x0881,0x1082,0x0882,0x10A2,0x10C2,0x10E3,0x1903,0x1122,0x1102,0x1102,0x1102,0x1102,
  0x1102,0x1102,0x1102,0x1102,0x1102,0x1102,0x1102,0x1102,0x1102,0x1102,0x1102,0x1123,0x1122,0x1122,0x1923,0x1122,
  0x1123,0x1122,0x1122,0x1123,0x1123,0x1122,0x1122,0x1122,0x1142,0x1122,0x1122,0x1122,0x1122,0x1122,0x1122,0x1122,
  0x1122,0x1123,0x1122,0x1122,0x1122,0x1123,0x1122,0x1122,0x1122,0x1122,0x1122,0x1122,0x1943,0x1963,0x1963,0x1923,
  0x1084,0x0865,0x0866,0x0886,0x0886,0x0886,0x0866,0x0866,0x0866,0x0866,0x0866,0x0866,0x0866,0x2105,0x2905,0x2905,
  0x2904,0x3125,0x3125,0x20C4,0x20A4,0x18A5,0x0866,0x0866,0x0845,0x0866,0x0866,0x0866,0x0866,0x0866,0x0866,0x0866,
  0x0845,0x0845,0x0866,0x0845,0x0845,0x0866,0x0866,0x0866,0x0080,0x0060,0x0820,0x2081,0x2081,0x0040,0x0080,0x0080,
  0x0060,0x0861,0x0841,0x0861,0x0840,0x0060,0x0080,0x0080,0x0881,0x0882,0x0882,0x0882,0x1082,0x1883,0x10A2,0x10C2,
  0x10C2,0x08A2,0x0881,0x1102,0x1102,0x1102,0x1102,0x1102,0x1102,0x1102,0x1102,0x1102,0x1102,0x1102,0x1102,0x1102,
  0x1102,0x1102,0x1102,0x10E2,0x18E2,0x18E2,0x1902,0x10E2,0x0861,0x0861,0x0861,0x0861,0x0861,0x0881,0x0881,0x0881,
  0x0881,0x0881,0x0881,0x0881,0x0881,0x0881,0x0881,0x0881,0x0881,0x0881,0x08A1,0x0881,0x08A1,0x08C2,0x08C2,0x08C2,
  0x08A1,0x08A1,0x08C1,0x08C2,0x10E2,0x1102,0x1122,0x2183,0x10C2,0x0844,0x0865,0x1086,0x10A7,0x10E8,0x0866,0x0865,
  0x0865,0x10A7,0x0886,0x0866,0x0866,0x1085,0x20E5,0x3125,0x20C4,0x3125,0x2905,0x20A4,0x1885,0x1066,0x0866,0x0866,
  0x0866,0x0866,0x0866,0x0845,0x0866,0x0866,0x1066,0x0866,0x0845,0x0845,0x0866,0x0866,0x0845,0x0845,0x0866,0x0866,
  0x0060,0x0881,0x0820,0x1061,0x2081,0x0040,0x0080,0x0080,0x0040,0x0040,0x0020,0x0020,0x0020,0x0080,0x0080,0x0881,
  0x1082,0x1082,0x1082,0x1083,0x1883,0x18A3,0x1963,0x10E2,0x10E2,0x10C2,0x0881,0x1102,0x1102,0x1102,0x1102,0x1102,
  0x1102,0x1102,0x1102,0x1102,0x1102,0x1102,0x1102,0x1102,0x1102,0x1102,0x1102,0x1102,0x10E2,0x18E1,0x18E1,0x10E2,
  0x0020,0x0841,0x0841,0x0040,0x0040,0x0841,0x0861,0x0841,0x0841,0x0821,0x0020,0x0820,0x0821,0x0821,0x0020,0x0821,
  0x0841,0x0020,0x0061,0x10A2,0x10E2,0x08A1,0x0020,0x0020,0x0840,0x0841,0x0041,0x0040,0x0040,0x0881,0x10C2,0x10E2,
  0x0882,0x1885,0x1065,0x0865,0x0865,0x0886,0x0886,0x0865,0x0865,0x0866,0x0866,0x10A6,0x1086,0x0845,0x20C5,0x3145,
  0x20E5,0x2925,0x28E4,0x18A4,0x1065,0x0886,0x1086,0x0866,0x0866,0x0866,0x0866,0x0866,0x0866,0x0866,0x1086,0x1086,
  0x0866,0x0866,0x0866,0x0866,0x0866,0x0866,0x0866,0x0866,0x0861,0x1061,0x0840,0x1861,0x1861,0x0040,0x0040,0x0060,
  0x0080,0x0060,0x0060,0x0060,0x0861,0x0881,0x0862,0x0861,0x1082,0x1883,0x1883,0x1883,0x1863,0x18E2,0x1122,0x10E2,
  0x1102,0x08E2,0x0881,0x1102,0x1102,0x1102,0x1102,0x1102,0x1102,0x1102,0x1102,0x1102,0x1102,0x1102,0x1102,0x1102,
  0x1102,0x1102,0x1102,0x1102,0x1102,0x10E2,0x10E2,0x10E2,0x0020,0x18E3,0x18E2,0x18E3,0x1903,0x1903,0x2123,0x1903,
  0x0000,0x0000,0x0881,0x0841,0x0000,0x0000,0x0841,0x0020,0x0000,0x0020,0x0020,0x10A2,0x10C1,0x0861,0x0821,0x1041,
  0x1861,0x1840,0x0842,0x0844,0x0001,0x0000,0x10A3,0x0881,0x10C2,0x1084,0x20A6,0x1065,0x0865,0x1086,0x1086,0x0866,
  0x0866,0x1086,0x0866,0x0845,0x0865,0x0866,0x1085,0x2905,0x3125,0x2905,0x28E5,0x1884,0x1065,0x1086,0x0886,0x0866,
  0x0866,0x0866,0x0866,0x10A7,0x0866,0x0866,0x1086,0x0886,0x0866,0x0866,0x0865,0x0865,0x0866,0x1086,0x0886,0x0866,
  0x0861,0x0861,0x0861,0x1041,0x0841,0x0020,0x0020,0x0040,0x0060,0x0080,0x0060,0x0881,0x0862,0x0882,0x1083,0x1083,
  0x1883,0x1884,0x1883,0x1884,0x1083,0x1923,0x10E2,0x10E2,0x1102,0x10E2,0x0881,0x1102,0x1102,0x1102,0x1102,0x1102,
  0x1102,0x1102,0x1102,0x1102,0x1102,0x1102,0x1102,0x1102,0x1102,0x1102,0x1102,0x1102,0x1102,0x1102,0x10E2,0x10E2,
  0x10C2,0x1903,0x1101,0x1122,0x1122,0x1142,0x1143,0x29C5,0x0000,0x1903,0x39E6,0x2965,0x0861,0x2104,0x2945,0x31A5,
  0x18A2,0x0000,0x0020,0x10A2,0x08C1,0x10C3,0x1882,0x2060,0x2061,0x3923,0x1883,0x0866,0x0864,0x0842,0x0862,0x0842,
  0x08A2,0x10C2,0x18A5,0x2086,0x0865,0x0886,0x0866,0x0886,0x0886,0x10A6,0x0886,0x0886,0x10A7,0x1086,0x0865,0x1065,
  0x2905,0x2905,0x18A5,0x0865,0x0865,0x0865,0x0866,0x0866,0x0845,0x0845,0x0845,0x0045,0x0865,0x0866,0x1086,0x0886,
  0x0866,0x0866,0x1086,0x10A7,0x0866,0x0845,0x0845,0x0845,0x0881,0x0861,0x0861,0x0020,0x1061,0x0861,0x0020,0x0040,
  0x0040,0x0881,0x0881,0x1082,0x1883,0x1883,0x1884,0x1884,0x1884,0x1883,0x1884,0x1884,0x10A2,0x1942,0x08E2,0x10E2,
  0x1102,0x08C2,0x08A1,0x1102,0x1102,0x1102,0x1102,0x1102,0x1102,0x1102,0x1102,0x1102,0x1102,0x1102,0x1102,0x1102,
  0x1102,0x1102,0x1102,0x1102,0x1102,0x1102,0x1102,0x10E2,0x10A2,0x1923,0x11A2,0x11A2,0x0982,0x09A2,0x1183,0x21A4,
  0x0881,0x31E6,0x18A2,0x2924,0x3185,0x39A6,0x20C3,0x3144,0x3165,0x1062,0x0861,0x10A2,0x08C1,0x10A3,0x1841,0x2081,
  0x3944,0x4185,0x1084,0x0865,0x0844,0x0844,0x0862,0x0000,0x0883,0x10E2,0x10C2,0x18A4,0x1886,0x0886,0x0886,0x10A7,
  0x10A7,0x0866,0x0886,0x1086,0x0866,0x0887,0x0886,0x0865,0x20C5,0x2105,0x1085,0x0865,0x0865,0x0865,0x0865,0x0025,
  0x0845,0x0845,0x0845,0x0845,0x0845,0x0866,0x0866,0x0866,0x0865,0x0866,0x0866,0x0866,0x0845,0x0825,0x0845,0x0045,
  0x0040,0x0861,0x1061,0x0841,0x0861,0x0820,0x0000,0x0040,0x0040,0x0861,0x1083,0x1883,0x1083,0x1082,0x1883,0x1884,
  0x1884,0x1884,0x1884,0x1863,0x1903,0x1122,0x08E2,0x10C1,0x1102,0x08A2,0x08C2,0x1102,0x10E2,0x1102,0x1102,0x1102,
  0x1102,0x1102,0x1102,0x1102,0x1102,0x1102,0x1102,0x1102,0x1102,0x1102,0x1102,0x1102,0x1102,0x1102,0x1102,0x10E2,
  0x10C2,0x1943,0x11C2,0x11A2,0x11A2,0x1182,0x1143,0x29C5,0x0060,0x2984,0x3165,0x2104,0x2924,0x2924,0x3165,0x2944,
  0x10A2,0x18A3,0x1062,0x0881,0x08C1,0x10E3,0x0821,0x30E2,0x59E5,0x59E6,0x18A4,0x0865,0x0865,0x0843,0x18C4,0x0000,
  0x0002,0x10A3,0x10C1,0x10A2,0x18A5,0x1865,0x0865,0x0865,0x0886,0x0886,0x0866,0x0865,0x0866,0x10A7,0x10A7,0x0866,
  0x1085,0x10A5,0x1086,0x1086,0x0865,0x0865,0x0845,0x0845,0x0866,0x0866,0x0866,0x0865,0x0845,0x0845,0x0845,0x0845,
  0x0865,0x1066,0x0865,0x0865,0x0845,0x0845,0x0845,0x0845,0x0040,0x0040,0x0040,0x0020,0x0020,0x0020,0x0060,0x0881,
  0x1082,0x1083,0x1063,0x1883,0x1063,0x1083,0x1883,0x18A4,0x18A4,0x1883,0x1884,0x1063,0x1943,0x1102,0x08E2,0x10C1,
  0x1102,0x08A2,0x08C2,0x1102,0x1102,0x1102,0x1102,0x1102,0x1102,0x1102,0x1102,0x1102,0x1102,0x1102,0x1102,0x1102,
  0x1102,0x1102,0x1102,0x1102,0x1102,0x1102,0x1102,0x1102,0x10C2,0x1943,0x11A2,0x11A3,0x11A3,0x1142,0x1143,0x29E5,
  0x0040,0x10E2,0x2124,0x1082,0x18C3,0x20E3,0x2103,0x2924,0x0861,0x1883,0x0841,0x0881,0x08C1,0x08A2,0x0002,0x3904,
  0x4143,0x20A2,0x0864,0x0886,0x0864,0x0021,0x3167,0x18A4,0x0000,0x0022,0x0882,0x10C1,0x10A3,0x20A5,0x1866,0x0865,
  0x0865,0x1086,0x10A7,0x10E8,0x10A7,0x0866,0x0886,0x0865,0x0865,0x10C5,0x0886,0x0866,0x0866,0x0865,0x0886,0x0886,
  0x0886,0x0866,0x0866,0x0866,0x0865,0x0845,0x0845,0x0845,0x0845,0x0845,0x0845,0x0865,0x0866,0x0866,0x0866,0x0865,
  0x00A0,0x0080,0x0080,0x0080,0x0881,0x1082,0x0881,0x1082,0x18A3,0x1883,0x1883,0x1883,0x1883,0x1883,0x1884,0x20A4,
  0x1883,0x1883,0x1884,0x18A3,0x1943,0x08E2,0x10E2,0x08E2,0x10E2,0x0881,0x08C2,0x1102,0x1102,0x1102,0x1102,0x1102,
  0x1102,0x1102,0x1102,0x1102,0x1102,0x1102,0x1102,0x1102,0x1102,0x1102,0x1102,0x1102,0x1102,0x1102,0x1102,0x1102,
  0x0861,0x2164,0x2184,0x21A4,0x21C4,0x21A4,0x21C4,0x2184,0x0020,0x1903,0x2965,0x1062,0x1061,0x1061,0x20C3,0x3165,
  0x1081,0x1062,0x0841,0x0881,0x0842,0x1065,0x0003,0x0822,0x3924,0x0801,0x0844,0x0865,0x0001,0x0000,0x3146,0x20E5,
  0x0001,0x0000,0x0001,0x08A1,0x10E2,0x10A3,0x1885,0x1065,0x1087,0x1066,0x0865,0x0865,0x0886,0x10A6,0x10A6,0x10C7,
  0x10C7,0x10C6,0x1086,0x0866,0x0866,0x0865,0x0866,0x0886,0x08A6,0x0886,0x0866,0x10A7,0x10C7,0x1086,0x0845,0x0866,
  0x0866,0x0886,0x0866,0x0866,0x0866,0x0866,0x0865,0x0865,0x0080,0x10A2,0x18C2,0x0040,0x0861,0x1082,0x0862,0x1082,
  0x1883,0x1082,0x1883,0x1883,0x1883,0x20A4,0x20C4,0x20A4,0x1863,0x1883,0x1863,0x18C3,0x1943,0x10E2,0x1102,0x1102,
  0x1102,0x0881,0x08A1,0x1102,0x1102,0x1102,0x1102,0x0902,0x0902,0x10E2,0x08E2,0x10E2,0x08E2,0x08E2,0x08E2,0x0902,
  0x0902,0x0902,0x0902,0x1102,0x1102,0x1102,0x1102,0x10E2,0x0881,0x19A3,0x1983,0x19A4,0x21A4,0x21A4,0x21C4,0x2184,
  0x0861,0x10A2,0x18A2,0x20C3,0x2924,0x2924,0x1882,0x3145,0x1081,0x1062,0x1082,0x0862,0x0824,0x0824,0x0845,0x0003,
  0x18A3,0x1043,0x0824,0x0822,0x08A1,0x08C1,0x18C4,0x18A3,0x10C2,0x08C1,0x10C1,0x08E1,0x08C1,0x10A1,0x08A2,0x1903,
  0x10E5,0x08A6,0x10C8,0x10C7,0x10A6,0x0865,0x0865,0x0886,0x0886,0x1086,0x0866,0x10A6,0x08A6,0x10A7,0x10E8,0x0886,
  0x0845,0x0845,0x0865,0x0866,0x0865,0x0865,0x0845,0x0845,0x0865,0x0866,0x1086,0x10A7,0x10A7,0x0866,0x1087,0x1086,
  0x0080,0x10C2,0x0861,0x0000,0x0020,0x0841,0x1083,0x1083,0x1083,0x1883,0x1883,0x20C4,0x20C4,0x20C4,0x20A4,0x1884,
  0x1883,0x1884,0x1063,0x1902,0x1943,0x1122,0x1122,0x1122,0x1122,0x0881,0x10E2,0x1942,0x1922,0x1922,0x1922,0x1922,
  0x1142,0x1142,0x1142,0x1122,0x1142,0x1142,0x1142,0x1142,0x1142,0x1142,0x1142,0x1142,0x1142,0x1122,0x1142,0x1102,
  0x2164,0x2A04,0x21C4,0x2204,0x29E4,0x29C4,0x29C4,0x29E4,0x1923,0x0861,0x18A2,0x18A2,0x18C3,0x18A2,0x1062,0x20E3,
  0x1061,0x0841,0x1061,0x0843,0x0845,0x0002,0x0844,0x0845,0x0843,0x0823,0x0824,0x0002,0x10E2,0x1122,0x08A1,0x20C4,
  0x18E3,0x0902,0x1122,0x1102,0x1102,0x08A1,0x1102,0x1142,0x1962,0x1943,0x10E3,0x08A5,0x08A6,0x08A6,0x10A6,0x10C7,
  0x10A7,0x1086,0x0886,0x0865,0x0865,0x0866,0x10C7,0x08A6,0x10C7,0x1108,0x10C7,0x10A7,0x10C7,0x10A7,0x0886,0x0886,
  0x0886,0x0886,0x0865,0x0845,0x0845,0x0845,0x0866,0x0865,0x0080,0x10C1,0x0060,0x0040,0x0842,0x1883,0x1883,0x1082,
  0x1083,0x1883,0x20C4,0x20C4,0x20C4,0x1883,0x1063,0x18A4,0x1884,0x1883,0x1882,0x1943,0x1102,0x08E2,0x1102,0x1102,
  0x08E2,0x0061,0x10C2,0x1102,0x10E2,0x10E2,0x10E2,0x10E2,0x0902,0x1102,0x1102,0x1102,0x1102,0x1102,0x1102,0x1102,
  0x1102,0x1102,0x1102,0x10C2,0x10C3,0x10C2,0x08E2,0x1102,0x1082,0x1081,0x1081,0x1081,0x1081,0x1081,0x1082,0x1081,
  0x1082,0x1082,0x1062,0x0841,0x1041,0x1061,0x1082,0x1082,0x1082,0x1061,0x0841,0x0823,0x0844,0x0001,0x0824,0x0844,
  0x0824,0x0002,0x0824,0x0824,0x0882,0x1102,0x08E2,0x08A2,0x08C2,0x1102,0x10E2,0x08E2,0x1102,0x10E2,0x10E2,0x1102,
  0x1102,0x1122,0x1962,0x1943,0x10E3,0x0864,0x0886,0x10C7,0x08A7,0x1086,0x0886,0x1086,0x10A6,0x0886,0x08A6,0x10C7,
  0x08C7,0x08C7,0x08A7,0x0886,0x08A6,0x08A7,0x1086,0x10A7,0x10C7,0x10E8,0x10E8,0x10E8,0x10E8,0x08A7,0x08A7,0x08A7,
  0x08A0,0x1081,0x0060,0x0881,0x1082,0x1883,0x1082,0x1883,0x1883,0x1883,0x20C4,0x20A4,0x1883,0x1063,0x1063,0x1863,
  0x1884,0x1863,0x18A2,0x1963,0x08E2,0x10E2,0x1102,0x1102,0x1102,0x0881,0x10E2,0x1102,0x1102,0x10E2,0x10E2,0x10E2,
  0x10E2,0x10E2,0x10E2,0x10E2,0x1102,0x1102,0x1102,0x1102,0x1102,0x1102,0x1102,0x08A2,0x0882,0x1082,0x10C2,0x1122,
  0x0020,0x0000,0x0000,0x0000,0x0000,0x0000,0x0000,0x0000,0x0000,0x1062,0x10C3,0x19A4,0x1943,0x1082,0x18C3,0x18A3,
  0x20C4,0x1082,0x0821,0x0844,0x0824,0x0001,0x0823,0x0845,0x0824,0x0823,0x0844,0x0003,0x0863,0x1102,0x1102,0x1102,
  0x1102,0x10E2,0x1102,0x10E2,0x1102,0x1102,0x10E2,0x1102,0x10E2,0x10E2,0x10E2,0x1102,0x1942,0x1963,0x1924,0x1128,
  0x1129,0x10E8,0x0886,0x0845,0x10A6,0x10C7,0x08A6,0x10A7,0x08A6,0x10C7,0x10E7,0x10C7,0x08A7,0x10A6,0x0886,0x0865,
  0x0865,0x0865,0x0865,0x0866,0x0866,0x0886,0x08A6,0x10A6,0x10C1,0x0060,0x0080,0x18C2,0x18A3,0x1883,0x1082,0x1083,
  0x1062,0x1083,0x18A4,0x1884,0x18A4,0x1883,0x1884,0x1863,0x1883,0x1863,0x18C2,0x1963,0x10E2,0x10E2,0x10E2,0x10E2,
  0x1102,0x0881,0x1102,0x1102,0x1102,0x1102,0x1102,0x1102,0x1102,0x1102,0x1102,0x1102,0x1102,0x1102,0x1102,0x1102,
  0x1102,0x1102,0x1102,0x1102,0x1102,0x1102,0x1102,0x1102,0x10A2,0x0000,0x0000,0x0000,0x0000,0x0000,0x0000,0x0000,
  0x0821,0x1882,0x2103,0x1984,0x1123,0x1082,0x18A3,0x18A3,0x2104,0x20E3,0x0841,0x0824,0x0823,0x0001,0x0003,0x0824,
  0x0845,0x0824,0x0824,0x0823,0x0863,0x08E2,0x1102,0x1102,0x1102,0x1102,0x1102,0x1102,0x1102,0x1122,0x10E2,0x1102,
  0x1102,0x1102,0x1102,0x1102,0x10E2,0x1102,0x1982,0x1924,0x0884,0x10E7,0x1108,0x10E8,0x10C7,0x08A7,0x10C7,0x10C7,
  0x0886,0x0845,0x0845,0x0886,0x10C7,0x10E8,0x10E7,0x10E8,0x10E8,0x10C7,0x1086,0x0886,0x08A6,0x08A7,0x10C7,0x0886,
  0x10A1,0x0861,0x2102,0x18A2,0x1083,0x1082,0x0861,0x1062,0x1083,0x18A4,0x18A4,0x20C5,0x20A4,0x1884,0x1884,0x1863,
  0x1063,0x1863,0x18C2,0x1122,0x08C2,0x08C1,0x08C2,0x08C1,0x08E2,0x0881,0x1102,0x1102,0x10E2,0x10E2,0x1102,0x10E2,
  0x08E2,0x08E2,0x08E2,0x08E2,0x08E2,0x08E2,0x08E2,0x08E2,0x08E2,0x08E2,0x08E2,0x08E2,0x08E2,0x08E2,0x08E2,0x10E2,
  0x1061,0x0861,0x0881,0x1081,0x0040,0x0000,0x0000,0x0000,0x0821,0x18A2,0x20C3,0x1882,0x1062,0x1082,0x1062,0x18A3,
  0x20E4,0x20E3,0x0000,0x0844,0x1065,0x0001,0x0003,0x0824,0x0844,0x0844,0x0845,0x0844,0x0842,0x08E2,0x0902,0x0902,
  0x08E2,0x10E2,0x10E2,0x10E2,0x1102,0x10E2,0x08C2,0x08E2,0x08E2,0x08E2,0x08E2,0x08E2,0x1102,0x0902,0x08E2,0x10E2,
  0x1041,0x1062,0x1063,0x10C5,0x10C6,0x10A5,0x10E7,0x1129,0x1129,0x1129,0x10C7,0x0886,0x0866,0x0886,0x0886,0x0866,
  0x10A6,0x10A7,0x0886,0x10E8,0x1108,0x10E8,0x10E8,0x10E7,0x10A1,0x1081,0x0881,0x0881,0x0861,0x1083,0x18A3,0x1062,
  0x18A4,0x20C4,0x20C4,0x20C4,0x18A4,0x1884,0x20A4,0x1883,0x1063,0x1863,0x10C2,0x1943,0x1881,0x3061,0x1081,0x08E2,
  0x10E2,0x0881,0x10E2,0x1102,0x1102,0x1102,0x1102,0x1102,0x1102,0x1102,0x1102,0x1102,0x1102,0x1102,0x1102,0x1102,
  0x1102,0x1102,0x1102,0x1102,0x1102,0x10E2,0x08E2,0x10E2,0x1062,0x1883,0x1082,0x1082,0x0841,0x0000,0x0000,0x0000,
  0x0000,0x18A3,0x1061,0x0861,0x0841,0x0841,0x0861,0x0861,0x1882,0x1882,0x0000,0x0023,0x1066,0x0001,0x1882,0x0843,
  0x0844,0x0844,0x0824,0x0001,0x0881,0x1102,0x1102,0x1102,0x1102,0x1102,0x10E2,0x1102,0x1102,0x10E2,0x08C2,0x1102,
  0x10E2,0x10E2,0x1102,0x1102,0x1102,0x1102,0x18C2,0x20C2,0x1062,0x1862,0x1862,0x1862,0x1862,0x1862,0x1062,0x1084,
  0x1084,0x10E7,0x1149,0x1149,0x1128,0x10E8,0x08A7,0x0886,0x0886,0x0866,0x0866,0x1086,0x10A7,0x10A7,0x08A7,0x10A7,
  0x0861,0x0861,0x1081,0x18A1,0x1082,0x1884,0x1883,0x18A4,0x20C4,0x20C4,0x20C4,0x20A4,0x1883,0x1884,0x18A4,0x1883,
  0x1863,0x1863,0x1081,0x1143,0x1081,0x2040,0x1081,0x10E2,0x10E2,0x0881,0x10E2,0x1102,0x1102,0x1102,0x1102,0x1102,
  0x1102,0x1102,0x1102,0x1102,0x1102,0x1102,0x1102,0x1102,0x1102,0x1102,0x1102,0x1102,0x1102,0x1102,0x10E2,0x10E2,
  0x0821,0x0821,0x0000,0x0000,0x0000,0x0000,0x0000,0x0000,0x0000,0x18A2,0x18C3,0x18C2,0x10C2,0x1082,0x1882,0x1882,
  0x18A3,0x18A2,0x0000,0x0002,0x0804,0x1083,0x5269,0x2082,0x0001,0x0001,0x0001,0x0061,0x1102,0x1102,0x1102,0x1102,
  0x1102,0x1102,0x1102,0x1102,0x1102,0x08A1,0x08C2,0x08E2,0x0902,0x1102,0x1102,0x1102,0x1102,0x08E2,0x28A2,0x61A3,
  0x20A2,0x1882,0x1882,0x1883,0x1883,0x1862,0x1862,0x1862,0x1862,0x1062,0x1063,0x10A5,0x1107,0x1149,0x1169,0x1149,
  0x1149,0x1108,0x10C7,0x0866,0x0886,0x0886,0x0866,0x08A7,0x0000,0x0881,0x0861,0x0841,0x1083,0x1883,0x18A4,0x20C4,
  0x20C4,0x20C4,0x20C4,0x18A4,0x1883,0x1884,0x1884,0x1883,0x1863,0x1863,0x1062,0x1122,0x08E2,0x08E2,0x10E2,0x1102,
  0x08E2,0x0061,0x10E2,0x1102,0x1102,0x1102,0x1102,0x1102,0x1102,0x1102,0x1102,0x1102,0x1102,0x1102,0x1102,0x1102,
  0x1102,0x1102,0x1102,0x1102,0x1102,0x1102,0x1102,0x10E2,0x0000,0x0021,0x0000,0x0000,0x0000,0x0000,0x0000,0x0000,
  0x0000,0x1882,0x10A2,0x10A2,0x10A2,0x1062,0x18A4,0x1883,0x1062,0x1082,0x0800,0x1882,0x1043,0x30E4,0x5A69,0x3965,
  0x0001,0x0022,0x10C5,0x10C3,0x1102,0x1102,0x1102,0x1102,0x1102,0x1102,0x08E2,0x08E1,0x10E2,0x08C1,0x1102,0x1122,
  0x1102,0x1102,0x10E2,0x1102,0x1102,0x10E2,0x18A2,0x4123,0x20A2,0x20A2,0x20A2,0x20A2,0x20A2,0x20A2,0x2082,0x1882,
  0x1862,0x1862,0x1862,0x1862,0x1062,0x1063,0x1084,0x10C6,0x1107,0x1128,0x116A,0x1149,0x1129,0x1149,0x116A,0x1149,
  0x0840,0x0861,0x1883,0x1062,0x1883,0x1883,0x20C4,0x20C4,0x20C4,0x20C4,0x20A4,0x18A4,0x1884,0x1863,0x1863,0x1863,
  0x1063,0x1884,0x1062,0x1122,0x10E2,0x10E2,0x1102,0x1102,0x08E2,0x0061,0x08C2,0x10E2,0x10E2,0x1102,0x1102,0x1102,
  0x1102,0x1102,0x1102,0x1102,0x1102,0x1102,0x1102,0x1102,0x1102,0x1102,0x1102,0x1102,0x1102,0x1102,0x1102,0x10E2,
  0x0020,0x0821,0x0000,0x0000,0x0000,0x0000,0x0000,0x0000,0x0000,0x1082,0x18A3,0x1062,0x1882,0x1882,0x18C4,0x20C4,
  0x1082,0x1061,0x0000,0x1082,0x3123,0x5984,0x30C3,0x18A4,0x0843,0x0021,0x1906,0x1906,0x08C1,0x1102,0x1102,0x1102,
  0x08E2,0x10E2,0x1922,0x1122,0x1102,0x1102,0x1102,0x1122,0x1922,0x1963,0x1122,0x1102,0x1102,0x08C2,0x20A2,0x28E3,
  0x1882,0x28C2,0x20A2,0x20A2,0x20A2,0x20A2,0x20A2,0x20A2,0x20A2,0x1882,0x1862,0x1863,0x1882,0x1882,0x1862,0x1862,
  0x1062,0x1063,0x1084,0x10C5,0x10C6,0x10A5,0x10A6,0x1108,0x0861,0x1883,0x1883,0x1883,0x1883,0x18A4,0x20C4,0x20C4,
  0x20C4,0x20C4,0x20A4,0x1884,0x1884,0x1863,0x1863,0x1883,0x1884,0x18A4,0x0821,0x1102,0x1102,0x08E2,0x08E2,0x08E2,
  0x10E2,0x0061,0x0881,0x10E2,0x10C1,0x10E2,0x10E2,0x10E2,0x10E2,0x10E2,0x10E2,0x10E2,0x10E2,0x10E2,0x10E2,0x10E2,
  0x10E2,0x1102,0x10E2,0x10E2,0x10E2,0x10E2,0x1102,0x10E2,0x0000,0x0001,0x0021,0x0001,0x0000,0x0821,0x0021,0x0821,
  0x0021,0x0841,0x0821,0x0020,0x0821,0x0821,0x0841,0x0821,0x0820,0x1041,0x0820,0x0040,0x0820,0x1041,0x0843,0x1906,
  0x10C5,0x0021,0x10C5,0x2147,0x10C3,0x1102,0x1102,0x10E2,0x10E2,0x1923,0x08A1,0x0020,0x0000,0x0000,0x0000,0x0000,
  0x0000,0x0860,0x1102,0x1122,0x10E2,0x10A2,0x30A2,0x4143,0x20A2,0x20A2,0x20A2,0x20A2,0x20A2,0x20A2,0x20A2,0x20A2,
  0x20A2,0x20A2,0x2082,0x1882,0x1862,0x1862,0x1862,0x1862,0x1882,0x1882,0x1862,0x1862,0x1862,0x1862,0x1862,0x1863,
  0x0881,0x10A2,0x1883,0x1883,0x1883,0x20C4,0x20C4,0x20C4,0x20C4,0x20C4,0x20A4,0x1884,0x1883,0x1884,0x1063,0x1884,
  0x1884,0x1884,0x0842,0x1102,0x1943,0x1122,0x1122,0x1122,0x1123,0x08A1,0x08A1,0x1102,0x1102,0x1102,0x1101,0x1101,
  0x1102,0x1102,0x1102,0x1102,0x1102,0x1122,0x1122,0x1122,0x1122,0x1122,0x1102,0x1102,0x1102,0x1102,0x1122,0x1102,
  0x1062,0x1083,0x0842,0x1062,0x1883,0x1883,0x1883,0x1883,0x1883,0x1083,0x1083,0x1083,0x1083,0x1083,0x1082,0x0862,
  0x0861,0x1061,0x0861,0x0881,0x0882,0x0021,0x0864,0x1906,0x2146,0x0842,0x0863,0x1947,0x10C4,0x10E2,0x1122,0x10E2,
  0x10E2,0x0040,0x0000,0x0000,0x0001,0x0000,0x0000,0x0001,0x0000,0x0000,0x0000,0x1102,0x1122,0x0881,0x1082,0x1061,
  0x20A2,0x20A2,0x20A2,0x20A2,0x20A2,0x20A2,0x20A2,0x20A2,0x20A2,0x20A2,0x20A2,0x20A2,0x20A2,0x2082,0x1882,0x1882,
  0x1862,0x1862,0x1862,0x1882,0x1882,0x1883,0x1882,0x1882,0x0881,0x18A3,0x1883,0x18A4,0x1863,0x18A4,0x20C4,0x20C4,
  0x20C4,0x20C4,0x18A4,0x18A4,0x1883,0x1884,0x1883,0x1884,0x1083,0x1884,0x1883,0x08A1,0x1102,0x1101,0x10E2,0x10E2,
  0x1102,0x0881,0x08A1,0x1122,0x1122,0x1122,0x1122,0x1122,0x1122,0x1902,0x1122,0x1122,0x1122,0x1122,0x1122,0x1122,
  0x1122,0x1122,0x1122,0x1122,0x1122,0x1122,0x1142,0x1102,0x1062,0x1062,0x1062,0x1062,0x1063,0x1063,0x1063,0x1063,
  0x1062,0x1063,0x1063,0x1063,0x1062,0x1062,0x1063,0x1062,0x1062,0x1062,0x0861,0x08A1,0x08A2,0x0041,0x0842,0x10E6,
  0x2147,0x0862,0x0022,0x18E6,0x1905,0x10C2,0x1122,0x1102,0x0840,0x0000,0x0021,0x0000,0x0000,0x0000,0x0000,0x0000,
  0x0000,0x0821,0x0000,0x0040,0x1122,0x10E2,0x18E3,0x2924,0x3104,0x20A2,0x28C2,0x28C2,0x28C2,0x20A2,0x20A2,0x20A2,
  0x20A2,0x20A2,0x20A2,0x20A2,0x20A2,0x20A2,0x20A2,0x20A2,0x20A2,0x20A2,0x20A2,0x20A2,0x2082,0x2082,0x2083,0x1882,
  0x0861,0x1883,0x18A4,0x18A4,0x1063,0x18A4,0x20C4,0x20C4,0x20E5,0x20C4,0x20C4,0x18A4,0x1883,0x1884,0x1884,0x1883,
  0x1063,0x20E4,0x41C8,0x18E4,0x08A1,0x08C1,0x08C1,0x08C1,0x08E2,0x0881,0x0881,0x10C1,0x08C1,0x08C1,0x08C1,0x08C1,
  0x10E2,0x10E2,0x08E1,0x08E2,0x08C2,0x08E2,0x08E2,0x08E2,0x08E2,0x08E2,0x08E2,0x08E2,0x10E2,0x08E2,0x08E1,0x10C2,
  0x0841,0x0842,0x0842,0x0842,0x0842,0x0842,0x0842,0x0842,0x1042,0x1042,0x0842,0x0842,0x1042,0x1042,0x0842,0x0842,
  0x1042,0x1042,0x0861,0x0881,0x08A1,0x0881,0x0022,0x10C5,0x2147,0x0882,0x0001,0x0884,0x2146,0x10C2,0x08C1,0x10C1,
  0x0000,0x0021,0x0000,0x0000,0x1063,0x1063,0x1063,0x1063,0x0000,0x0000,0x0021,0x0000,0x10E2,0x10E2,0x3146,0x41A8,
  0x3166,0x28E2,0x3103,0x3103,0x30E3,0x30E3,0x28E3,0x28E3,0x28C2,0x20A2,0x20A2,0x20A2,0x20A2,0x20A2,0x20A2,0x20A2,
  0x20A2,0x28C2,0x20C2,0x20A2,0x20C2,0x20A2,0x20C2,0x28C2,0x0881,0x1082,0x10A3,0x20C4,0x1883,0x18A4,0x20C4,0x20C4,
  0x20E4,0x18C4,0x1884,0x1884,0x1883,0x1883,0x1863,0x1883,0x1063,0x18C4,0x3967,0x20C4,0x0061,0x08C1,0x10C1,0x10C1,
  0x18C1,0x10A2,0x0861,0x18C1,0x10A1,0x08A1,0x0881,0x08A1,0x00A1,0x0081,0x08C2,0x08C2,0x08A1,0x08C2,0x08E2,0x10E2,
  0x10E2,0x08C2,0x10C1,0x10E2,0x08E2,0x10C1,0x18C1,0x0881,0x0841,0x1061,0x1061,0x1061,0x1061,0x0861,0x0861,0x0861,
  0x1061,0x1061,0x0861,0x0861,0x0861,0x0861,0x0861,0x0841,0x0841,0x0841,0x0861,0x0881,0x0861,0x08A1,0x0021,0x1084,
  0x2147,0x10A4,0x0001,0x0863,0x10A5,0x0861,0x10A1,0x0860,0x0000,0x0000,0x0000,0x1062,0x1042,0x18A4,0x1884,0x1043,
  0x1883,0x0000,0x0000,0x0000,0x0080,0x1903,0x28E6,0x1884,0x18C3,0x3103,0x3923,0x3903,0x3903,0x3103,0x3103,0x3103,
  0x3103,0x28C2,0x28C2,0x28C2,0x20A2,0x20A2,0x28C2,0x20A2,0x20A2,0x20A2,0x20A2,0x20A2,0x20C2,0x20A2,0x20A2,0x20A2,
  0x0881,0x1082,0x0862,0x18A3,0x20A4,0x18A4,0x20C4,0x20A4,0x18A4,0x18A4,0x1863,0x18A4,0x1884,0x1884,0x1063,0x1883,
  0x1883,0x1883,0x18C4,0x1062,0x0021,0x0041,0x0860,0x0840,0x0860,0x1061,0x0020,0x0841,0x0820,0x0841,0x0041,0x0862,
  0x1083,0x1083,0x0862,0x0041,0x0041,0x0020,0x0041,0x0040,0x0041,0x0041,0x0021,0x0041,0x0041,0x0041,0x0041,0x0041,
  0x0040,0x0040,0x0040,0x0040,0x0040,0x0040,0x0040,0x0040,0x0040,0x0040,0x0040,0x0040,0x0040,0x0040,0x0040,0x0041,
  0x0020,0x0020,0x0061,0x0861,0x0021,0x0041,0x0020,0x0884,0x1106,0x0863,0x0043,0x0864,0x0001,0x0040,0x1081,0x0000,
  0x0001,0x0000,0x1062,0x1042,0x18A4,0x2926,0x2926,0x20C4,0x1042,0x1062,0x0000,0x0801,0x1081,0x1082,0x20A4,0x20C5,
  0x20E3,0x3102,0x3903,0x3923,0x3903,0x3903,0x3923,0x3903,0x3903,0x3103,0x30E3,0x3103,0x30E3,0x30E3,0x30E3,0x30E3,
  0x28E2,0x28C2,0x28C2,0x28C2,0x28C2,0x28C2,0x28C2,0x28A2,0x0080,0x0861,0x1883,0x18A4,0x1883,0x1062,0x18A4,0x20C4,
  0x18A4,0x1884,0x1063,0x18A4,0x1884,0x1884,0x1063,0x1063,0x1883,0x1062,0x1042,0x1062,0x1062,0x0821,0x0821,0x0021,
  0x0000,0x0020,0x0841,0x0021,0x0000,0x1083,0x1063,0x1063,0x20E5,0x20E5,0x1884,0x1042,0x1083,0x0000,0x0000,0x0000,
  0x0000,0x1081,0x18A2,0x1882,0x1881,0x1882,0x1882,0x1882,0x18A2,0x18A2,0x18A2,0x18A2,0x18A2,0x18A1,0x18A1,0x1882,
  0x18A2,0x18A2,0x1882,0x18A2,0x18A2,0x18A2,0x18A2,0x18A2,0x18A2,0x18A2,0x1882,0x1081,0x18A2,0x18C2,0x18A2,0x0863,
  0x0884,0x0843,0x0843,0x0863,0x20A2,0x10A2,0x0000,0x0000,0x0821,0x0000,0x18A3,0x1063,0x1884,0x20A4,0x20C5,0x18A4,
  0x1063,0x1883,0x0000,0x0821,0x3903,0x3903,0x28C2,0x30E3,0x4184,0x5A25,0x51E4,0x51C4,0x49A4,0x4143,0x4143,0x4143,
  0x4143,0x4143,0x4143,0x3923,0x3903,0x3903,0x3903,0x3903,0x3903,0x3103,0x3103,0x3103,0x3103,0x3103,0x3103,0x28E3,
  0x0060,0x0861,0x20E3,0x1063,0x20C3,0x18A3,0x18A4,0x20C4,0x20A4,0x1883,0x1063,0x1884,0x20A4,0x1884,0x1063,0x1063,
  0x1063,0x1062,0x1062,0x1862,0x1882,0x1062,0x0000,0x0841,0x1062,0x1082,0x18A2,0x0821,0x0000,0x1062,0x1883,0x0801,
  0x1043,0x1043,0x0821,0x1863,0x1883,0x0000,0x0000,0x0000,0x0840,0x3123,0x3923,0x3123,0x3103,0x3123,0x3123,0x3123,
  0x3103,0x3103,0x3103,0x3103,0x3103,0x3103,0x3103,0x3103,0x3103,0x3103,0x3103,0x3103,0x3103,0x3103,0x3103,0x3103,
  0x3103,0x3103,0x3123,0x3103,0x3123,0x3923,0x3123,0x0863,0x0885,0x10A4,0x0022,0x20C3,0x4144,0x3123,0x0841,0x0000,
  0x0021,0x0000,0x1883,0x1884,0x0801,0x1043,0x1063,0x0001,0x1883,0x1083,0x0000,0x0841,0x3923,0x4143,0x4143,0x4143,
  0x4163,0x5A25,0x6245,0x6245,0x6245,0x5A25,0x5A24,0x5A04,0x59E4,0x5A04,0x51E4,0x51C4,0x4983,0x4163,0x4163,0x4163,
  0x4143,0x3923,0x3923,0x3903,0x3923,0x3903,0x3903,0x3103,0x0040,0x1081,0x18C2,0x1062,0x18A2,0x20C3,0x1883,0x18A4,
  0x18A3,0x18A3,0x1883,0x1884,0x20A4,0x18A4,0x1883,0x1063,0x1063,0x1042,0x1062,0x1062,0x1061,0x1862,0x1062,0x0821,
  0x0020,0x0000,0x0000,0x0000,0x0000,0x0000,0x20C4,0x1063,0x0822,0x0822,0x1883,0x2905,0x0020,0x0000,0x0000,0x0000,
  0x0020,0x0820,0x0820,0x0020,0x0020,0x0820,0x0820,0x0820,0x0820,0x0020,0x0020,0x0020,0x0020,0x0820,0x0000,0x0000,
  0x0020,0x0000,0x0020,0x0000,0x0020,0x0000,0x0000,0x0020,0x0020,0x0820,0x0820,0x0820,0x0820,0x0020,0x0820,0x0821,
  0x0884,0x18E5,0x0000,0x0820,0x0000,0x0820,0x0820,0x0000,0x0000,0x0000,0x0000,0x28E5,0x1883,0x0821,0x0821,0x1063,
  0x20C4,0x0000,0x0000,0x1061,0x3923,0x3923,0x3923,0x3923,0x3923,0x4123,0x51E4,0x6265,0x6A65,0x6265,0x6265,0x6245,
  0x6245,0x6245,0x6245,0x6265,0x6245,0x5A24,0x5A24,0x5A24,0x5A04,0x51E4,0x51C4,0x49A4,0x4983,0x4163,0x4163,0x4163,
  0x0040,0x18A1,0x20C2,0x0862,0x20E3,0x18A2,0x1043,0x18A3,0x20C3,0x1884,0x18A4,0x1063,0x18A4,0x20A4,0x1063,0x1063,
  0x1063,0x1042,0x0842,0x1042,0x0841,0x1042,0x1042,0x0821,0x0000,0x0000,0x0000,0x0000,0x0001,0x0000,0x0000,0x18A4,
  0x20C4,0x20C4,0x20E4,0x0821,0x0000,0x0001,0x0000,0x0000,0x0000,0x0000,0x0000,0x0000,0x0000,0x0000,0x0000,0x0000,
  0x0000,0x0000,0x0000,0x0000,0x0000,0x0000,0x0000,0x0000,0x0000,0x0000,0x0000,0x0000,0x0000,0x0000,0x0000,0x0000,
  0x0000,0x0000,0x0000,0x0000,0x0000,0x0000,0x0000,0x0820,0x0843,0x10C6,0x0041,0x0000,0x0000,0x0000,0x0000,0x0000,
  0x0000,0x0001,0x0000,0x0020,0x18C4,0x20C4,0x20C4,0x20C4,0x0020,0x0000,0x0021,0x0000,0x1061,0x20A3,0x3103,0x4164,
  0x4123,0x3923,0x4123,0x49A4,0x5A24,0x6245,0x6224,0x6265,0x6245,0x6245,0x6245,0x6245,0x6245,0x6245,0x6245,0x6224,
  0x6245,0x6245,0x6245,0x6245,0x6225,0x5A24,0x5A25,0x5A24,0x18C2,0x18A1,0x20E2,0x1061,0x28E2,0x18A2,0x1042,0x2902,
  0x18A3,0x18A4,0x1063,0x1883,0x1883,0x18A4,0x1883,0x1063,0x1063,0x1063,0x0822,0x0821,0x0821,0x0000,0x0000,0x0000,
  0x0000,0x0000,0x0000,0x0000,0x0000,0x0000,0x0000,0x0000,0x0000,0x0000,0x0000,0x0000,0x0021,0x0000,0x0000,0x0000,
  0x0000,0x0000,0x0000,0x0000,0x0000,0x0000,0x0000,0x0000,0x0000,0x0000,0x0000,0x0000,0x0000,0x0000,0x0000,0x0000,
  0x0000,0x0000,0x0000,0x0000,0x0000,0x0000,0x0000,0x0000,0x0000,0x0000,0x0000,0x0000,0x0000,0x0000,0x0000,0x0000,
  0x0042,0x10C6,0x0863,0x0000,0x0000,0x0000,0x0000,0x0000,0x0000,0x0000,0x0000,0x0000,0x0000,0x0000,0x0000,0x0000,
  0x0000,0x0001,0x0000,0x0000,0x0000,0x0000,0x1882,0x30E3,0x3923,0x4123,0x4123,0x4123,0x4984,0x51E4,0x5A04,0x6245,
  0x6245,0x6245,0x6244,0x6245,0x6245,0x6245,0x6245,0x6244,0x6245,0x6245,0x6245,0x6245,0x6245,0x6245,0x5A25,0x6245,
  0x20E2,0x0841,0x28E2,0x20C2,0x28E2,0x1082,0x20E2,0x2902,0x1064,0x18A2,0x1062,0x1884,0x1062,0x18A4,0x20A4,0x1884,
  0x1063,0x1863,0x1042,0x0821,0x0821,0x0020,0x0000,0x0000,0x0000,0x0000,0x0000,0x0000,0x0000,0x0000,0x0000,0x0000,
  0x0000,0x0000,0x0000,0x0000,0x0000,0x0000,0x0000,0x0000,0x0000,0x0000,0x0000,0x0000,0x0000,0x0000,0x0000,0x0000,
  0x0000,0x0000,0x0000,0x0000,0x0000,0x0000,0x0000,0x0000,0x0000,0x0000,0x0000,0x0000,0x0000,0x0000,0x0000,0x0000,
  0x0000,0x0000,0x0000,0x0000,0x0000,0x0000,0x0000,0x0000,0x0821,0x0862,0x0821,0x0000,0x0000,0x0000,0x0000,0x0000,
  0x0000,0x0000,0x0000,0x0000,0x0000,0x0000,0x0000,0x0000,0x0000,0x0000,0x0000,0x0820,0x0820,0x1061,0x20C2,0x30E3,
  0x3903,0x3923,0x4123,0x3923,0x3923,0x4164,0x4963,0x51C4,0x5A04,0x6245,0x6A65,0x6245,0x6245,0x6245,0x6245,0x6224,
  0x6245,0x6224,0x6245,0x6245,0x6245,0x6245,0x5A24,0x6245,0x3123,0x1061,0x20E2,0x20C2,0x1081,0x1062,0x3943,0x18A3,
  0x1883,0x20E2,0x1063,0x1884,0x1063,0x1063,0x1884,0x1884,0x1884,0x1063,0x1063,0x1043,0x0842,0x1062,0x1042,0x0841,
  0x1041,0x1041,0x1041,0x1061,0x1041,0x1041,0x1041,0x0841,0x0821,0x0841,0x0841,0x1041,0x1061,0x1061,0x1882,0x1862,
  0x1861,0x1882,0x1862,0x1882,0x1882,0x2082,0x1882,0x2082,0x2082,0x20A2,0x2082,0x20A2,0x20A2,0x20A2,0x20A2,0x20A2,
  0x28C2,0x20C2,0x20A2,0x20C2,0x28C2,0x28C2,0x20C2,0x28C2,0x28C2,0x28C2,0x28C2,0x20C2,0x1882,0x1882,0x1882,0x0000,
  0x0000,0x0820,0x1840,0x1041,0x1882,0x1882,0x28C2,0x28E2,0x28E2,0x28E2,0x28E2,0x28C2,0x28C2,0x30E2,0x30E2,0x28E2,
  0x28E2,0x28E2,0x3103,0x3103,0x3903,0x4123,0x3923,0x3923,0x3923,0x3923,0x4123,0x4123,0x4123,0x4163,0x4123,0x4123,
  0x4163,0x49A4,0x59E4,0x5A04,0x5A04,0x6245,0x6245,0x6245,0x6245,0x6225,0x6245,0x6245,0x5A04,0x6245,0x6265,0x6245,
  0x20E2,0x1881,0x2902,0x20E2,0x1061,0x1881,0x3123,0x1043,0x2903,0x18A3,0x1062,0x0841,0x1884,0x1063,0x1042,0x18A4,
  0x18A4,0x1884,0x1883,0x1064,0x1063,0x1042,0x1042,0x1043,0x1043,0x1042,0x1062,0x1061,0x1882,0x1861,0x1882,0x1862,
  0x1861,0x1862,0x1061,0x1862,0x20A2,0x20A2,0x20A2,0x1882,0x20A2,0x2082,0x20A2,0x28C2,0x20A2,0x28A2,0x28A2,0x28C2,
  0x28C2,0x28C2,0x20A2,0x28C2,0x28E3,0x28C2,0x28C2,0x28E3,0x3103,0x30E3,0x28E3,0x28C2,0x28C2,0x28C2,0x30E3,0x30E3,
  0x3103,0x3103,0x3103,0x3103,0x30E3,0x30E3,0x30E3,0x28C2,0x20C2,0x1881,0x1041,0x1861,0x28A2,0x3103,0x3923,0x4123,
  0x4123,0x3923,0x3923,0x3923,0x4123,0x4123,0x4123,0x4123,0x4123,0x4143,0x4143,0x3923,0x3923,0x3923,0x4143,0x3923,
  0x4143,0x3923,0x4123,0x4123,0x4123,0x49A4,0x4143,0x3923,0x4143,0x4143,0x4163,0x49A4,0x49A4,0x49A3,0x51A4,0x59E4,
  0x5A24,0x6245,0x6245,0x6245,0x6245,0x6265,0x6245,0x6244,0x18A2,0x1881,0x20E2,0x18A2,0x0820,0x3123,0x18A2,0x1882,
  0x20E2,0x18A2,0x20C2,0x1063,0x1884,0x1884,0x1063,0x1063,0x1884,0x20A4,0x18A4,0x1884,0x1864,0x1043,0x0842,0x0842,
  0x0842,0x1063,0x1043,0x1042,0x1062,0x1061,0x1061,0x1061,0x1861,0x1861,0x1061,0x1861,0x1882,0x2082,0x2082,0x1882,
  0x2082,0x20A2,0x20A2,0x28A2,0x28A2,0x20A2,0x20A2,0x20A2,0x28C2,0x28C2,0x20A2,0x20A2,0x28A2,0x28C2,0x28C3,0x20A2,
  0x28C2,0x28C2,0x20C2,0x28C3,0x28C2,0x28A2,0x28C3,0x28C2,0x28E2,0x3103,0x30E3,0x30E3,0x3103,0x3103,0x3103,0x3103,
  0x3903,0x3103,0x3103,0x3103,0x3923,0x3903,0x3903,0x3923,0x3923,0x3923,0x30E3,0x3903,0x3923,0x3923,0x3923,0x3923,
  0x3923,0x3923,0x3923,0x3923,0x3923,0x3923,0x4143,0x3923,0x3923,0x3923,0x4123,0x4123,0x3923,0x3923,0x3923,0x4123,
  0x4123,0x4143,0x4164,0x3943,0x3923,0x3923,0x4163,0x4163,0x4163,0x4163,0x51C4,0x5A04,0x5A04,0x5A24,0x6245,0x6245,
  0x18A1,0x18A1,0x18A2,0x1061,0x1881,0x3122,0x0840,0x28E2,0x18A1,0x20C2,0x1063,0x20C3,0x1081,0x1063,0x1063,0x1063,
  0x1884,0x18A4,0x18A4,0x1884,0x1883,0x1884,0x1884,0x1063,0x1042,0x1042,0x1043,0x1864,0x1063,0x0821,0x1882,0x1882,
  0x1882,0x1861,0x1882,0x1882,0x1862,0x1882,0x1882,0x20A2,0x2082,0x20A2,0x20A2,0x20A2,0x20A2,0x20A2,0x28A2,0x28A2,
  0x20A2,0x20A2,0x28C3,0x20A2,0x28C2,0x28C2,0x20A2,0x20A2,0x20A2,0x28C2,0x28C2,0x28C3,0x28C3,0x28E3,0x28C2,0x28C2,
  0x28C2,0x3103,0x3103,0x3103,0x3103,0x3103,0x3103,0x3103,0x3103,0x3103,0x3923,0x3903,0x3923,0x3923,0x3903,0x3123,
  0x3903,0x3923,0x3923,0x3923,0x3923,0x3923,0x3923,0x3923,0x3923,0x3923,0x3923,0x3923,0x3923,0x3923,0x3923,0x3923,
  0x3923,0x3923,0x3923,0x4123,0x3923,0x3923,0x3923,0x3923,0x4123,0x3923,0x3923,0x3943,0x3923,0x4143,0x4143,0x3923,
  0x3923,0x3923,0x3923,0x4163,0x4983,0x4983,0x49A4,0x51C4,0x1061,0x20C2,0x1061,0x0020,0x20C2,0x1881,0x20A1,0x1881,
  0x1881,0x1061,0x28E3,0x20C2,0x1883,0x1063,0x1043,0x1043,0x1884,0x1884,0x1884,0x1884,0x1884,0x1884,0x1863,0x1063,
  0x1063,0x1063,0x1042,0x1864,0x1063,0x1043,0x1042,0x1862,0x1862,0x1882,0x1861,0x1882,0x1862,0x1061,0x1861,0x1862,
  0x1862,0x1882,0x2082,0x2082,0x20A2,0x2082,0x20A2,0x20A2,0x20A2,0x20A2,0x20A2,0x20A2,0x28C3,0x20A2,0x20A2,0x20C2,
  0x20A2,0x28A2,0x28A2,0x20A2,0x20A2,0x28C2,0x28C2,0x28E3,0x28E2,0x28E2,0x30E3,0x3103,0x3103,0x3103,0x3103,0x30E3,
  0x3103,0x3103,0x3103,0x3903,0x3923,0x3923,0x3903,0x3923,0x3923,0x3923,0x3923,0x3923,0x3923,0x3923,0x3923,0x3923,
  0x3923,0x3923,0x4123,0x4143,0x3923,0x3923,0x3923,0x4143,0x4143,0x4143,0x4143,0x4123,0x4123,0x3923,0x3923,0x4143,
  0x4143,0x3923,0x4143,0x4143,0x3923,0x3923,0x3923,0x4143,0x4143,0x3923,0x3923,0x4123,0x4123,0x3923,0x4123,0x4143,
  0x0840,0x20C2,0x0000,0x0840,0x1061,0x1061,0x1881,0x18A1,0x20E2,0x20E2,0x1882,0x1063,0x1063,0x1063,0x1884,0x1063,
  0x1884,0x1884,0x1884,0x1884,0x18A4,0x1884,0x1884,0x1884,0x1884,0x1063,0x1043,0x1063,0x1063,0x1063,0x1063,0x1042,
  0x1041,0x1882,0x2082,0x1882,0x1882,0x1061,0x1882,0x1882,0x1882,0x1882,0x1882,0x2082,0x20A2,0x1882,0x20A2,0x20A2,
  0x20C3,0x28C2,0x20A2,0x20A2,0x20A3,0x20A2,0x20A2,0x20A2,0x20A2,0x28A2,0x20A2,0x28C2,0x20A2,0x20A2,0x28C2,0x28C2,
  0x28E3,0x28C2,0x28C2,0x28C2,0x28E2,0x3103,0x3103,0x3903,0x3923,0x3923,0x3103,0x3103,0x3923,0x3923,0x3923,0x3923,
  0x3923,0x3923,0x3943,0x3923,0x3923,0x3923,0x3923,0x3923,0x3923,0x3943,0x3923,0x3943,0x3923,0x3923,0x4123,0x3102,
  0x3963,0x3923,0x3943,0x4143,0x3923,0x3923,0x3923,0x3923,0x3923,0x3923,0x3923,0x3923,0x3923,0x3923,0x3923,0x4123,
  0x4143,0x4143,0x3923,0x4164,0x4143,0x3923,0x4143,0x4143,0x0000,0x1881,0x0000,0x0840,0x0000,0x0820,0x18A2,0x20C1,
  0x1061,0x0841,0x1062,0x18A2,0x1061,0x0842,0x1863,0x1884,0x1884,0x1063,0x1063,0x1063,0x1884,0x18A4,0x1884,0x1864,
  0x1864,0x1063,0x1063,0x1043,0x1043,0x1063,0x1063,0x0843,0x1063,0x1042,0x1862,0x1882,0x1882,0x1862,0x1861,0x1882,
  0x1882,0x2082,0x1882,0x1882,0x2082,0x20A3,0x20A2,0x2082,0x20A2,0x20A2,0x20A2,0x20A2,0x20A2,0x20A2,0x20A2,0x20A2,
  0x20A2,0x28A2,0x28C2,0x28C3,0x28A2,0x20A2,0x28C2,0x28C2,0x20A2,0x20C2,0x28C2,0x28C2,0x28C2,0x28C2,0x28C2,0x28C2,
  0x28E3,0x28E3,0x30E3,0x30E3,0x3923,0x3923,0x3923,0x3923,0x3923,0x3923,0x3923,0x3103,0x3903,0x3923,0x3923,0x3103,
  0x3923,0x3923,0x3903,0x3923,0x4143,0x4143,0x4143,0x3123,0x2902,0x3963,0x20C2,0x3123,0x28E2,0x4123,0x3923,0x3923,
  0x3923,0x3923,0x3923,0x3923,0x3923,0x3903,0x3103,0x3923,0x3923,0x4143,0x3923,0x3923,0x4123,0x4143,0x3923,0x4143,
  0x0820,0x0820,0x0841,0x0000,0x0840,0x1061,0x1881,0x1061,0x18A1,0x18A1,0x1881,0x1061,0x1062,0x1884,0x1043,0x0842,
  0x1063,0x1063,0x1063,0x1063,0x1063,0x1884,0x1884,0x1884,0x1884,0x1884,0x1884,0x1864,0x1063,0x1042,0x0842,0x0842,
  0x1063,0x1884,0x1043,0x0822,0x1061,0x1862,0x1861,0x1861,0x1061,0x1882,0x1862,0x1882,0x1882,0x2082,0x1882,0x20A2,
  0x20A2,0x2082,0x20A2,0x20A2,0x20A2,0x20A2,0x20A2,0x20A2,0x20A2,0x20A2,0x28A2,0x20A2,0x20A2,0x20A2,0x28A2,0x28A2,
  0x28A2,0x20C2,0x20C2,0x28C3,0x28C3,0x28E3,0x28E3,0x28E3,0x28C2,0x28C2,0x28E3,0x28E3,0x28C2,0x30E3,0x3103,0x3103,
  0x3103,0x3103,0x3923,0x3903,0x3923,0x3923,0x3903,0x3923,0x3923,0x3923,0x3923,0x4143,0x3923,0x3943,0x3943,0x3122,
  0x2902,0x28E2,0x28E2,0x2902,0x3923,0x4163,0x3923,0x3923,0x3923,0x3923,0x4123,0x3923,0x3923,0x3923,0x3923,0x3923,
  0x4143,0x4123,0x3923,0x3923,0x3923,0x4143,0x4143,0x4123,0x0000,0x1041,0x1881,0x0020,0x1061,0x1061,0x1061,0x1881,
  0x20A1,0x1881,0x0841,0x0841,0x1042,0x1884,0x1884,0x1863,0x1063,0x1063,0x1863,0x1884,0x1884,0x1063,0x1063,0x18A4,
  0x18A4,0x18A4,0x1884,0x1864,0x1884,0x1063,0x1043,0x1042,0x1063,0x1063,0x1063,0x1063,0x1042,0x1042,0x1062,0x1861,
  0x1882,0x1861,0x1861,0x20A2,0x1882,0x1882,0x1882,0x1882,0x20A2,0x20A2,0x20A2,0x20A2,0x20A2,0x20A2,0x20A2,0x20A2,
  0x20A2,0x28A2,0x28A2,0x28A2,0x20A2,0x20A2,0x20A2,0x20A2,0x28C2,0x20A2,0x20A2,0x28C2,0x28C2,0x28C2,0x28C2,0x28E3,
  0x28E3,0x30E3,0x30E3,0x30E3,0x28C3,0x28C3,0x28C3,0x3103,0x30E3,0x28E3,0x28E3,0x3103,0x3103,0x3903,0x3923,0x3903,
  0x3923,0x3923,0x3903,0x4143,0x3923,0x3123,0x3142,0x28E2,0x20C2,0x1061,0x20A1,0x20C2,0x3122,0x3903,0x3923,0x3923,
  0x3103,0x3923,0x3923,0x3923,0x3923,0x3923,0x3923,0x3923,0x4143,0x3923,0x3923,0x3923,0x3923,0x3923,0x3923,0x3923,
  0x0841,0x1881,0x0820,0x0840,0x1041,0x1061,0x1061,0x1061,0x1061,0x1882,0x0861,0x0841,0x1043,0x1063,0x1884,0x1884,
  0x1884,0x1864,0x1884,0x1884,0x1884,0x1884,0x18A4,0x1063,0x1884,0x18A4,0x18A4,0x1884,0x1884,0x1884,0x1884,0x1063,
  0x1063,0x1063,0x1063,0x1063,0x1864,0x1043,0x0843,0x1042,0x1062,0x1882,0x2082,0x2082,0x1882,0x1882,0x1882,0x20A2,
  0x2083,0x20A2,0x20A2,0x20A2,0x20A2,0x20A2,0x2082,0x20A2,0x28A2,0x28A2,0x20A2,0x20A2,0x28A2,0x20A2,0x20A2,0x20A2,
  0x20A2,0x20A2,0x20C2,0x20C2,0x20A2,0x28E3,0x28C2,0x28C2,0x28E3,0x28C2,0x20C2,0x30E3,0x28E3,0x28C2,0x28E3,0x30E3,
  0x28C3,0x28E3,0x3103,0x3103,0x30E3,0x30E3,0x3923,0x3923,0x3923,0x3103,0x3103,0x3103,0x3923,0x3102,0x2902,0x20C2,
  0x1881,0x1081,0x1061,0x18A2,0x20A2,0x3923,0x3923,0x3903,0x3923,0x3923,0x3903,0x3923,0x3923,0x3923,0x3923,0x3923,
  0x4143,0x3923,0x3923,0x3923,0x3923,0x3923,0x3923,0x3923,0x0020,0x0020,0x0000,0x0000,0x0841,0x0841,0x0841,0x0841,
  0x0842,0x0842,0x0842,0x0842,0x1062,0x1063,0x1864,0x1864,0x1863,0x1884,0x1063,0x1884,0x1063,0x1062,0x1863,0x1884,
  0x1063,0x1043,0x1063,0x1884,0x1884,0x1884,0x1884,0x1884,0x1864,0x1864,0x1063,0x1043,0x1063,0x1063,0x1043,0x1063,
  0x1063,0x1042,0x1862,0x2082,0x2082,0x2082,0x1862,0x1882,0x20A2,0x1882,0x1882,0x20A2,0x20A2,0x2082,0x20A2,0x2082,
  0x20A2,0x20A2,0x20A2,0x2082,0x2082,0x28A2,0x20A2,0x20A2,0x20A2,0x20A2,0x20A2,0x20A2,0x20A2,0x28A2,0x20A2,0x28C2,
  0x28C2,0x20A2,0x20A2,0x20A2,0x28C2,0x28C2,0x28C3,0x28C2,0x28C2,0x28C3,0x3103,0x30E3,0x28E3,0x28C3,0x3103,0x28E3,
  0x1061,0x28E3,0x28E3,0x1862,0x3103,0x28C2,0x1881,0x1881,0x1061,0x0820,0x0841,0x1061,0x20A2,0x3123,0x3923,0x3103,
  0x3903,0x3923,0x4143,0x3923,0x3923,0x3923,0x4143,0x3923,0x3923,0x3923,0x3923,0x3923,0x3923,0x3923,0x3923,0x4123,
  0x0000,0x0000,0x0000,0x0000,0x0021,0x0000,0x0021,0x0842,0x0842,0x0862,0x0842,0x28E3,0x3123,0x1042,0x1884,0x1063,
  0x1882,0x1882,0x28E2,0x1064,0x20A2,0x20C2,0x1062,0x20A4,0x18A4,0x1063,0x1043,0x1042,0x1063,0x1884,0x1884,0x1884,
  0x1884,0x1884,0x1884,0x1063,0x0842,0x1043,0x1063,0x1863,0x1063,0x1063,0x1043,0x1042,0x1861,0x1882,0x2082,0x1882,
  0x1882,0x1882,0x2082,0x1882,0x20A2,0x2082,0x20A2,0x1882,0x20A2,0x20A2,0x20A2,0x20A2,0x2082,0x20A2,0x28E3,0x20A2,
  0x28C2,0x20A2,0x20A2,0x20A2,0x2082,0x28A3,0x20A2,0x20A2,0x20A2,0x20A2,0x20C2,0x20A2,0x28C2,0x28C2,0x28C2,0x28C2,
  0x20A2,0x3103,0x2903,0x28C2,0x28E3,0x28C3,0x28E3,0x2082,0x1041,0x1041,0x1862,0x20C2,0x3923,0x3103,0x1861,0x0841,
  0x0000,0x0000,0x0000,0x1861,0x28C3,0x3923,0x3923,0x3923,0x3923,0x3923,0x3923,0x3923,0x3923,0x3923,0x3923,0x3923,
  0x3923,0x3923,0x3103,0x3923,0x3923,0x4123,0x4143,0x3923,0x0020,0x0000,0x0841,0x0820,0x0021,0x2903,0x1882,0x0821,
  0x0842,0x0842,0x0842,0x0841,0x1062,0x0842,0x1063,0x1063,0x20C2,0x20C2,0x28E2,0x1063,0x3102,0x28E2,0x1062,0x18A3,
  0x1884,0x18A4,0x1884,0x1063,0x1063,0x1063,0x1884,0x1884,0x1884,0x1864,0x1884,0x1884,0x1864,0x1063,0x0842,0x1043,
  0x1063,0x1063,0x1864,0x1043,0x0842,0x1062,0x1061,0x1882,0x1061,0x1882,0x1882,0x1862,0x1882,0x2082,0x1882,0x2082,
  0x2082,0x1882,0x20A2,0x20A2,0x20A2,0x2082,0x20A2,0x20A2,0x20A2,0x20A2,0x20A2,0x20A2,0x20A2,0x20A2,0x20A2,0x20A2,
  0x20A2,0x20A2,0x28C2,0x20A2,0x28A2,0x20A2,0x20A2,0x1061,0x20C2,0x3123,0x20C2,0x20A2,0x28E3,0x28C2,0x28E3,0x30E3,
  0x30E3,0x28C3,0x28C2,0x30E2,0x28E3,0x28E3,0x20A2,0x1882,0x2082,0x20A2,0x28E3,0x30E3,0x30E3,0x3923,0x3923,0x3923,
  0x3903,0x3923,0x3923,0x3923,0x3923,0x3923,0x3923,0x3923,0x3923,0x3923,0x3903,0x3923,0x3923,0x3923,0x3923,0x3923,
  0x1883,0x1061,0x20E2,0x1081,0x0822,0x3123,0x18C2,0x0862,0x1042,0x1063,0x1884,0x1884,0x1083,0x0842,0x1063,0x1063,
  0x18A2,0x20C2,0x2902,0x0841,0x3122,0x20A1,0x28E2,0x1883,0x1064,0x1863,0x18A3,0x18A4,0x1884,0x18A4,0x1884,0x1884,
  0x1884,0x1884,0x1863,0x1884,0x1884,0x1884,0x1864,0x1063,0x1043,0x1063,0x1884,0x1063,0x1063,0x1063,0x0842,0x0821,
  0x0821,0x1061,0x1861,0x1862,0x1862,0x1882,0x1882,0x2082,0x20A2,0x1882,0x2082,0x20A2,0x20A2,0x20A2,0x20A2,0x20A2,
  0x20A2,0x20A2,0x2082,0x20A2,0x20A2,0x20A2,0x20A2,0x20A2,0x20A2,0x20A2,0x20A2,0x20A2,0x20A2,0x1061,0x1862,0x1882,
  0x2082,0x1862,0x1882,0x20A2,0x28E3,0x28C2,0x20A2,0x28C2,0x28C3,0x20C2,0x28E3,0x28C2,0x28C2,0x20C2,0x28E3,0x28E2,
  0x28E2,0x3103,0x3903,0x30E3,0x28C3,0x30E3,0x3923,0x3103,0x3103,0x3103,0x3103,0x3923,0x3923,0x3923,0x3923,0x3903,
  0x3923,0x3923,0x3923,0x3923,0x3923,0x3923,0x3923,0x3923,0x1883,0x1882,0x28E2,0x18A2,0x0021,0x3123,0x1061,0x18A2,
  0x1063,0x1864,0x1063,0x1884,0x1884,0x1081,0x1042,0x1063,0x20C2,0x18A1,0x3122,0x0861,0x3102,0x28E2,0x20A2,0x1061,
  0x1063,0x28E2,0x1882,0x18A4,0x20A4,0x20C4,0x20E4,0x20E5,0x20C4,0x1864,0x1884,0x1884,0x1063,0x1883,0x1063,0x1884,
  0x1884,0x1063,0x1064,0x1063,0x1063,0x1063,0x1063,0x0842,0x1043,0x0822,0x0821,0x1041,0x1061,0x1882,0x1882,0x1862,
  0x1862,0x20A2,0x2082,0x2082,0x2082,0x20A2,0x20A2,0x20A2,0x28C2,0x20A2,0x20A2,0x20A2,0x20A2,0x28A2,0x20A2,0x20A2,
  0x20A2,0x20C2,0x20A2,0x28C2,0x1862,0x1862,0x28A2,0x20A2,0x2082,0x20A2,0x2903,0x20A2,0x20A2,0x20A2,0x20A2,0x28C2,
  0x28C3,0x20A2,0x28C2,0x28C2,0x28C2,0x28C2,0x28C2,0x28C2,0x20C2,0x28E3,0x28E3,0x20C2,0x28E3,0x30E3,0x3103,0x28E3,
  0x30E3,0x28C2,0x28E3,0x3103,0x3923,0x3103,0x3923,0x3923,0x3923,0x3923,0x3923,0x3923,0x3923,0x3923,0x3923,0x3923,
  0x1062,0x18A2,0x28E2,0x3102,0x0821,0x3123,0x1881,0x1882,0x1063,0x1863,0x1082,0x1063,0x1064,0x1882,0x1881,0x0000,
  0x20C2,0x1081,0x2902,0x1061,0x2902,0x1061,0x1061,0x1061,0x20C2,0x20C2,0x1063,0x1884,0x1883,0x18A4,0x20C4,0x20C4,
  0x20C4,0x20C4,0x1884,0x1883,0x1063,0x1063,0x1063,0x1063,0x1884,0x1884,0x1063,0x1063,0x1063,0x1063,0x1063,0x1064,
  0x1064,0x1043,0x0842,0x1042,0x0821,0x1061,0x1882,0x1862,0x20A2,0x1882,0x1882,0x2082,0x2082,0x1882,0x20A2,0x2082,
  0x2082,0x20A2,0x2082,0x20A2,0x20A2,0x20A2,0x20A2,0x20A2,0x20A2,0x20A2,0x20A2,0x1861,0x1061,0x20A2,0x20A2,0x2082,
  0x1862,0x1061,0x20A2,0x20A2,0x20A2,0x20A2,0x20A2,0x20A2,0x20C2,0x20C2,0x20A2,0x20A2,0x20A2,0x20A2,0x20A2,0x28C2,
  0x28C3,0x20A2,0x28E3,0x28E3,0x28C3,0x20C2,0x28C2,0x28C2,0x28E3,0x28C3,0x30E3,0x30E3,0x28E3,0x3103,0x28E3,0x28E3,
  0x3103,0x3103,0x3103,0x3103,0x3923,0x3923,0x3903,0x3103,0x0841,0x20C2,0x1881,0x2902,0x1061,0x2902,0x0861,0x1061,
  0x1882,0x18A2,0x1062,0x1042,0x1062,0x1062,0x20C2,0x0000,0x20C2,0x1061,0x2902,0x28E2,0x20A2,0x0020,0x1061,0x20C2,
  0x28E2,0x1062,0x1082,0x1062,0x18A3,0x1884,0x18A4,0x18A4,0x20A4,0x20A4,0x20C4,0x20C4,0x20C4,0x20A4,0x18A4,0x1063,
  0x1043,0x1863,0x1884,0x1884,0x1884,0x1063,0x1042,0x1063,0x1064,0x1064,0x1063,0x1063,0x0843,0x1042,0x1862,0x1882,
  0x2082,0x1882,0x1882,0x1882,0x20A2,0x20A2,0x20A2,0x20A2,0x2082,0x20A2,0x2082,0x2082,0x20A2,0x20A2,0x20A3,0x20A2,
  0x20A2,0x20A2,0x20A2,0x20A2,0x20A2,0x20A2,0x20A2,0x20A2,0x20A2,0x20A2,0x20A2,0x20A2,0x20A2,0x20A2,0x20A2,0x20A2,
  0x2082,0x20A2,0x20C2,0x20A2,0x20A2,0x20A2,0x20C2,0x20A2,0x28C2,0x20C2,0x28C2,0x28E2,0x20A2,0x2082,0x20C2,0x28C2,
  0x28C2,0x28E3,0x20C2,0x0841,0x0841,0x20A2,0x1881,0x28E3,0x28E3,0x28C2,0x20C2,0x3103,0x3103,0x3923,0x3923,0x3123,
  0x0840,0x20E2,0x1061,0x2902,0x1881,0x20E2,0x0000,0x1881,0x20A1,0x20A2,0x0842,0x0021,0x1061,0x0842,0x20A1,0x0820,
  0x20A2,0x1881,0x28E2,0x3943,0x1061,0x0000,0x1041,0x2902,0x1882,0x18A2,0x20C1,0x20E2,0x1062,0x1884,0x1884,0x1884,
  0x18A4,0x20A4,0x20C4,0x20C4,0x20C4,0x20C4,0x20C5,0x20C4,0x18A4,0x1864,0x1063,0x0842,0x1884,0x1884,0x1063,0x1043,
  0x1063,0x1864,0x1864,0x1864,0x1864,0x1063,0x0842,0x1041,0x1862,0x1882,0x2082,0x2082,0x1882,0x20A2,0x20A2,0x20A2,
  0x20A2,0x2082,0x20A2,0x20A2,0x20A2,0x20A2,0x20A2,0x20A2,0x20A2,0x20A2,0x20C2,0x20A2,0x20A2,0x20A2,0x20A2,0x20A2,
  0x20A2,0x20A2,0x20A2,0x20A2,0x20A2,0x20C2,0x1882,0x1061,0x1882,0x1862,0x2082,0x20A2,0x20A2,0x20A2,0x20A2,0x20A2,
  0x20A2,0x20C2,0x20C2,0x28C2,0x28C3,0x20A2,0x2082,0x20C2,0x28C2,0x28E3,0x20A2,0x20A2,0x20A2,0x20C2,0x28E3,0x28E3,
  0x28C2,0x28C2,0x28E3,0x28E3,0x20C2,0x28E3,0x3103,0x3103,0x0000,0x20E2,0x1061,0x3143,0x20C2,0x1081,0x0000,0x1881,
  0x20C2,0x1062,0x1882,0x1881,0x18A2,0x0840,0x1061,0x1061,0x1060,0x2902,0x1881,0x4163,0x1041,0x1061,0x20C2,0x20C2,
  0x1881,0x20C2,0x28E2,0x20A1,0x1081,0x1883,0x20A4,0x20A4,0x20C4,0x20A4,0x18A4,0x20C4,0x20C4,0x20C5,0x20C5,0x20C5,
  0x20C5,0x20C5,0x1063,0x1063,0x1062,0x1063,0x1063,0x1063,0x1063,0x1864,0x1063,0x1863,0x1864,0x1064,0x1064,0x1043,
  0x0842,0x1061,0x2082,0x2082,0x2082,0x20A2,0x1882,0x20A2,0x20A2,0x2082,0x20A2,0x20A2,0x20A2,0x20A2,0x20A2,0x20A2,
  0x20A2,0x20A2,0x20A2,0x20A2,0x20A2,0x20A2,0x20A2,0x20A2,0x20A2,0x20A2,0x20A2,0x20A2,0x20A2,0x20A2,0x20A2,0x1882,
  0x1862,0x1882,0x20A2,0x20A2,0x20A2,0x20A2,0x20A2,0x20A2,0x20A2,0x20A2,0x28C2,0x28C2,0x28C2,0x28C3,0x20A2,0x20C2,
  0x28C2,0x28E3,0x28C2,0x28E3,0x28E3,0x28C2,0x28E3,0x28E2,0x28E3,0x28E3,0x30E3,0x28C3,0x28C3,0x28E3,0x30E3,0x28E3,
  0x0000,0x20C2,0x18A1,0x28E2,0x20C2,0x0840,0x0841,0x20C2,0x20A2,0x1061,0x1881,0x20C2,0x0840,0x1061,0x0820,0x1881,
  0x0820,0x3963,0x18A1,0x28E2,0x1041,0x3102,0x28E2,0x0020,0x1061,0x1061,0x20C2,0x20C1,0x1062,0x1063,0x1863,0x1884,
  0x18A4,0x18A4,0x20A4,0x1884,0x1883,0x1884,0x1063,0x1884,0x1884,0x18A4,0x1884,0x1884,0x1063,0x1063,0x1063,0x1063,
  0x1884,0x1864,0x1063,0x1063,0x1864,0x1063,0x1063,0x1064,0x1063,0x0842,0x1061,0x1862,0x1882,0x2082,0x2082,0x1882,
  0x2082,0x2082,0x20A2,0x20A2,0x20A2,0x20A2,0x20A2,0x2082,0x20A2,0x20A2,0x20A2,0x20A2,0x20A2,0x20A2,0x20A2,0x20A2,
  0x20A2,0x20A2,0x20A2,0x20A2,0x20A2,0x20A2,0x20A2,0x20A2,0x20C2,0x20A2,0x20A2,0x20A2,0x20A2,0x20A2,0x20A2,0x20A2,
  0x20A2,0x28A2,0x20A2,0x20C2,0x20A2,0x20A2,0x20A2,0x28C2,0x20C2,0x20C2,0x20C2,0x28C2,0x20C2,0x28E3,0x28C3,0x20C2,
  0x28C2,0x28C2,0x28E3,0x28C3,0x3103,0x28E3,0x28E3,0x20C2,0x0840,0x1881,0x28E2,0x18A1,0x20C2,0x0840,0x28C2,0x20C2,
  0x0841,0x1061,0x1881,0x1041,0x18A2,0x0820,0x0020,0x1881,0x0840,0x28E2,0x20E2,0x18A2,0x1061,0x3943,0x0820,0x0000,
  0x1061,0x1881,0x20C2,0x1041,0x1062,0x1882,0x1063,0x1884,0x1063,0x1063,0x3144,0x1882,0x1061,0x1883,0x20C2,0x1882,
  0x18A3,0x1884,0x1884,0x1884,0x1884,0x1884,0x1884,0x1864,0x1063,0x1063,0x1063,0x1063,0x1064,0x1063,0x1063,0x1063,
  0x1063,0x1063,0x0842,0x0841,0x1061,0x1041,0x1862,0x2082,0x2082,0x2082,0x2082,0x2082,0x20A2,0x20A2,0x20A2,0x20A2,
  0x2082,0x20A2,0x2082,0x20A2,0x20A2,0x20A2,0x20A2,0x20A2,0x20A2,0x20A2,0x20A2,0x20A2,0x20A2,0x20A2,0x20A2,0x20A2,
  0x20A2,0x20A2,0x20A2,0x20A2,0x20A2,0x20A2,0x20A2,0x20A2,0x20A2,0x20C2,0x20A2,0x20A2,0x20A2,0x20C2,0x20A2,0x28C2,
  0x20A2,0x2082,0x28C2,0x28C2,0x20A2,0x28C2,0x20C2,0x20C2,0x28E3,0x28C2,0x28C2,0x28C2,0x28E3,0x28E3,0x28E3,0x20C2,
  0x18A1,0x0840,0x2902,0x1081,0x20A2,0x1061,0x3943,0x0820,0x0020,0x1061,0x0841,0x0000,0x0000,0x1061,0x0000,0x0840,
  0x1061,0x0820,0x20C2,0x20C2,0x20C2,0x28E2,0x0000,0x20A2,0x1061,0x1881,0x1061,0x18A2,0x20C2,0x0841,0x0842,0x0842,
  0x1882,0x0841,0x2923,0x20C2,0x1041,0x1061,0x20C2,0x20C2,0x1883,0x1884,0x1884,0x1884,0x18A4,0x18A4,0x1864,0x1884,
  0x1884,0x1864,0x1063,0x1063,0x1064,0x1064,0x1063,0x1063,0x1063,0x1043,0x1064,0x1063,0x0842,0x0821,0x1041,0x1061,
  0x1882,0x2082,0x1882,0x2082,0x2082,0x2082,0x2082,0x20A2,0x20A2,0x20A2,0x2082,0x20A2,0x20A2,0x2082,0x2082,0x20A2,
  0x20A2,0x20A2,0x20A2,0x2082,0x20A2,0x20A2,0x20A2,0x20A2,0x20A2,0x20A2,0x20A2,0x20A2,0x20A2,0x20A2,0x20A2,0x20A2,
  0x20A2,0x20A2,0x20A2,0x20C2,0x20A2,0x20A2,0x28C2,0x20A2,0x20C2,0x20C3,0x20A2,0x28E3,0x28C3,0x28C3,0x28C2,0x28C2,
  0x20C2,0x20A2,0x28E3,0x28C3,0x28C3,0x20C2,0x28C2,0x20C2,0x20A2,0x0820,0x1881,0x1881,0x1081,0x20A1,0x28E2,0x0000,
  0x1881,0x0000,0x0000,0x20C2,0x20E2,0x1061,0x0840,0x0820,0x1041,0x0840,0x1061,0x20C2,0x20A2,0x0820,0x1061,0x1061,
  0x20E2,0x3123,0x20E2,0x0840,0x0000,0x0841,0x0021,0x0841,0x20E3,0x0841,0x18A2,0x3122,0x0840,0x20C2,0x20C1,0x28E2,
  0x1062,0x28E3,0x18A3,0x1063,0x1884,0x18A4,0x1884,0x1884,0x1864,0x1884,0x1884,0x1063,0x1063,0x1063,0x1063,0x1864,
  0x1864,0x1864,0x1063,0x1063,0x1063,0x1042,0x1042,0x1041,0x1862,0x1862,0x1882,0x1862,0x1882,0x2082,0x2082,0x2082,
  0x20A2,0x20A2,0x20A2,0x20A2,0x20A2,0x20A2,0x20A2,0x20A2,0x20A2,0x20A2,0x20A2,0x20A2,0x20A2,0x20A2,0x20A2,0x20A2,
  0x20A2,0x20A2,0x20A2,0x20A2,0x20A2,0x20A2,0x20A2,0x20A2,0x20A2,0x20A2,0x20A2,0x20A2,0x20A2,0x20A2,0x20A2,0x20A2,
  0x20C2,0x20C2,0x20A2,0x28C2,0x20C2,0x20C2,0x20C2,0x20C2,0x28C2,0x20C2,0x20C2,0x28C2,0x28E3,0x20C2,0x20C2,0x20C2,
  0x1041,0x1061,0x0840,0x18A2,0x1061,0x1881,0x0840,0x1061,0x1061,0x1061,0x20C2,0x1081,0x0820,0x0820,0x0000,0x0840,
  0x1041,0x0020,0x0000,0x0840,0x0000,0x0020,0x1061,0x20A2,0x18A1,0x1040,0x0020,0x0861,0x18A1,0x0841,0x0000,0x0000,
  0x1081,0x1061,0x1041,0x3122,0x0820,0x20E2,0x20E2,0x28E2,0x1061,0x3943,0x1063,0x1063,0x1884,0x1063,0x1884,0x18A4,
  0x1884,0x1884,0x1884,0x1884,0x1063,0x1063,0x1063,0x1063,0x1063,0x1063,0x1063,0x1063,0x1063,0x1064,0x1063,0x0842,
  0x1041,0x1061,0x1861,0x1862,0x1861,0x1861,0x1882,0x2082,0x2082,0x20A2,0x2082,0x2082,0x20A2,0x20A2,0x20A2,0x20A2,
  0x20A2,0x20A2,0x20A2,0x20A2,0x2082,0x20A2,0x20A2,0x20A2,0x20A2,0x20A2,0x20A2,0x20A2,0x20A2,0x20A2,0x20A2,0x20A2,
  0x20A2,0x20A2,0x20A2,0x20A2,0x20A2,0x20A2,0x20A2,0x20A2,0x20C2,0x20C2,0x20A2,0x20C2,0x20C2,0x20C2,0x20A2,0x20C2,
  0x20C2,0x20A2,0x20C2,0x28E3,0x20C2,0x20C2,0x20C2,0x20C2,0x1061,0x1061,0x0820,0x0840,0x0841,0x0020,0x1061,0x1861,
  0x1061,0x1061,0x0020,0x0020,0x0841,0x1881,0x1061,0x0820,0x0841,0x0820,0x0000,0x0820,0x0000,0x0841,0x1061,0x1041,
  0x0841,0x1881,0x20E2,0x20C2,0x0841,0x0841,0x20E2,0x0000,0x1041,0x0820,0x0841,0x20E2,0x0000,0x18A2,0x20A1,0x2902,
  0x2902,0x20A1,0x1882,0x1062,0x1064,0x1884,0x1063,0x1884,0x1063,0x1883,0x18A4,0x1884,0x1884,0x1884,0x1864,0x1063,
  0x1063,0x1063,0x1063,0x1063,0x1063,0x1063,0x1063,0x1063,0x1042,0x0841,0x1041,0x1061,0x1061,0x1041,0x1861,0x2082,
  0x2082,0x20A2,0x20A2,0x2082,0x20A2,0x20A2,0x20A2,0x20A2,0x20A2,0x20A2,0x1882,0x20A2,0x20A2,0x20A2,0x20A2,0x20A2,
  0x20A2,0x20A2,0x20A2,0x1882,0x20A2,0x20A2,0x20A2,0x20A2,0x20A2,0x20A2,0x20A2,0x20A2,0x20C2,0x20A2,0x20A2,0x20A2,
  0x20A2,0x20A2,0x20A2,0x20C2,0x20C2,0x20A2,0x20C2,0x20A2,0x20A2,0x20A2,0x20C2,0x20A2,0x20C2,0x20C2,0x20A2,0x20A2,
  0x0000,0x1881,0x0020,0x0000,0x1061,0x0000,0x0020,0x0841,0x1061,0x1881,0x18A2,0x18A2,0x18A2,0x0820,0x0000,0x0841,
  0x1061,0x0840,0x1041,0x1881,0x0000,0x0820,0x1041,0x1881,0x1081,0x1061,0x0820,0x0000,0x0000,0x0000,0x20C2,0x20A1,
  0x0020,0x0020,0x0000,0x18A1,0x0840,0x1881,0x20C2,0x3103,0x28E2,0x1040,0x20C2,0x1864,0x1063,0x1863,0x1063,0x1063,
  0x1063,0x0842,0x1063,0x1884,0x1884,0x1884,0x1884,0x1884,0x1864,0x1063,0x1063,0x1063,0x1063,0x1063,0x1063,0x1063,
  0x1063,0x1063,0x1042,0x1041,0x1041,0x1061,0x1861,0x1862,0x2082,0x2082,0x2082,0x20A2,0x1882,0x20A2,0x20A2,0x2082,
  0x20A2,0x2082,0x20A2,0x20A2,0x2082,0x20A2,0x20A2,0x20A2,0x20A2,0x20A2,0x20A2,0x20A2,0x20A2,0x20A2,0x20A2,0x20A2,
  0x20A2,0x20A2,0x20A2,0x20A2,0x20A2,0x20A2,0x20A2,0x20A2,0x20C2,0x20C2,0x20A2,0x20A2,0x20A2,0x20A2,0x20C2,0x20A2,
  0x20A2,0x20A2,0x20C2,0x20A2,0x20A2,0x20A2,0x20A2,0x20A2,0x0841,0x0820,0x0861,0x20A2,0x1041,0x0000,0x1061,0x0841,
  0x1061,0x1061,0x1061,0x1041,0x1061,0x0820,0x0000,0x0000,0x0000,0x0820,0x18A2,0x0000,0x0000,0x0820,0x0820,0x0840,
  0x0820,0x1061,0x1881,0x0820,0x0000,0x0021,0x0021,0x20C2,0x1061,0x0020,0x0020,0x0020,0x0841,0x1881,0x2902,0x20C2,
  0x0820,0x18A1,0x1042,0x1883,0x1063,0x0801,0x1063,0x1063,0x1063,0x1063,0x1062,0x1042,0x1042,0x1063,0x18A4,0x18A4,
  0x1884,0x1063,0x1884,0x1063,0x1063,0x1063,0x1063,0x1063,0x1063,0x1064,0x1064,0x1063,0x1042,0x1041,0x1061,0x1861,
  0x1882,0x1862,0x1882,0x20A2,0x2082,0x2082,0x2082,0x20A2,0x20A2,0x2082,0x20A2,0x20A2,0x2082,0x20A2,0x20A2,0x20A2,
  0x20A2,0x20A2,0x20A2,0x20A2,0x20A2,0x20A2,0x20A2,0x20A2,0x20A2,0x20A2,0x20A2,0x20A2,0x20A2,0x20A2,0x20A2,0x20A2,
  0x20A2,0x20A2,0x20A2,0x20A2,0x20C2,0x20A2,0x20C2,0x20C2,0x20A2,0x20A2,0x20C2,0x20A2,0x20A2,0x20A2,0x20C2,0x20C2,
};
