#pragma once
#include <Arduino.h>
// 120x160 RGB565 boot splash, half-res. Upscaled 2x on device like bg_portrait.h.
static const uint16_t SPLASH_PORTRAIT[19200] PROGMEM = {
  0x186A,0x186A,0x186A,0x186A,0x186A,0x186A,0x186A,0x186A,0x186A,0x186A,0x186A,0x186A,0x186A,0x186A,0x186A,0x186A,
  0x186A,0x186A,0x186A,0x186A,0x186A,0x186A,0x186A,0x186A,0x186A,0x186A,0x186A,0x186A,0x186A,0x186A,0x186A,0x186A,
  0x186A,0x186A,0x186A,0x186A,0x186A,0x186A,0x186A,0x186A,0x186A,0x186A,0x186A,0x186A,0x186A,0x186A,0x186A,0x186A,
  0x186A,0x186A,0x186A,0x186A,0x186A,0x186A,0x186A,0x186A,0x186A,0x186A,0x186A,0x186A,0x186A,0x186A,0x186A,0x186A,
  0x186A,0x186A,0x186A,0x186A,0x186A,0x186A,0x186A,0x186A,0x186A,0x186A,0x186A,0x186A,0x186A,0x186A,0x186A,0x186A,
  0x186A,0x186A,0x186A,0x186A,0x186A,0x186A,0x186A,0x186A,0x186A,0x186A,0x186A,0x186A,0x186A,0x186A,0x186A,0x186A,
  0x186A,0x186A,0x186A,0x186A,0x186A,0x186A,0x186A,0x186A,0x186A,0x186A,0x186A,0x186A,0x186A,0x186A,0x186A,0x186A,
  0x186A,0x186A,0x186A,0x186A,0x186A,0x186A,0x186A,0x186A,0x186A,0x186A,0x186A,0x186A,0x186A,0x186A,0x186A,0x186A,
  0x186A,0x186A,0x186A,0x186A,0x186A,0x186A,0x186A,0x186A,0x186A,0x186A,0x186A,0x186A,0x186A,0x186A,0x186A,0x186A,
  0x186A,0x186A,0x186A,0x186A,0x186A,0x186A,0x186A,0x186A,0x186A,0x186A,0x186A,0x186A,0x186A,0x186A,0x186A,0x186A,
  0x186A,0x186A,0x186A,0x186A,0x186A,0x186A,0x186A,0x186A,0x186A,0x186A,0x186A,0x186A,0x186A,0x186A,0x186A,0x186A,
  0x186A,0x186A,0x186A,0x184A,0x186A,0x186A,0x186A,0x186A,0x186A,0x186A,0x186A,0x186A,0x186A,0x186A,0x186A,0x186A,
  0x186A,0x186A,0x186A,0x186A,0x186A,0x186A,0x186A,0x186A,0x186A,0x186A,0x186A,0x186A,0x186A,0x186A,0x1869,0x20EE,
  0x186B,0x186A,0x186A,0x186A,0x186A,0x186A,0x186A,0x186A,0x186A,0x186A,0x186A,0x186A,0x186A,0x186A,0x186A,0x186A,
  0x186A,0x186A,0x186A,0x186A,0x186A,0x186A,0x186A,0x186A,0x186A,0x186A,0x186A,0x186A,0x186A,0x186A,0x186A,0x186A,
  0x186A,0x186A,0x186A,0x186A,0x186A,0x186A,0x186A,0x186A,0x186A,0x186A,0x186A,0x186A,0x186A,0x186A,0x186A,0x186A,
  0x184A,0x186C,0x184A,0x186A,0x186A,0x186A,0x186A,0x186A,0x186A,0x186A,0x186A,0x186A,0x186A,0x186A,0x186A,0x186A,
  0x186A,0x186A,0x186A,0x186A,0x186A,0x186A,0x184A,0x186A,0x186A,0x186A,0x186A,0x186A,0x186A,0x186A,0x186A,0x186A,
  0x186A,0x186A,0x186A,0x186A,0x186A,0x186A,0x184A,0x186A,0x186A,0x186A,0x186A,0x184A,0x186A,0x186A,0x186A,0x186A,
  0x186A,0x184A,0x184A,0x186A,0x184A,0x184A,0x186A,0x186A,0x184A,0x184A,0x186A,0x1869,0x184A,0x186A,0x186A,0x186A,
  0x186A,0x186A,0x186A,0x186A,0x186A,0x186A,0x186B,0x41D3,0x188D,0x184A,0x186A,0x186A,0x186A,0x186A,0x186A,0x186A,
  0x186A,0x186A,0x186A,0x186A,0x186A,0x186A,0x186A,0x186A,0x186A,0x186A,0x186A,0x186A,0x186A,0x186A,0x186A,0x186A,
  0x186A,0x186A,0x186A,0x186A,0x186A,0x186A,0x186A,0x186A,0x186A,0x186A,0x186A,0x186A,0x186A,0x186A,0x186A,0x186A,
  0x186A,0x186A,0x186A,0x186A,0x186A,0x186A,0x186A,0x1849,0x18AD,0x4AB5,0x188C,0x1869,0x186A,0x186A,0x186A,0x186A,
  0x186A,0x186A,0x186A,0x186A,0x186A,0x186A,0x186A,0x186A,0x186A,0x184B,0x186A,0x186A,0x186A,0x186A,0x186A,0x184A,
  0x186A,0x186A,0x186A,0x186A,0x186A,0x186A,0x186A,0x184A,0x186A,0x184A,0x186A,0x186A,0x104A,0x184A,0x186A,0x186A,
  0x186A,0x186A,0x186A,0x186A,0x186A,0x186A,0x186A,0x186A,0x184A,0x184A,0x186A,0x186A,0x186A,0x186A,0x186A,0x186A,
  0x186A,0x186A,0x186A,0x186A,0x1869,0x186A,0x184A,0x184A,0x186A,0x186A,0x186A,0x186A,0x186A,0x186A,0x186A,0x186A,
  0x184A,0x186A,0x186A,0x186A,0x186A,0x186A,0x186A,0x186A,0x186A,0x186A,0x186A,0x186A,0x186A,0x186A,0x186A,0x184A,
  0x186A,0x186A,0x186A,0x186A,0x186A,0x186A,0x186A,0x186A,0x186A,0x186A,0x186A,0x186A,0x186A,0x186A,0x186A,0x186A,
  0x186A,0x186A,0x186A,0x186A,0x186A,0x186A,0x186A,0x186A,0x186A,0x186A,0x186A,0x186A,0x186A,0x186A,0x186A,0x1869,
  0x104A,0x20EF,0x186A,0x186A,0x186A,0x186A,0x186A,0x186A,0x186A,0x186A,0x186A,0x186A,0x186A,0x186A,0x186A,0x186A,
  0x186A,0x186A,0x186A,0x186A,0x186A,0x186A,0x186A,0x188A,0x196D,0x216D,0x216D,0x194D,0x106A,0x186A,0x186A,0x190B,
  0x190C,0x186A,0x186A,0x1849,0x2210,0x10EB,0x186A,0x186A,0x108A,0x216D,0x216D,0x214D,0x194D,0x184A,0x186A,0x186A,
  0x186A,0x196D,0x216D,0x216D,0x196D,0x198E,0x198E,0x19AE,0x194D,0x1049,0x186A,0x188A,0x196D,0x216D,0x214D,0x192C,
  0x184A,0x186A,0x186A,0x186A,0x186A,0x186A,0x186A,0x186A,0x186A,0x186A,0x186A,0x186A,0x186A,0x186A,0x186A,0x186A,
  0x186A,0x186A,0x186A,0x186A,0x186A,0x186A,0x186A,0x292C,0x184A,0x186A,0x186A,0x186A,0x186A,0x186A,0x186A,0x186A,
  0x186A,0x186A,0x186A,0x186A,0x186A,0x186A,0x186A,0x186A,0x186A,0x186A,0x186A,0x186A,0x184A,0x186A,0x186A,0x186A,
  0x186A,0x186A,0x186A,0x186A,0x186A,0x186A,0x186A,0x186A,0x186A,0x186A,0x186A,0x186A,0x186A,0x186A,0x186A,0x186A,
  0x186A,0x186A,0x186A,0x186A,0x186A,0x186A,0x186A,0x186A,0x186A,0x186A,0x186A,0x186A,0x186A,0x186A,0x186A,0x108A,
  0x2A71,0x2990,0x298F,0x2A10,0x10EB,0x186A,0x1069,0x2AB2,0x22B1,0x1069,0x186A,0x1069,0x33D4,0x0069,0x1849,0x186A,
  0x18EB,0x29D0,0x2990,0x2970,0x2A31,0x0829,0x186A,0x186A,0x188A,0x2A11,0x296F,0x2970,0x2A52,0x118D,0x114C,0x114C,
  0x110B,0x1049,0x186A,0x192C,0x29B0,0x316F,0x298F,0x2A11,0x0848,0x184A,0x186A,0x186A,0x186A,0x186A,0x186A,0x186A,
  0x186A,0x186A,0x186A,0x186A,0x186A,0x186A,0x186A,0x186A,0x186A,0x186A,0x186A,0x186A,0x186A,0x186A,0x186A,0x1849,
  0x186A,0x186A,0x186A,0x186A,0x186A,0x186A,0x186A,0x186A,0x186A,0x186A,0x186A,0x186A,0x186A,0x186A,0x186A,0x186A,
  0x186A,0x186A,0x186A,0x186A,0x186A,0x186A,0x186A,0x186A,0x186A,0x186A,0x186A,0x186A,0x186A,0x186A,0x186A,0x186A,
  0x186A,0x186A,0x186A,0x186A,0x186A,0x186A,0x186A,0x186A,0x186A,0x186A,0x186A,0x186A,0x186A,0x186A,0x186A,0x186A,
  0x186A,0x186A,0x186A,0x186A,0x186A,0x186A,0x186A,0x1849,0x222F,0x2313,0x1AF3,0x1AF3,0x1A70,0x1849,0x196D,0x1B33,
  0x2333,0x196C,0x1869,0x19CD,0x2312,0x0008,0x186A,0x186A,0x10EC,0x2313,0x1AD3,0x1AD3,0x1AD2,0x0828,0x186A,0x186A,
  0x188A,0x2313,0x1AD3,0x1AD3,0x2334,0x0048,0x1029,0x1029,0x1029,0x1069,0x186A,0x194C,0x1AF3,0x1AD3,0x1AF3,0x22B2,
  0x0828,0x186A,0x186A,0x186A,0x186A,0x186A,0x186A,0x186A,0x186A,0x186A,0x186A,0x186A,0x186A,0x186A,0x186A,0x186A,
  0x186A,0x186A,0x186A,0x186A,0x186A,0x184B,0x186A,0x186A,0x186A,0x186A,0x186A,0x186A,0x186A,0x186A,0x186A,0x186A,
  0x186A,0x186A,0x186A,0x184A,0x186A,0x186A,0x186A,0x186A,0x186A,0x186A,0x1869,0x186A,0x186A,0x186A,0x186A,0x186A,
  0x186A,0x186A,0x186A,0x186A,0x186A,0x186A,0x186A,0x186A,0x186A,0x186A,0x186A,0x186A,0x186A,0x186A,0x186A,0x186A,
  0x186A,0x186A,0x186A,0x184A,0x186A,0x186A,0x186A,0x186A,0x186A,0x186A,0x186A,0x186A,0x186A,0x186A,0x186A,0x186A,
  0x10AA,0x2415,0x1C36,0x1C35,0x23F4,0x0868,0x2373,0x1C35,0x1C56,0x2373,0x1048,0x33B3,0x092B,0x0829,0x186A,0x186A,
  0x10EB,0x1C56,0x1C56,0x1436,0x1B93,0x0828,0x186A,0x186A,0x108A,0x1C15,0x1C36,0x1C36,0x1C16,0x22F2,0x22D2,0x22D2,
  0x2250,0x1049,0x186A,0x114C,0x1C56,0x1456,0x1456,0x2353,0x0828,0x186A,0x186A,0x186A,0x186A,0x186A,0x186A,0x186A,
  0x186A,0x186A,0x186A,0x186A,0x186A,0x186A,0x186A,0x186A,0x186A,0x186A,0x186A,0x186A,0x186A,0x186A,0x186A,0x186A,
  0x184A,0x184A,0x186A,0x186A,0x186A,0x186A,0x186A,0x186A,0x186A,0x186A,0x186A,0x186A,0x186A,0x1869,0x186A,0x186A,
  0x186A,0x186A,0x186A,0x186A,0x186A,0x186A,0x186A,0x186A,0x186A,0x186A,0x186A,0x186A,0x186A,0x186A,0x186A,0x186A,
  0x186A,0x186A,0x186A,0x186A,0x186A,0x186A,0x186A,0x186A,0x186A,0x186A,0x186A,0x186A,0x184A,0x186A,0x186A,0x186A,
  0x186A,0x186A,0x186A,0x186A,0x186A,0x186A,0x186A,0x186A,0x1069,0x2B11,0x5619,0x4DF9,0x55F9,0x2331,0x3D78,0x5619,
  0x4E18,0x4DD9,0x1A8F,0x3C35,0x0027,0x1069,0x186A,0x186A,0x10EB,0x5DFA,0x5E39,0x5619,0x3C75,0x0828,0x186A,0x186A,
  0x106A,0x4D78,0x5619,0x5619,0x4517,0x0048,0x0028,0x0028,0x0808,0x1049,0x186A,0x114C,0x5619,0x5619,0x5619,0x3414,
  0x0828,0x186A,0x186A,0x186A,0x186A,0x186A,0x186A,0x186A,0x186A,0x186A,0x186A,0x186A,0x186A,0x186A,0x184A,0x184A,
  0x186A,0x186A,0x186A,0x186A,0x186A,0x186A,0x186A,0x186A,0x186A,0x186A,0x186A,0x186A,0x186A,0x186A,0x186A,0x186A,
  0x186A,0x186A,0x186A,0x186A,0x186A,0x186A,0x186A,0x186A,0x186A,0x186A,0x186A,0x186A,0x186A,0x186A,0x184A,0x186A,
  0x186A,0x186A,0x186A,0x186A,0x186A,0x186A,0x186A,0x186A,0x186A,0x186A,0x186A,0x186A,0x186A,0x186A,0x186A,0x186A,
  0x186A,0x186A,0x186A,0x186A,0x186A,0x186A,0x186A,0x186A,0x186A,0x186A,0x186A,0x186A,0x186A,0x186A,0x186A,0x186A,
  0x186A,0x190C,0x2A50,0x29AF,0x31D0,0x2A50,0x1A90,0x32B1,0x31EF,0x31CF,0x2A51,0x19EE,0x0828,0x186A,0x186A,0x186A,
  0x10EB,0x3230,0x39F0,0x39F0,0x2A50,0x0028,0x186A,0x186A,0x188B,0x2A51,0x31D0,0x31D0,0x3271,0x0828,0x1849,0x184A,
  0x186A,0x186A,0x186A,0x194D,0x3210,0x31CF,0x31D0,0x2A51,0x0828,0x186A,0x186A,0x186A,0x186A,0x186A,0x186A,0x186A,
  0x186A,0x186A,0x186A,0x186A,0x186A,0x186A,0x312F,0x20ED,0x186A,0x186A,0x186A,0x186A,0x186A,0x186A,0x186A,0x186A,
  0x186A,0x186A,0x186A,0x186A,0x186A,0x186A,0x186A,0x186A,0x186A,0x186A,0x186A,0x186A,0x186A,0x186A,0x186A,0x186A,
  0x186A,0x186A,0x186A,0x186A,0x186A,0x1869,0x28CD,0x186A,0x186A,0x186A,0x186A,0x186A,0x186A,0x186A,0x186A,0x186A,
  0x186A,0x186A,0x186A,0x186A,0x186A,0x186A,0x186A,0x186A,0x186A,0x186A,0x186A,0x186A,0x186A,0x186A,0x186A,0x186A,
  0x186A,0x186A,0x186A,0x186A,0x186A,0x186A,0x186A,0x186A,0x186A,0x1049,0x2291,0x2A31,0x2A32,0x2AB2,0x0068,0x2271,
  0x2A31,0x2A31,0x2AD3,0x0089,0x1849,0x186A,0x186A,0x186A,0x18EB,0x2A72,0x2A32,0x2A32,0x2292,0x0828,0x186A,0x186A,
  0x188A,0x2A93,0x2A32,0x2A32,0x2AB3,0x0048,0x186A,0x186A,0x186A,0x186A,0x186A,0x194D,0x2A72,0x2A32,0x2A32,0x2A71,
  0x0828,0x186A,0x186A,0x186A,0x186A,0x186A,0x186A,0x186A,0x186A,0x186A,0x186A,0x186A,0x186A,0x186A,0x184A,0x184A,
  0x186A,0x186A,0x186A,0x186A,0x186A,0x186A,0x186A,0x186A,0x186A,0x186A,0x186A,0x186A,0x186A,0x186A,0x186A,0x186A,
  0x186A,0x186A,0x186A,0x186A,0x186A,0x186A,0x186A,0x186A,0x186A,0x186A,0x186A,0x186A,0x186A,0x186A,0x184A,0x186A,
  0x186A,0x186A,0x186A,0x186A,0x186A,0x186A,0x186A,0x186A,0x186A,0x186A,0x186A,0x186A,0x186A,0x186A,0x186A,0x186A,
  0x186A,0x186A,0x186A,0x186A,0x186A,0x186A,0x186A,0x186A,0x186A,0x186A,0x186A,0x186A,0x186A,0x186A,0x186A,0x186A,
  0x186A,0x186A,0x198D,0x1BD5,0x1BB5,0x1A2E,0x0027,0x112B,0x23B5,0x1B95,0x1A90,0x0828,0x186A,0x186A,0x186A,0x186A,
  0x10EC,0x1BF5,0x1BD5,0x13D5,0x1B73,0x0028,0x186A,0x186A,0x108A,0x1BB5,0x1BB5,0x13D5,0x1BB5,0x0048,0x186A,0x186A,
  0x186A,0x186A,0x186A,0x114C,0x1BD5,0x1BD5,0x13D5,0x1B13,0x0828,0x186A,0x186A,0x186A,0x186A,0x186A,0x186A,0x186A,
  0x186A,0x186A,0x186A,0x186A,0x186A,0x186A,0x186A,0x186A,0x186A,0x186A,0x186A,0x186A,0x186A,0x186A,0x186A,0x186A,
  0x186A,0x186A,0x186A,0x186A,0x186A,0x186A,0x186A,0x186A,0x186A,0x186A,0x186A,0x186A,0x186A,0x186A,0x186A,0x186A,
  0x186A,0x186A,0x186A,0x186A,0x186A,0x186A,0x1869,0x186A,0x186A,0x186A,0x186A,0x186A,0x186A,0x186A,0x186A,0x186A,
  0x184A,0x186A,0x186A,0x186A,0x186A,0x186A,0x186A,0x186A,0x186A,0x186A,0x186A,0x186A,0x186A,0x186A,0x186A,0x184A,
  0x186A,0x186A,0x186A,0x186A,0x186A,0x186A,0x186A,0x186A,0x186A,0x186A,0x1869,0x2C76,0x34D7,0x0089,0x1049,0x1069,
  0x2BB3,0x3538,0x08EA,0x1049,0x186A,0x186A,0x186A,0x186A,0x110B,0x3D78,0x3D78,0x3D78,0x3415,0x0828,0x186A,0x186A,
  0x106A,0x34D7,0x3D78,0x3D78,0x34B7,0x0028,0x186A,0x186A,0x186A,0x186A,0x186A,0x114C,0x4558,0x3D98,0x3D98,0x2BD4,
  0x0828,0x186A,0x186A,0x186A,0x186A,0x186A,0x186A,0x186A,0x186A,0x186A,0x186A,0x186A,0x186A,0x186A,0x186A,0x186A,
  0x186A,0x186A,0x186A,0x186A,0x186A,0x186A,0x186A,0x186A,0x186A,0x186A,0x186A,0x186A,0x186A,0x186A,0x186A,0x186A,
  0x186A,0x186A,0x186A,0x186A,0x208A,0x1849,0x186A,0x186A,0x186A,0x186A,0x186A,0x186A,0x186A,0x186A,0x186A,0x186A,
  0x186A,0x186A,0x186A,0x186A,0x186A,0x186A,0x186A,0x186A,0x186A,0x186A,0x186A,0x186A,0x186A,0x186A,0x186A,0x186A,
  0x186A,0x186A,0x186A,0x186A,0x186A,0x186A,0x186A,0x184A,0x1869,0x186A,0x186A,0x186A,0x186A,0x186A,0x186A,0x186A,
  0x186A,0x186A,0x186A,0x222E,0x22D0,0x0028,0x186A,0x1869,0x112C,0x2B52,0x0008,0x186A,0x186A,0x186A,0x186A,0x186A,
  0x10EB,0x44B6,0x44B6,0x44B6,0x3393,0x0828,0x186A,0x186A,0x108A,0x4435,0x44B6,0x44B7,0x3C35,0x0028,0x186A,0x186A,
  0x186A,0x186A,0x186A,0x192C,0x44B7,0x4CD7,0x4CD7,0x3373,0x0828,0x186A,0x186A,0x186A,0x186A,0x186A,0x186A,0x186A,
  0x186A,0x186A,0x186A,0x186A,0x186A,0x186A,0x186A,0x186A,0x186A,0x186A,0x186A,0x186A,0x186A,0x186A,0x186A,0x186A,
  0x186A,0x186A,0x186A,0x186A,0x186A,0x186A,0x186A,0x186A,0x186A,0x186A,0x186A,0x186A,0x186A,0x186A,0x186A,0x186A,
  0x186A,0x186A,0x186A,0x186A,0x186A,0x186A,0x186A,0x186A,0x186A,0x186A,0x186A,0x186A,0x186A,0x186A,0x186A,0x186A,
  0x186A,0x186A,0x186A,0x186A,0x186A,0x186A,0x186A,0x186A,0x186A,0x186A,0x186A,0x186A,0x186A,0x186A,0x186A,0x186A,
  0x186A,0x186A,0x106A,0x106A,0x106A,0x106A,0x106A,0x106A,0x1069,0x186A,0x106A,0x1069,0x0828,0x0849,0x1069,0x106A,
  0x1049,0x1049,0x0849,0x1069,0x1069,0x1069,0x1069,0x106A,0x1069,0x0848,0x0027,0x0027,0x0028,0x0028,0x1069,0x106A,
  0x106A,0x0848,0x0027,0x0028,0x0028,0x0028,0x1069,0x106A,0x106A,0x1849,0x1069,0x1069,0x0849,0x0028,0x0028,0x0048,
  0x0849,0x1069,0x106A,0x186A,0x106A,0x106A,0x106A,0x186A,0x186A,0x186A,0x186A,0x186A,0x186A,0x186A,0x186A,0x186A,
  0x186A,0x186A,0x186A,0x186A,0x186A,0x186A,0x186A,0x186A,0x186A,0x186A,0x186A,0x186A,0x186A,0x186A,0x186A,0x186A,
  0x186A,0x186A,0x186A,0x186A,0x186A,0x186A,0x186A,0x186A,0x186A,0x186A,0x186A,0x186A,0x186A,0x186A,0x186A,0x186A,
  0x186A,0x186A,0x186A,0x186A,0x186A,0x186A,0x186A,0x186A,0x186A,0x186A,0x186A,0x186A,0x186A,0x186A,0x186A,0x186A,
  0x186A,0x186A,0x186A,0x186A,0x186A,0x186A,0x186A,0x186A,0x186A,0x1069,0x3BF5,0x2BD5,0x2BD5,0x2BF5,0x2BF5,0x2BF5,
  0x2BD5,0x2BF5,0x2BF5,0x23D5,0x2BD4,0x2BD4,0x2BF5,0x2BF5,0x2BD5,0x2BD5,0x2BD5,0x2BD5,0x2BD5,0x2BD5,0x2BD5,0x2BD5,
  0x23D4,0x23F5,0x2BF5,0x23D4,0x2BD5,0x2BD5,0x23D5,0x2BD5,0x2BF5,0x2BF5,0x23D5,0x23D4,0x2BD5,0x2BF5,0x2BD5,0x2BD5,
  0x23D5,0x2BD5,0x2BD5,0x2BF5,0x2BD5,0x2BD4,0x2BD5,0x2BF5,0x2BF5,0x2BD5,0x2BD5,0x2BD5,0x2BD5,0x2BF5,0x198D,0x186A,
  0x186A,0x186A,0x186A,0x186A,0x186A,0x186A,0x186A,0x186A,0x186A,0x186A,0x186A,0x186A,0x186A,0x186A,0x186A,0x186A,
  0x186A,0x186A,0x186A,0x186A,0x186A,0x186A,0x186A,0x186A,0x186A,0x186A,0x186A,0x186A,0x186A,0x186A,0x186A,0x186A,
  0x186A,0x186A,0x186A,0x186A,0x186A,0x186A,0x186A,0x186A,0x186A,0x186A,0x186A,0x186A,0x186A,0x186A,0x186A,0x186A,
  0x186A,0x186A,0x186A,0x186A,0x186A,0x186A,0x186A,0x186A,0x186A,0x186A,0x186A,0x186A,0x186A,0x186A,0x186A,0x186A,
  0x186A,0x1069,0x2BF5,0x13B5,0x13B5,0x1B75,0x2375,0x2375,0x2375,0x2375,0x1395,0x13B5,0x13B5,0x13B5,0x13B5,0x13B5,
  0x13B5,0x13B5,0x13B5,0x13B5,0x2375,0x2375,0x2375,0x1B95,0x13B5,0x13B5,0x13B5,0x1395,0x1395,0x13B5,0x2375,0x2375,
  0x2375,0x1BB5,0x13D5,0x13B5,0x13B5,0x1B95,0x3355,0x3335,0x1B75,0x13B5,0x13B5,0x13B5,0x1B95,0x2375,0x2355,0x2355,
  0x2375,0x2375,0x1B75,0x13B5,0x13B5,0x13B5,0x114D,0x1869,0x186A,0x186A,0x186A,0x186A,0x186A,0x186A,0x186A,0x186A,
  0x186A,0x186A,0x186A,0x186A,0x186A,0x186A,0x186A,0x186A,0x186A,0x186A,0x186A,0x186A,0x186A,0x186A,0x186A,0x186A,
  0x186A,0x186A,0x186A,0x186A,0x186A,0x186A,0x186A,0x186A,0x186A,0x186A,0x186A,0x186A,0x186A,0x186A,0x186A,0x186A,
  0x186A,0x186A,0x186A,0x186A,0x186A,0x186A,0x186A,0x186A,0x186A,0x186A,0x186A,0x186A,0x186A,0x186A,0x186A,0x186A,
  0x186A,0x186A,0x186A,0x186A,0x186A,0x186A,0x186A,0x186A,0x186A,0x1069,0x2C15,0x13B5,0x13B5,0x7234,0xA8F2,0xA8F2,
  0xA933,0x6130,0x6212,0x3B14,0x13B5,0x1BB5,0x13B5,0x13B5,0x13B5,0x13B5,0x13B5,0x1B95,0x89D5,0xA0F3,0xA0F3,0x81D4,
  0x1B74,0x13B5,0x13D5,0x5315,0x4314,0x2374,0x9954,0xA8F3,0xA0F2,0x52F4,0x1BB4,0x13B5,0x42F5,0x9173,0x8972,0x49B0,
  0x69F2,0x4334,0x13B5,0x13B5,0x6A75,0xA8F3,0xA8D3,0x9933,0x516F,0x5190,0x41D0,0x1A70,0x1394,0x13B5,0x114C,0x1869,
  0x186A,0x186A,0x186A,0x186A,0x186A,0x186A,0x186A,0x186A,0x186A,0x186A,0x186A,0x186A,0x186A,0x186A,0x186A,0x186A,
  0x186A,0x186A,0x186A,0x186A,0x186A,0x186A,0x186A,0x186A,0x186A,0x186A,0x186A,0x186A,0x186A,0x186A,0x186A,0x186A,
  0x186A,0x186A,0x186A,0x186A,0x186A,0x186A,0x186A,0x186A,0x186A,0x186A,0x186A,0x186A,0x186A,0x186A,0x186A,0x186A,
  0x186A,0x186A,0x186A,0x186A,0x186A,0x186A,0x186A,0x186A,0x186A,0x186A,0x186A,0x186A,0x186A,0x186A,0x186A,0x186A,
  0x186A,0x1069,0x2C15,0x13B5,0x13D5,0x7A14,0xB072,0xB072,0xA0F2,0x0008,0x198E,0x6170,0x4315,0x1BD5,0x13B5,0x1BB5,
  0x1BB5,0x1BB5,0x1BB5,0x13D5,0x4AF5,0xB0B3,0xA892,0xB0B3,0x3970,0x1BB5,0x1B95,0x7AB6,0x19EE,0x2A30,0xA8F3,0xB072,
  0xB092,0x40AC,0x1250,0x4B15,0xB0F3,0xB071,0x68CF,0x08AA,0x21EF,0x6971,0x32B2,0x13B4,0x7235,0xB072,0xB072,0x98D1,
  0x0007,0x19AE,0x11EF,0x120F,0x13B4,0x13B5,0x114D,0x1869,0x186A,0x186A,0x186A,0x186A,0x186A,0x186A,0x186A,0x186A,
  0x186A,0x186A,0x186A,0x186A,0x186A,0x186A,0x186A,0x186A,0x186A,0x186A,0x186A,0x186A,0x186A,0x186A,0x186A,0x186A,
  0x186A,0x186A,0x186A,0x186A,0x186A,0x186A,0x186A,0x186A,0x186A,0x186A,0x186A,0x186A,0x186A,0x186A,0x186A,0x186A,
  0x186A,0x186A,0x186A,0x186A,0x186A,0x186A,0x186A,0x186A,0x186A,0x186A,0x186A,0x186A,0x186A,0x186A,0x186A,0x186A,
  0x186A,0x186A,0x186A,0x186A,0x186A,0x186A,0x186A,0x186A,0x186A,0x1069,0x2C15,0x13B5,0x13B5,0x7A14,0xB072,0xB072,
  0xA0F2,0x004A,0x1B94,0x22F3,0x6991,0x1A50,0x13D5,0x13D5,0x1BD5,0x1BB5,0x1BB5,0x13B5,0x1BB5,0x89D4,0xA872,0xA872,
  0x90F2,0x1291,0x4AD4,0x52D3,0x08EB,0x3375,0xA8D3,0xB072,0xB092,0x408D,0x1A50,0x89F4,0xB072,0xB072,0x68D0,0x114C,
  0x13F5,0x2B33,0x10AA,0x12B1,0x7A15,0xB052,0xA872,0xA0F3,0x410E,0x5272,0x4AD4,0x1B95,0x13D5,0x1BB5,0x114D,0x1869,
  0x1869,0x186A,0x184A,0x186A,0x186A,0x186A,0x186A,0x186A,0x186A,0x186A,0x186A,0x186A,0x186A,0x186A,0x186A,0x186A,
  0x186A,0x186A,0x186A,0x186A,0x186A,0x186A,0x186A,0x186A,0x186A,0x186A,0x186A,0x186A,0x186A,0x186A,0x186A,0x186A,
  0x186A,0x186A,0x186A,0x186A,0x186A,0x186A,0x186A,0x186A,0x186A,0x186A,0x186A,0x186A,0x186A,0x186A,0x184A,0x188C,
  0x186A,0x186A,0x186A,0x186A,0x186A,0x186A,0x186A,0x186A,0x186A,0x184A,0x188A,0x186A,0x186A,0x186A,0x186A,0x186A,
  0x186A,0x1069,0x2C15,0x13B5,0x13B5,0x7A14,0xB072,0xB072,0xA0F2,0x004A,0x23B5,0x13B5,0x6274,0x0889,0x1BB4,0x1BB5,
  0x1BD5,0x1BB5,0x1BD5,0x1BD5,0x1BD5,0x3B15,0xA8D3,0xB092,0xB0B3,0x61F3,0x7274,0x112B,0x1A70,0x2B95,0xA8F3,0xB072,
  0xB092,0x408D,0x1A30,0x9954,0xB072,0xB072,0x70D0,0x112C,0x1BD5,0x13D5,0x1BB4,0x13B5,0x7234,0xB072,0xB072,0xA0F3,
  0x0007,0x08EA,0x090B,0x094D,0x1BB5,0x1BD5,0x114C,0x1869,0x186A,0x290F,0x186A,0x186A,0x186A,0x186A,0x186A,0x186A,
  0x186A,0x186A,0x186A,0x186A,0x186A,0x186A,0x186A,0x186A,0x186A,0x186A,0x186A,0x186A,0x186A,0x186A,0x186A,0x186A,
  0x186A,0x186A,0x186A,0x186A,0x186A,0x186A,0x186A,0x186A,0x186A,0x186A,0x186A,0x186A,0x186A,0x186A,0x186A,0x186A,
  0x186A,0x186A,0x186A,0x186A,0x186A,0x186A,0x186A,0x3991,0x186A,0x186A,0x186A,0x186A,0x186A,0x186A,0x186A,0x186A,
  0x186A,0x186A,0x186A,0x186A,0x186A,0x186A,0x186A,0x186A,0x186A,0x1069,0x2C15,0x13B5,0x13B5,0x7A14,0xB072,0xA892,
  0xA0F2,0x004A,0x23B5,0x13B5,0x6254,0x0049,0x23B4,0x13D5,0x1BD5,0x1BD5,0x1BD5,0x1BD5,0x13D5,0x1BB5,0x81F4,0xB072,
  0xB072,0xB914,0x5272,0x08C9,0x1BB4,0x2B95,0xA8F3,0xB072,0xB092,0x408D,0x1A30,0x9194,0xB072,0xB072,0x70D0,0x112C,
  0x1BD5,0x13D5,0x13D5,0x13B5,0x7234,0xB072,0xB092,0xA113,0x0049,0x23B4,0x1BB5,0x1BD5,0x1BD5,0x1BB5,0x114C,0x1869,
  0x186A,0x184A,0x186A,0x186A,0x186A,0x186A,0x186A,0x186A,0x186A,0x186A,0x186A,0x186A,0x186A,0x186A,0x186A,0x184A,
  0x20AB,0x186A,0x186A,0x186A,0x186A,0x186A,0x186A,0x186A,0x186A,0x186A,0x186A,0x186A,0x186A,0x186A,0x186A,0x186A,
  0x186A,0x186A,0x186A,0x186A,0x186A,0x186A,0x186A,0x186A,0x186A,0x186A,0x186A,0x186A,0x186A,0x186A,0x186A,0x184A,
  0x186A,0x186A,0x186A,0x186A,0x186A,0x186A,0x186A,0x186A,0x186A,0x186A,0x186A,0x186A,0x186A,0x186A,0x186A,0x186A,
  0x186A,0x1069,0x2C15,0x13B5,0x13B5,0x7A14,0xB072,0xA892,0xA0F2,0x004A,0x1B94,0x3334,0x59D2,0x0049,0x1B94,0x1BB5,
  0x1BB5,0x1BB5,0x13D5,0x13D5,0x13B5,0x13B5,0x3335,0xA8F3,0xA872,0x8911,0x0008,0x1AD1,0x13B5,0x2395,0xA8D3,0xB092,
  0xB092,0x408C,0x1230,0x5A95,0xB093,0xB052,0x70D0,0x112C,0x13D5,0x3B35,0x3375,0x13B4,0x7235,0xB072,0xB072,0xA0F2,
  0x0049,0x1BB5,0x13B5,0x13B5,0x13B5,0x13D5,0x114C,0x1869,0x186A,0x186A,0x186A,0x186A,0x186A,0x186A,0x186A,0x186A,
  0x186A,0x186A,0x186A,0x186A,0x186A,0x186A,0x186A,0x186A,0x186A,0x186A,0x186A,0x186A,0x186A,0x186A,0x186A,0x186A,
  0x186A,0x186A,0x186A,0x186A,0x186A,0x186A,0x186A,0x186A,0x186A,0x186A,0x186A,0x186A,0x186A,0x186A,0x186A,0x186A,
  0x186A,0x186A,0x186A,0x186A,0x186A,0x186A,0x186A,0x186A,0x186A,0x186A,0x186A,0x186A,0x186A,0x186A,0x186A,0x186A,
  0x186A,0x186A,0x186A,0x186A,0x186A,0x186A,0x186A,0x186A,0x186A,0x1069,0x2B53,0x12F2,0x12F2,0x79D4,0xB092,0xB092,
  0xA913,0x288B,0x5AB4,0x6A32,0x112C,0x08EC,0x22F1,0x22F1,0x2311,0x2311,0x22F1,0x22F1,0x1AF1,0x1AF2,0x1AF2,0x79B3,
  0xB8B3,0x306B,0x08EB,0x1B12,0x12F2,0x2AB2,0xB0D3,0xB092,0xB0B3,0x408C,0x11CE,0x22D2,0x8172,0xB093,0x78B0,0x190C,
  0x52F4,0x71F2,0x222F,0x122F,0x79D4,0xB092,0xB092,0xA112,0x208B,0x3AF3,0x3314,0x1AF2,0x12D2,0x1AF2,0x112C,0x186A,
  0x186A,0x186A,0x186A,0x186A,0x186A,0x186A,0x186A,0x186A,0x186A,0x188A,0x186A,0x186A,0x186A,0x186A,0x186A,0x186A,
  0x186A,0x186A,0x186A,0x186A,0x186A,0x186A,0x186A,0x186A,0x186A,0x186A,0x186A,0x186A,0x186A,0x186A,0x186A,0x186A,
  0x186A,0x186A,0x186A,0x186A,0x186A,0x186A,0x186A,0x186A,0x186A,0x186A,0x186A,0x186A,0x186A,0x186A,0x186A,0x186A,
  0x186A,0x186A,0x186A,0x188A,0x186A,0x186A,0x186A,0x186A,0x186A,0x186A,0x186A,0x186A,0x186A,0x186A,0x186A,0x186A,
  0x186A,0x1869,0x106A,0x106A,0x104A,0x388B,0x48AD,0x48AD,0x48AD,0x38CC,0x288A,0x0008,0x0008,0x1049,0x48CC,0x612E,
  0x612E,0x610E,0x610E,0x690E,0x1049,0x1049,0x1069,0x204A,0x60EF,0x0008,0x1049,0x1069,0x1069,0x184A,0x50AD,0x488D,
  0x40AC,0x104A,0x0849,0x1069,0x184A,0x488D,0x80F0,0x7110,0x308C,0x0008,0x0008,0x1049,0x308C,0x488D,0x408D,0x40AC,
  0x38CC,0x38CC,0x38CC,0x0808,0x0849,0x1069,0x106A,0x186A,0x186A,0x186A,0x186A,0x186A,0x186A,0x186A,0x186A,0x186A,
  0x186A,0x186A,0x186A,0x186A,0x186A,0x186A,0x186A,0x186A,0x186A,0x186A,0x186A,0x186A,0x186A,0x186A,0x186A,0x186A,
  0x186A,0x186A,0x186A,0x186A,0x186A,0x186A,0x186A,0x186A,0x186A,0x186A,0x186A,0x20AB,0x186A,0x186A,0x186A,0x186A,
  0x186A,0x186A,0x186A,0x186A,0x186A,0x186A,0x186A,0x186A,0x186A,0x186A,0x186A,0x186A,0x186A,0x186A,0x186A,0x186A,
  0x1869,0x186A,0x186A,0x186A,0x186A,0x186A,0x186A,0x186A,0x186A,0x186A,0x186A,0x186A,0x186A,0x186A,0x1049,0x0849,
  0x1049,0x0849,0x0829,0x1049,0x1049,0x186A,0x1049,0x0828,0x0848,0x0828,0x0848,0x0828,0x0829,0x1049,0x186A,0x186A,
  0x1049,0x0829,0x186A,0x186A,0x186A,0x186A,0x1069,0x0829,0x0829,0x0829,0x1049,0x186A,0x186A,0x184A,0x1048,0x0828,
  0x0829,0x1049,0x1069,0x186A,0x186A,0x1049,0x0829,0x0849,0x0829,0x0829,0x0829,0x1029,0x1049,0x186A,0x186A,0x186A,
  0x186A,0x186A,0x186A,0x186A,0x186A,0x186A,0x186A,0x186A,0x186A,0x186A,0x20CC,0x186A,0x186A,0x186A,0x186A,0x186A,
  0x186A,0x186A,0x186A,0x186A,0x186A,0x186A,0x186A,0x186A,0x186A,0x186A,0x188A,0x184A,0x186A,0x186A,0x186A,0x186A,
  0x186A,0x186A,0x186A,0x184A,0x186A,0x186A,0x186A,0x186A,0x186A,0x186A,0x186A,0x186A,0x186A,0x186A,0x186A,0x186A,
  0x186A,0x186A,0x186A,0x186A,0x186A,0x186A,0x186A,0x186A,0x186A,0x186A,0x186A,0x186A,0x186A,0x186A,0x186A,0x186A,
  0x186A,0x186A,0x186A,0x186A,0x186A,0x186A,0x186A,0x186A,0x186A,0x186A,0x186A,0x186A,0x186A,0x186A,0x186A,0x186A,
  0x186A,0x186A,0x186A,0x186A,0x186A,0x186A,0x186A,0x186A,0x186A,0x186A,0x186A,0x186A,0x186A,0x186A,0x186A,0x186A,
  0x186A,0x186A,0x186A,0x186A,0x186A,0x186A,0x186A,0x186A,0x186A,0x186A,0x186A,0x186A,0x186A,0x186A,0x186A,0x186A,
  0x186A,0x186A,0x186A,0x186A,0x186A,0x186A,0x186A,0x186A,0x186A,0x186A,0x186A,0x186A,0x186A,0x186A,0x186A,0x186A,
  0x186A,0x186A,0x186A,0x186A,0x186A,0x186A,0x186A,0x186A,0x186A,0x186A,0x186A,0x186A,0x186A,0x186A,0x186A,0x186A,
  0x186A,0x186A,0x186A,0x186A,0x186A,0x186A,0x186A,0x186A,0x186A,0x184A,0x184A,0x186A,0x186A,0x186A,0x186A,0x186A,
  0x186A,0x186A,0x186A,0x186A,0x186A,0x186A,0x186A,0x186A,0x186A,0x186A,0x186A,0x186A,0x186A,0x186A,0x186A,0x186A,
  0x186A,0x186A,0x186A,0x186A,0x186A,0x186A,0x186A,0x186A,0x186A,0x186A,0x186A,0x186A,0x186A,0x186A,0x186A,0x186A,
  0x186A,0x186A,0x186A,0x186A,0x186A,0x186A,0x186A,0x186A,0x186A,0x186A,0x186A,0x186A,0x186A,0x186A,0x186A,0x186A,
  0x186A,0x186A,0x186A,0x186A,0x186A,0x186A,0x186A,0x186A,0x186A,0x186A,0x186A,0x186A,0x186A,0x186A,0x186A,0x186A,
  0x186A,0x186A,0x186A,0x186A,0x186A,0x186A,0x186A,0x186A,0x186A,0x186A,0x186A,0x186A,0x1869,0x28EB,0x186A,0x186A,
  0x186A,0x186A,0x186A,0x186A,0x186A,0x186A,0x186A,0x186A,0x186A,0x186A,0x186A,0x186A,0x186A,0x186A,0x186A,0x186A,
  0x186A,0x186A,0x186A,0x186A,0x186A,0x186A,0x186A,0x186A,0x186A,0x186A,0x186A,0x186A,0x186A,0x186A,0x186A,0x186A,
  0x186A,0x186A,0x184A,0x186A,0x186A,0x186A,0x186A,0x186A,0x186A,0x186A,0x186A,0x186A,0x186A,0x186A,0x186A,0x186A,
  0x186A,0x186A,0x186A,0x186A,0x186A,0x186A,0x186A,0x186A,0x186A,0x186A,0x186A,0x186A,0x186A,0x186A,0x186A,0x186A,
  0x186A,0x186A,0x186A,0x186A,0x186A,0x186A,0x186A,0x186A,0x186A,0x186A,0x186A,0x186A,0x186A,0x186A,0x186A,0x186A,
  0x186A,0x186A,0x186A,0x186A,0x186A,0x186A,0x186A,0x186A,0x186A,0x186A,0x186A,0x186A,0x186A,0x186A,0x186A,0x186A,
  0x186A,0x186A,0x186A,0x186A,0x186A,0x186A,0x186A,0x186A,0x186A,0x186A,0x186A,0x186A,0x186A,0x186A,0x186A,0x186A,
  0x186A,0x186A,0x186A,0x186A,0x186A,0x186A,0x186A,0x186A,0x186A,0x186A,0x186A,0x186A,0x186A,0x186A,0x186A,0x186A,
  0x186A,0x186A,0x186A,0x186A,0x186A,0x186A,0x186A,0x186A,0x186A,0x186A,0x186A,0x186A,0x186A,0x186A,0x186A,0x186A,
  0x186A,0x186A,0x186A,0x186A,0x186A,0x186A,0x186A,0x186A,0x186A,0x186A,0x186A,0x186A,0x186A,0x186A,0x186A,0x186A,
  0x186A,0x186A,0x186A,0x186A,0x186A,0x186A,0x186A,0x186A,0x186A,0x186A,0x186A,0x186A,0x186A,0x186A,0x186A,0x186A,
  0x186A,0x186A,0x186A,0x186A,0x186A,0x186A,0x186A,0x186A,0x186A,0x186A,0x186A,0x186A,0x186A,0x186A,0x186A,0x186A,
  0x186A,0x186A,0x186A,0x186A,0x186A,0x186A,0x186A,0x186A,0x186A,0x186A,0x186A,0x1049,0x292D,0x1049,0x186A,0x186A,
  0x186A,0x186A,0x186A,0x186A,0x186A,0x186A,0x186A,0x186A,0x186A,0x186A,0x186A,0x186A,0x186A,0x186A,0x186A,0x186A,
  0x1849,0x186A,0x186A,0x186A,0x186A,0x186A,0x186A,0x184A,0x186A,0x186A,0x186A,0x186A,0x186A,0x186A,0x186A,0x186A,
  0x186A,0x186A,0x186A,0x186A,0x186A,0x186A,0x186A,0x186A,0x186A,0x186A,0x186A,0x186A,0x186A,0x186A,0x186A,0x186A,
  0x186A,0x186A,0x186A,0x186A,0x186A,0x186A,0x186A,0x186A,0x186A,0x186A,0x186A,0x186A,0x186A,0x186A,0x186A,0x186A,
  0x186A,0x186A,0x186A,0x186A,0x186A,0x186A,0x186A,0x186A,0x184A,0x186A,0x186A,0x186A,0x186A,0x186A,0x186A,0x186A,
  0x186A,0x186A,0x186A,0x186A,0x186A,0x186A,0x186A,0x186A,0x186A,0x186A,0x186A,0x186A,0x186A,0x186A,0x186A,0x186A,
  0x186A,0x186A,0x186A,0x186A,0x186A,0x186A,0x186A,0x186A,0x186A,0x186A,0x186A,0x186A,0x186A,0x186A,0x186A,0x186A,
  0x186A,0x186A,0x186A,0x184A,0x20CB,0x184A,0x186A,0x186A,0x186A,0x186A,0x186A,0x186A,0x186A,0x186A,0x186A,0x186A,
  0x186A,0x186A,0x186A,0x186A,0x186A,0x186A,0x186A,0x186A,0x20CB,0x188A,0x186A,0x186A,0x186A,0x186A,0x186A,0x186A,
  0x186A,0x186A,0x186A,0x186A,0x186A,0x186A,0x186A,0x186A,0x186A,0x186A,0x186A,0x186A,0x186A,0x186A,0x186A,0x186A,
  0x186A,0x186A,0x186A,0x186A,0x186A,0x186A,0x186A,0x186A,0x186A,0x186A,0x186A,0x186A,0x186A,0x186A,0x186A,0x186A,
  0x186A,0x186A,0x186A,0x186A,0x186A,0x186A,0x186A,0x186A,0x186A,0x184A,0x186A,0x186A,0x186A,0x186A,0x186A,0x186A,
  0x186A,0x186A,0x186A,0x186A,0x186A,0x186A,0x186A,0x186A,0x186A,0x184A,0x1849,0x1869,0x1869,0x186A,0x186A,0x186A,
  0x1849,0x186A,0x186A,0x186A,0x186A,0x186A,0x186A,0x186A,0x186A,0x186A,0x186A,0x186A,0x186A,0x186A,0x186A,0x186A,
  0x186A,0x186A,0x186A,0x186A,0x186A,0x186A,0x186A,0x186A,0x186A,0x186A,0x186A,0x1849,0x184A,0x184A,0x186A,0x186A,
  0x186A,0x186A,0x184A,0x186A,0x186A,0x186A,0x186A,0x186A,0x186A,0x186A,0x186A,0x186A,0x186A,0x186A,0x186A,0x186A,
  0x1849,0x186A,0x186A,0x186A,0x186A,0x186A,0x186A,0x186A,0x1849,0x186A,0x186A,0x186A,0x186A,0x186A,0x186A,0x184A,
  0x186A,0x186A,0x186A,0x186A,0x186A,0x186A,0x186A,0x186A,0x186A,0x186A,0x186A,0x186A,0x186A,0x186A,0x186A,0x186A,
  0x186A,0x186A,0x186A,0x186A,0x1869,0x1869,0x1869,0x186A,0x184A,0x186A,0x186A,0x186A,0x186A,0x186A,0x1869,0x1869,
  0x28AB,0x288B,0x288B,0x288B,0x288B,0x288B,0x288B,0x288B,0x208B,0x288B,0x28AB,0x20AB,0x208B,0x288B,0x288B,0x288B,
  0x288B,0x288B,0x288B,0x20AB,0x288B,0x288B,0x288B,0x208B,0x288B,0x288B,0x288B,0x288B,0x288B,0x288B,0x288B,0x288B,
  0x28AB,0x288B,0x288B,0x208B,0x208B,0x208B,0x208B,0x288B,0x208B,0x288B,0x208B,0x288B,0x208B,0x208B,0x28AB,0x288B,
  0x288B,0x288B,0x288B,0x208B,0x208B,0x28AB,0x288B,0x288B,0x288B,0x288B,0x208B,0x208B,0x208B,0x208B,0x288B,0x28AB,
  0x208B,0x208B,0x208B,0x288B,0x28AB,0x208B,0x20AB,0x208B,0x208B,0x288B,0x208B,0x288B,0x288B,0x288B,0x288B,0x288B,
  0x20AB,0x208B,0x208B,0x288B,0x288B,0x288B,0x288B,0x288B,0x288B,0x288B,0x288B,0x288B,0x288B,0x288B,0x288B,0x208B,
  0x20AB,0x20AB,0x208B,0x288B,0x288B,0x288B,0x288B,0x288B,0x288B,0x288B,0x288B,0x20AB,0x288B,0x288B,0x208B,0x20AB,
  0x20AB,0x208B,0x208B,0x208B,0x208B,0x208B,0x20AB,0x208B,0x288B,0x288B,0x288B,0x288B,0x288B,0x288B,0x288B,0x288B,
  0x208B,0x288B,0x28AB,0x28AB,0x208B,0x288B,0x288B,0x288B,0x288B,0x288B,0x288B,0x288B,0x288B,0x288B,0x288B,0x288B,
  0x288B,0x288B,0x288B,0x208B,0x20AB,0x288B,0x288B,0x288B,0x288B,0x208B,0x288A,0x288A,0x288B,0x288B,0x288B,0x288B,
  0x208B,0x288B,0x288B,0x208B,0x208B,0x208B,0x28AB,0x28AB,0x288B,0x288B,0x288B,0x288B,0x288B,0x28AB,0x208B,0x208B,
  0x208B,0x288B,0x208B,0x208B,0x208B,0x208B,0x208B,0x28AB,0x288B,0x208B,0x288B,0x208B,0x28AB,0x208B,0x208B,0x208B,
  0x28AB,0x208B,0x208B,0x208B,0x288B,0x288B,0x208B,0x288B,0x20AB,0x296F,0x20AB,0x288B,0x208B,0x288B,0x288B,0x288B,
  0x28AB,0x208B,0x288B,0x288B,0x288B,0x288B,0x288B,0x208B,0x208B,0x208B,0x28AB,0x20AB,0x208B,0x288B,0x288B,0x288B,
  0x288B,0x28AB,0x208B,0x208B,0x288B,0x288B,0x208B,0x208B,0x28AB,0x208B,0x208B,0x208B,0x208B,0x208B,0x208B,0x208B,
  0x28AB,0x288B,0x28AB,0x288B,0x288B,0x288B,0x288B,0x28AB,0x28AB,0x288B,0x28AB,0x28AB,0x288B,0x288B,0x28AB,0x28AB,
  0x288B,0x28AB,0x288B,0x288B,0x28AB,0x288B,0x28AB,0x288B,0x288B,0x288B,0x288B,0x288B,0x28AB,0x288B,0x288B,0x288B,
  0x28AB,0x208B,0x28CD,0x208B,0x288B,0x288B,0x288B,0x28AB,0x288B,0x288B,0x288B,0x20AB,0x28AB,0x28AB,0x28AB,0x28AB,
  0x288B,0x288B,0x288B,0x28AB,0x288B,0x28AB,0x28AB,0x288B,0x288B,0x288B,0x20AB,0x208B,0x28AB,0x28AB,0x28AB,0x28AB,
  0x28AB,0x288B,0x288B,0x288B,0x28AB,0x28AB,0x28AB,0x28AB,0x208B,0x28AB,0x208B,0x288B,0x288B,0x288B,0x288B,0x28AB,
  0x208B,0x290D,0x20CB,0x28AB,0x28AB,0x28AB,0x28AB,0x28AB,0x28AB,0x28AB,0x28AB,0x288B,0x288B,0x288B,0x288B,0x28AB,
  0x28AB,0x28AB,0x28AB,0x28AB,0x28AB,0x288B,0x28AB,0x28AB,0x288B,0x28AB,0x28AB,0x28AB,0x288B,0x288B,0x28AB,0x28AB,
  0x28AB,0x28AB,0x28AB,0x28AB,0x208B,0x28AB,0x208B,0x28AB,0x288B,0x28AB,0x288B,0x288B,0x288B,0x288B,0x288B,0x28AB,
  0x28AB,0x28AB,0x288B,0x288B,0x288B,0x288B,0x28AB,0x28AB,0x288B,0x28AB,0x288B,0x288B,0x288B,0x288B,0x28AB,0x288B,
  0x288B,0x28AB,0x28AB,0x288B,0x288B,0x288B,0x288B,0x28AB,0x288B,0x208B,0x28AC,0x288B,0x288B,0x288B,0x288B,0x288B,
  0x288B,0x288B,0x288B,0x288B,0x288B,0x288B,0x288B,0x288B,0x288B,0x288B,0x288B,0x28AB,0x288B,0x28AB,0x288B,0x288B,
  0x288B,0x208B,0x288B,0x288B,0x28AB,0x28AB,0x28AB,0x288B,0x288B,0x208B,0x208B,0x208B,0x28AB,0x28AB,0x28AB,0x28AB,
  0x208B,0x288B,0x288B,0x288B,0x288B,0x288B,0x288B,0x28AB,0x288B,0x288B,0x288B,0x288B,0x288B,0x288B,0x28AB,0x288B,
  0x288B,0x288B,0x28AB,0x288B,0x28AB,0x288B,0x28AB,0x20AB,0x28AB,0x28AB,0x208B,0x28AB,0x288B,0x288B,0x288B,0x288B,
  0x288B,0x288B,0x288B,0x288B,0x288B,0x288B,0x28AB,0x28AB,0x208B,0x28AB,0x28AB,0x288B,0x208B,0x208B,0x288B,0x288B,
  0x28AB,0x288B,0x288B,0x288B,0x288B,0x288B,0x28AB,0x28AB,0x288B,0x288B,0x288B,0x288B,0x288B,0x28AB,0x28AB,0x28AB,
  0x288B,0x288B,0x288B,0x288B,0x28AB,0x288B,0x288B,0x28AB,0x28AB,0x288B,0x288B,0x288B,0x288B,0x288B,0x288B,0x288B,
  0x288B,0x288B,0x288B,0x288B,0x288B,0x288B,0x288B,0x28AB,0x288B,0x288B,0x288B,0x288B,0x288B,0x288B,0x288B,0x288B,
  0x288B,0x28AB,0x288B,0x288B,0x28AB,0x28AB,0x288B,0x288B,0x288B,0x288B,0x288B,0x288B,0x288B,0x288B,0x28AB,0x288B,
  0x288B,0x288B,0x28AB,0x28AB,0x28AB,0x28AB,0x288B,0x288B,0x288B,0x288B,0x288B,0x288B,0x288B,0x288B,0x288B,0x288B,
  0x288B,0x288B,0x288B,0x288B,0x288B,0x288B,0x288B,0x288B,0x288B,0x288B,0x288B,0x208B,0x28AB,0x290C,0x208B,0x208B,
  0x288B,0x288B,0x288B,0x288B,0x28AB,0x28AB,0x288B,0x288B,0x288B,0x288B,0x288B,0x28AB,0x288B,0x28AB,0x28AB,0x28AB,
  0x28AB,0x28AB,0x288B,0x288B,0x288B,0x288B,0x288B,0x288B,0x288B,0x288B,0x288B,0x288B,0x288B,0x288B,0x288B,0x288B,
  0x28AB,0x288B,0x288B,0x288B,0x288B,0x28AB,0x28AB,0x288B,0x288B,0x28AB,0x288B,0x28AB,0x288B,0x288B,0x288B,0x288B,
  0x28AB,0x28AB,0x288B,0x288B,0x288B,0x288B,0x288B,0x28AB,0x288B,0x288B,0x28AB,0x288B,0x288B,0x288B,0x288B,0x288B,
  0x288B,0x288B,0x288B,0x288B,0x288B,0x288B,0x288B,0x288B,0x288B,0x288B,0x288B,0x288B,0x288B,0x288B,0x288B,0x288B,
  0x288B,0x288B,0x288B,0x288B,0x288B,0x288B,0x288B,0x288B,0x28AB,0x288B,0x288B,0x288B,0x288B,0x288B,0x288B,0x288B,
  0x288B,0x288B,0x288B,0x288B,0x288B,0x288B,0x288B,0x288B,0x288B,0x288B,0x288B,0x28AB,0x288B,0x288B,0x288B,0x288B,
  0x288B,0x288B,0x288B,0x288B,0x20AB,0x28EC,0x288B,0x288B,0x288B,0x288B,0x288B,0x288B,0x288B,0x28AB,0x288B,0x288B,
  0x288B,0x288B,0x288B,0x28AB,0x288B,0x28AB,0x28AB,0x28AB,0x28AB,0x288B,0x288B,0x288B,0x288B,0x288B,0x288B,0x288B,
  0x288B,0x288B,0x288B,0x288C,0x288C,0x288C,0x288B,0x288B,0x28AB,0x288B,0x288B,0x288B,0x288B,0x28AB,0x28AB,0x288B,
  0x288B,0x288B,0x288B,0x28AB,0x288B,0x288B,0x288B,0x288B,0x288B,0x288B,0x288B,0x288B,0x288C,0x288B,0x288B,0x288B,
  0x288B,0x288B,0x288B,0x288B,0x288B,0x288B,0x288B,0x288B,0x28AB,0x288B,0x288B,0x288B,0x288B,0x208B,0x288B,0x288B,
  0x288B,0x288B,0x288B,0x288B,0x288B,0x288B,0x288B,0x28AB,0x288B,0x288B,0x288B,0x288B,0x288B,0x288B,0x288B,0x288B,
  0x28AB,0x28AB,0x28AB,0x288B,0x288B,0x288B,0x288B,0x288B,0x288B,0x288B,0x288B,0x28AB,0x288B,0x288B,0x288B,0x288B,
  0x288B,0x288B,0x288B,0x288B,0x288B,0x288B,0x288B,0x288B,0x288B,0x288B,0x288B,0x288B,0x288B,0x208B,0x288B,0x288B,
  0x288B,0x288B,0x288B,0x288B,0x28AB,0x288B,0x288B,0x288B,0x288B,0x28AB,0x28AB,0x288B,0x288B,0x28AB,0x288B,0x28AB,
  0x288B,0x288B,0x288B,0x288B,0x288B,0x288B,0x288B,0x206B,0x28AB,0x288B,0x288B,0x288B,0x288C,0x288B,0x28AB,0x28AB,
  0x288B,0x288B,0x288B,0x288B,0x28AB,0x288B,0x288B,0x28AB,0x288B,0x288B,0x288C,0x288C,0x288B,0x288B,0x288B,0x288B,
  0x288B,0x288B,0x288B,0x288B,0x288C,0x288B,0x288B,0x288B,0x288B,0x288B,0x288B,0x288B,0x288B,0x288B,0x288B,0x288B,
  0x288B,0x288B,0x288B,0x288B,0x288B,0x288B,0x288B,0x288B,0x288B,0x288B,0x288B,0x288B,0x288B,0x288B,0x288B,0x288B,
  0x288B,0x288B,0x288B,0x288B,0x288B,0x288B,0x28AB,0x288B,0x28AB,0x28AB,0x28AB,0x288B,0x288B,0x288B,0x288B,0x288B,
  0x288B,0x288B,0x288B,0x28AB,0x288B,0x288B,0x288B,0x288B,0x288B,0x288B,0x288B,0x288B,0x288B,0x288B,0x288B,0x288B,
  0x288C,0x288B,0x288B,0x288B,0x288B,0x288B,0x288B,0x288B,0x288B,0x288B,0x288B,0x288B,0x288B,0x288B,0x288B,0x28AB,
  0x288B,0x288B,0x288B,0x288B,0x288B,0x288B,0x28AB,0x28AB,0x288B,0x288B,0x288B,0x288B,0x288B,0x208B,0x208B,0x288B,
  0x288B,0x288B,0x288B,0x288B,0x288C,0x288C,0x288C,0x288B,0x288B,0x288B,0x288B,0x288B,0x288B,0x288B,0x288B,0x288C,
  0x288B,0x288B,0x208B,0x288B,0x288B,0x288B,0x288B,0x288B,0x288B,0x288B,0x288C,0x288B,0x288B,0x288B,0x288B,0x288B,
  0x288B,0x288B,0x288B,0x288B,0x288B,0x288B,0x288B,0x288B,0x288B,0x288B,0x208B,0x288B,0x288B,0x288B,0x288B,0x288B,
  0x288B,0x288B,0x288B,0x288B,0x288B,0x288B,0x288B,0x288B,0x288B,0x288B,0x288B,0x288B,0x288B,0x288B,0x288C,0x288C,
  0x288C,0x288B,0x288B,0x288B,0x288B,0x288B,0x288B,0x208B,0x208C,0x288B,0x288C,0x288C,0x288B,0x208B,0x288B,0x288C,
  0x288B,0x288B,0x288B,0x288B,0x288B,0x288B,0x288B,0x288B,0x288B,0x288B,0x288B,0x288B,0x288B,0x208B,0x288B,0x288B,
  0x288B,0x288B,0x288B,0x288B,0x288B,0x288B,0x288B,0x288B,0x288B,0x288B,0x288B,0x28AB,0x288B,0x288B,0x288B,0x288B,
  0x288B,0x288B,0x288B,0x288B,0x288B,0x288B,0x288B,0x208B,0x288C,0x288C,0x288C,0x288B,0x288B,0x288C,0x288C,0x288C,
  0x288C,0x288B,0x288C,0x288C,0x288B,0x288B,0x288B,0x288C,0x288C,0x288B,0x288B,0x288C,0x288B,0x208B,0x288B,0x288B,
  0x208B,0x288B,0x288B,0x288B,0x288B,0x288B,0x288B,0x288B,0x288B,0x288B,0x288C,0x288B,0x288B,0x288B,0x288B,0x288B,
  0x288B,0x288B,0x288B,0x288B,0x288B,0x288B,0x288B,0x288B,0x288B,0x288B,0x288B,0x288B,0x288B,0x288C,0x288C,0x288C,
  0x288C,0x288B,0x288B,0x208B,0x208B,0x288C,0x288C,0x288C,0x288C,0x288C,0x288C,0x288C,0x208B,0x208C,0x208B,0x288C,
  0x206B,0x288C,0x206B,0x288B,0x288B,0x288B,0x288C,0x288C,0x288C,0x288C,0x288C,0x288C,0x288B,0x206B,0x288C,0x288C,
  0x208C,0x288B,0x288B,0x288B,0x288B,0x288C,0x288B,0x288B,0x288C,0x288C,0x288B,0x288C,0x288B,0x288C,0x288C,0x288B,
  0x288B,0x288C,0x288C,0x288C,0x288B,0x288C,0x288C,0x288C,0x288B,0x288B,0x288B,0x288B,0x208B,0x208B,0x288B,0x206B,
  0x288C,0x208B,0x288C,0x286C,0x288C,0x288C,0x288C,0x288C,0x288C,0x288C,0x288C,0x288C,0x288C,0x288C,0x288C,0x288C,
  0x288C,0x288C,0x288C,0x288C,0x288C,0x288C,0x288C,0x288C,0x288C,0x288C,0x288C,0x288C,0x288C,0x288B,0x288C,0x288C,
  0x288C,0x288C,0x288C,0x288B,0x208B,0x288B,0x208B,0x288B,0x288C,0x288B,0x288B,0x286B,0x288C,0x288B,0x288B,0x288B,
  0x288C,0x288C,0x288C,0x288C,0x288C,0x288C,0x288C,0x288C,0x288C,0x288C,0x288C,0x288C,0x288C,0x288C,0x288C,0x288C,
  0x288C,0x208C,0x288C,0x288C,0x288C,0x288C,0x288C,0x288C,0x288C,0x288B,0x288C,0x288C,0x288C,0x288B,0x288C,0x288C,
  0x288C,0x288C,0x206C,0x288C,0x286C,0x288C,0x288C,0x288C,0x288C,0x288B,0x288C,0x288C,0x288C,0x288C,0x288C,0x288C,
  0x288C,0x288C,0x288C,0x288C,0x288C,0x288C,0x288C,0x288C,0x286C,0x288C,0x288C,0x288C,0x288B,0x288B,0x206B,0x288C,
  0x288B,0x288C,0x206B,0x288B,0x208B,0x208B,0x288B,0x286C,0x286D,0x286D,0x286D,0x286D,0x286D,0x286D,0x286D,0x286D,
  0x286D,0x286D,0x286D,0x286D,0x286D,0x286D,0x286D,0x286D,0x286D,0x286D,0x286D,0x286D,0x286D,0x286D,0x286D,0x286D,
  0x286D,0x286D,0x286D,0x286D,0x286D,0x286D,0x286D,0x286D,0x286D,0x286D,0x286D,0x286D,0x286D,0x286D,0x286D,0x286D,
  0x286D,0x286D,0x286D,0x286D,0x286D,0x286D,0x286D,0x286D,0x286D,0x286D,0x286D,0x286D,0x286D,0x286D,0x286D,0x286D,
  0x286D,0x286D,0x284D,0x284D,0x286D,0x286D,0x286D,0x286D,0x286D,0x286D,0x286D,0x286D,0x286D,0x286D,0x286D,0x286D,
  0x286D,0x286D,0x286D,0x286D,0x286D,0x284D,0x286D,0x286D,0x286D,0x286D,0x286D,0x284D,0x286D,0x286D,0x286D,0x286D,
  0x286D,0x286D,0x286D,0x286D,0x286D,0x286D,0x286D,0x286D,0x286D,0x286D,0x286D,0x286D,0x286D,0x286D,0x286D,0x286D,
  0x286D,0x286D,0x286D,0x286D,0x286D,0x286D,0x286D,0x286D,0x286D,0x286D,0x286D,0x286D,0x286D,0x286D,0x286D,0x286D,
  0x286E,0x286E,0x286E,0x286E,0x286E,0x286E,0x286E,0x286E,0x286E,0x286E,0x286E,0x286E,0x286E,0x286E,0x286E,0x286E,
  0x286E,0x286E,0x286E,0x286E,0x286E,0x286E,0x286E,0x286E,0x286E,0x286E,0x286E,0x286E,0x286E,0x286E,0x286E,0x286E,
  0x286E,0x286E,0x286E,0x286E,0x286E,0x286E,0x286E,0x286E,0x286E,0x286E,0x286E,0x286D,0x286D,0x286E,0x286E,0x286E,
  0x286E,0x286E,0x284D,0x286E,0x286E,0x286E,0x286E,0x286E,0x286E,0x286E,0x286E,0x286E,0x286E,0x286E,0x286E,0x286E,
  0x286E,0x286E,0x286E,0x286E,0x286E,0x286E,0x286E,0x286E,0x286E,0x286E,0x286E,0x286E,0x286E,0x286E,0x286E,0x286E,
  0x286E,0x286E,0x286E,0x286E,0x286E,0x286E,0x286E,0x286E,0x286E,0x286E,0x286E,0x286E,0x286E,0x286E,0x286E,0x286E,
  0x286E,0x286E,0x286E,0x286E,0x286E,0x286E,0x286E,0x286E,0x286E,0x286E,0x286E,0x286E,0x286E,0x286E,0x286D,0x286D,
  0x286D,0x286E,0x286E,0x286D,0x286D,0x286D,0x286E,0x306E,0x286E,0x286E,0x286E,0x286E,0x286E,0x286E,0x286E,0x286E,
  0x286E,0x286E,0x284E,0x284E,0x286D,0x286E,0x286E,0x286E,0x286E,0x284E,0x286E,0x286E,0x286E,0x286E,0x286E,0x286E,
  0x286E,0x286E,0x286E,0x286E,0x286E,0x286E,0x286E,0x286E,0x286E,0x286E,0x286E,0x286E,0x304D,0x286E,0x286E,0x286E,
  0x286E,0x286E,0x286E,0x286E,0x286E,0x286E,0x286E,0x286E,0x286E,0x284D,0x4150,0x284D,0x286E,0x306E,0x306E,0x306E,
  0x306E,0x286E,0x286E,0x286E,0x286E,0x306E,0x306E,0x306E,0x306E,0x286E,0x286E,0x286E,0x286E,0x286E,0x286E,0x286E,
  0x286E,0x286E,0x286E,0x286E,0x286E,0x286E,0x286E,0x286E,0x286E,0x286E,0x286E,0x286E,0x286E,0x286E,0x286E,0x286E,
  0x286E,0x286E,0x286E,0x286E,0x284E,0x306E,0x286E,0x286E,0x306E,0x306E,0x306E,0x286E,0x286E,0x286E,0x286E,0x286E,
  0x286E,0x286E,0x286E,0x286E,0x286E,0x286E,0x286E,0x286E,0x286E,0x286E,0x286E,0x286E,0x286E,0x286E,0x286E,0x306E,
  0x286E,0x286E,0x286E,0x286E,0x286E,0x286E,0x286E,0x286E,0x306E,0x306E,0x306E,0x306E,0x286E,0x286E,0x286E,0x286E,
  0x286E,0x286E,0x306E,0x306E,0x286E,0x286E,0x286E,0x286E,0x286E,0x286E,0x286D,0x286D,0x286E,0x286E,0x286E,0x286E,
  0x286E,0x286E,0x286E,0x286E,0x284E,0x286D,0x286C,0x286D,0x286D,0x306E,0x286E,0x286E,0x286E,0x286E,0x286E,0x286E,
  0x286E,0x286E,0x284D,0x286E,0x306E,0x306E,0x306E,0x306E,0x306E,0x306E,0x306E,0x306E,0x306E,0x306E,0x306E,0x306E,
  0x306E,0x306E,0x306E,0x306E,0x306E,0x306E,0x306E,0x306E,0x306E,0x306E,0x306E,0x306E,0x306E,0x306E,0x306E,0x306E,
  0x306E,0x306E,0x306E,0x286E,0x306E,0x306E,0x306E,0x306E,0x306E,0x306E,0x286E,0x286E,0x286E,0x306E,0x306E,0x306E,
  0x306E,0x306E,0x286E,0x286E,0x286E,0x306E,0x306E,0x306E,0x306E,0x306E,0x306E,0x306E,0x286E,0x286E,0x286E,0x286E,
  0x286E,0x306E,0x306E,0x286E,0x286E,0x306E,0x286E,0x306E,0x286E,0x286E,0x286E,0x286D,0x286E,0x286D,0x286E,0x306E,
  0x306D,0x306E,0x306E,0x306E,0x286E,0x286E,0x286E,0x286E,0x286E,0x286E,0x286E,0x306E,0x286E,0x286E,0x286E,0x286E,
  0x286E,0x284E,0x286D,0x1849,0x1849,0x206D,0x286E,0x286E,0x286E,0x286E,0x286E,0x286D,0x204A,0x1084,0x08A2,0x0882,
  0x1047,0x286E,0x286E,0x286E,0x286E,0x286E,0x286E,0x286E,0x286E,0x286E,0x286D,0x286E,0x306E,0x306E,0x306E,0x306E,
  0x306E,0x306E,0x306E,0x306E,0x306E,0x306E,0x306E,0x306E,0x306E,0x306E,0x306E,0x306E,0x306E,0x306E,0x306E,0x306E,
  0x306E,0x306E,0x306E,0x306E,0x306E,0x306E,0x306E,0x306E,0x306E,0x306E,0x306E,0x306E,0x306E,0x306E,0x306E,0x306E,
  0x306E,0x306E,0x306E,0x306E,0x306E,0x306E,0x306E,0x306E,0x306E,0x306E,0x286E,0x286E,0x286E,0x306E,0x306E,0x306E,
  0x306E,0x306E,0x306E,0x306E,0x286E,0x286E,0x286E,0x286E,0x286E,0x306E,0x306E,0x306E,0x304E,0x306E,0x286E,0x306E,
  0x286E,0x286E,0x286E,0x286D,0x304E,0x284D,0x204A,0x206A,0x206C,0x306E,0x306E,0x306E,0x306E,0x306E,0x286E,0x286E,
  0x286E,0x286E,0x286E,0x286E,0x286E,0x286E,0x286E,0x286E,0x286E,0x286D,0x204B,0x0882,0x1141,0x18C5,0x204B,0x284D,
  0x284E,0x286E,0x284D,0x1868,0x1122,0x1181,0x0941,0x08A1,0x1869,0x304E,0x286E,0x286E,0x286E,0x286E,0x286E,0x286E,
  0x286E,0x286E,0x286E,0x286E,0x306E,0x306E,0x306E,0x306E,0x306E,0x306E,0x306E,0x306E,0x306E,0x306E,0x306E,0x306E,
  0x306E,0x306E,0x306E,0x306E,0x306E,0x306E,0x306E,0x306E,0x306E,0x306E,0x306E,0x306E,0x306E,0x306E,0x306E,0x306E,
  0x306E,0x306E,0x306E,0x306E,0x306E,0x306E,0x306E,0x306E,0x306E,0x306E,0x306E,0x306E,0x306E,0x306E,0x306E,0x306E,
  0x306E,0x306E,0x286E,0x306E,0x306E,0x306E,0x306E,0x306E,0x306E,0x306E,0x306E,0x286E,0x286E,0x286E,0x286E,0x286E,
  0x306E,0x306E,0x306E,0x306E,0x306E,0x306E,0x306E,0x306E,0x286E,0x306E,0x286E,0x306E,0x1869,0x0884,0x1121,0x0901,
  0x1064,0x286D,0x306E,0x306E,0x306E,0x306E,0x306E,0x286E,0x286E,0x286E,0x286E,0x284E,0x284E,0x286E,0x286C,0x286C,
  0x206C,0x286C,0x284D,0x204B,0x08A3,0x1181,0x1123,0x206A,0x286E,0x286D,0x1867,0x1141,0x0100,0x00E0,0x0861,0x204A,
  0x284D,0x286E,0x286E,0x286E,0x286E,0x284E,0x284E,0x284E,0x286E,0x286E,0x286E,0x286E,0x306E,0x306E,0x306E,0x306E,
  0x306E,0x306E,0x306E,0x306E,0x306E,0x306E,0x306E,0x306E,0x306E,0x306E,0x306E,0x306E,0x306E,0x306E,0x306E,0x286E,
  0x306E,0x306E,0x306E,0x286E,0x286E,0x306E,0x306E,0x306E,0x306E,0x306E,0x306E,0x306E,0x306E,0x306E,0x286E,0x306E,
  0x306E,0x306E,0x306E,0x306E,0x306E,0x306E,0x306E,0x306E,0x306E,0x306E,0x306E,0x306E,0x306E,0x306E,0x306E,0x306E,
  0x306E,0x306E,0x306E,0x286E,0x286E,0x286E,0x284D,0x286E,0x306E,0x306E,0x286E,0x286E,0x306E,0x306E,0x306E,0x306E,
  0x286E,0x306D,0x306D,0x1869,0x1122,0x0961,0x00E0,0x0882,0x2069,0x306D,0x306E,0x306E,0x306E,0x306E,0x306E,0x286E,
  0x286E,0x284E,0x286E,0x284E,0x284D,0x1848,0x10E4,0x10E2,0x10E2,0x10E2,0x1886,0x284C,0x1848,0x0080,0x1161,0x10E3,
  0x286B,0x1869,0x1163,0x00A0,0x0040,0x0000,0x1848,0x286E,0x286D,0x284E,0x284E,0x286E,0x286E,0x304E,0x304E,0x284E,
  0x286E,0x286E,0x286E,0x286E,0x286E,0x306E,0x306E,0x306E,0x306E,0x306E,0x306E,0x306E,0x306E,0x306E,0x306E,0x306E,
  0x306E,0x306E,0x306E,0x306E,0x306E,0x306E,0x306E,0x306E,0x306E,0x306E,0x306E,0x306E,0x306E,0x306E,0x306E,0x306E,
  0x306E,0x306E,0x306E,0x306E,0x306E,0x306E,0x306E,0x306E,0x306E,0x306E,0x306E,0x306E,0x306E,0x306E,0x306E,0x306E,
  0x306E,0x306E,0x306E,0x306E,0x306E,0x306E,0x306E,0x306E,0x306E,0x306E,0x306E,0x286E,0x286E,0x284D,0x4110,0x284D,
  0x286E,0x306E,0x304E,0x284E,0x306E,0x306E,0x306E,0x306E,0x2069,0x306D,0x206A,0x1142,0x0941,0x00C0,0x0861,0x206B,
  0x306D,0x306D,0x306E,0x306E,0x306E,0x306E,0x306E,0x306E,0x304E,0x304E,0x284D,0x204C,0x0824,0x1102,0x1982,0x0901,
  0x1121,0x11A2,0x1A03,0x1924,0x204A,0x1024,0x0920,0x19C2,0x1045,0x1044,0x0921,0x00C0,0x00A0,0x0864,0x286C,0x286D,
  0x286D,0x286D,0x284D,0x304E,0x304E,0x304E,0x304E,0x304E,0x286E,0x286E,0x286E,0x306E,0x306E,0x306E,0x306E,0x306E,
  0x306E,0x306E,0x306E,0x306E,0x306E,0x306E,0x306E,0x306E,0x306E,0x306E,0x306E,0x306E,0x306E,0x306E,0x306E,0x306E,
  0x306E,0x306E,0x306E,0x306E,0x306E,0x306E,0x306E,0x306E,0x306E,0x306E,0x306E,0x306E,0x306E,0x306E,0x306E,0x306E,
  0x306E,0x306E,0x306E,0x306E,0x306E,0x306E,0x306E,0x306E,0x306E,0x306E,0x306E,0x306E,0x306E,0x306E,0x306E,0x306E,
  0x306E,0x306E,0x306E,0x306E,0x306E,0x306E,0x284D,0x306E,0x306E,0x306E,0x306E,0x304E,0x306E,0x306E,0x306E,0x306E,
  0x1923,0x284A,0x10E2,0x0921,0x00A0,0x0060,0x2048,0x304D,0x304E,0x304D,0x306E,0x306E,0x304E,0x306E,0x306E,0x304E,
  0x304E,0x304E,0x304D,0x306D,0x204A,0x204A,0x1025,0x08A1,0x08A1,0x0841,0x11A2,0x11A1,0x1943,0x1046,0x08C1,0x19E2,
  0x0041,0x08E1,0x08E0,0x0000,0x1024,0x1848,0x1084,0x1083,0x1083,0x1084,0x286B,0x304E,0x304E,0x304E,0x306E,0x286D,
  0x304E,0x286E,0x304E,0x304E,0x306E,0x306E,0x306E,0x306E,0x306E,0x306E,0x306E,0x306E,0x306E,0x306E,0x306E,0x306E,
  0x306E,0x304E,0x304E,0x306E,0x304E,0x304E,0x306E,0x304E,0x304E,0x306E,0x306E,0x304E,0x306E,0x306E,0x306E,0x306E,
  0x306E,0x306E,0x306E,0x306E,0x306E,0x306E,0x306E,0x306E,0x306E,0x306E,0x306E,0x306E,0x306E,0x306E,0x306E,0x306E,
  0x304E,0x304E,0x306E,0x306E,0x306E,0x306E,0x306E,0x306E,0x304E,0x304E,0x306E,0x286E,0x306E,0x306E,0x304E,0x306E,
  0x304E,0x306E,0x306E,0x304E,0x306E,0x306E,0x306E,0x306E,0x1982,0x1043,0x00C1,0x00A0,0x0841,0x1866,0x306A,0x284A,
  0x286A,0x284A,0x386E,0x404E,0x404E,0x404E,0x404E,0x404E,0x404E,0x404E,0x406E,0x404E,0x404E,0x384E,0x384E,0x284A,
  0x284A,0x304C,0x1044,0x08C1,0x11A1,0x1162,0x0040,0x19C3,0x0020,0x0901,0x0040,0x0000,0x00A0,0x00E0,0x1162,0x1142,
  0x1181,0x19C3,0x18E4,0x306B,0x404E,0x404E,0x404E,0x404E,0x404E,0x404E,0x384E,0x386E,0x384E,0x404E,0x406E,0x404E,
  0x406E,0x404E,0x406E,0x406E,0x386E,0x386E,0x406E,0x406E,0x386E,0x386E,0x406E,0x386E,0x404E,0x406E,0x406E,0x406E,
  0x406E,0x386E,0x406E,0x406E,0x406E,0x406E,0x384E,0x386E,0x406E,0x406E,0x406E,0x406E,0x406E,0x406E,0x386E,0x386E,
  0x406E,0x384E,0x406E,0x406E,0x406E,0x386E,0x386E,0x386E,0x386E,0x386E,0x406E,0x406E,0x406E,0x406E,0x404E,0x404E,
  0x406E,0x384E,0x384E,0x406E,0x406E,0x406E,0x406E,0x406E,0x406E,0x406E,0x404E,0x404E,0x404E,0x404E,0x404E,0x404E,
  0x19A2,0x0000,0x1141,0x0020,0x0000,0x0842,0x1163,0x1982,0x1182,0x1182,0x1885,0x384E,0x404E,0x404E,0x406E,0x406E,
  0x406E,0x406E,0x384E,0x406E,0x404E,0x384E,0x386E,0x404E,0x404E,0x2027,0x1846,0x0001,0x08C1,0x2203,0x08A1,0x08E1,
  0x0040,0x0080,0x0060,0x1161,0x0100,0x00E0,0x08C0,0x0080,0x00E0,0x00A0,0x1182,0x1884,0x406E,0x384E,0x384E,0x384E,
  0x384E,0x384E,0x384E,0x386E,0x406E,0x386E,0x386E,0x386E,0x386E,0x408D,0x408D,0x386E,0x386D,0x384D,0x384D,0x386E,
  0x386E,0x384E,0x406E,0x386E,0x406E,0x406E,0x386E,0x386E,0x386E,0x386E,0x404E,0x384E,0x386E,0x386E,0x384E,0x386E,
  0x386E,0x386E,0x386E,0x386E,0x404E,0x386E,0x386E,0x386E,0x386E,0x386E,0x386E,0x386E,0x386E,0x406E,0x406E,0x406E,
  0x406E,0x406E,0x386E,0x386E,0x386E,0x386E,0x384E,0x384E,0x384E,0x386E,0x384E,0x406E,0x386E,0x406E,0x386E,0x384E,
  0x384E,0x386E,0x384E,0x384E,0x404E,0x384E,0x404E,0x404F,0x1943,0x0040,0x08C1,0x0040,0x0901,0x0100,0x0940,0x00A0,
  0x0100,0x00C0,0x11A2,0x2066,0x404E,0x406E,0x404E,0x404E,0x404E,0x406E,0x406E,0x404E,0x404E,0x404E,0x384D,0x2869,
  0x10A3,0x19A3,0x1982,0x1982,0x08E1,0x00A0,0x08E1,0x0000,0x0000,0x0000,0x08C1,0x00C0,0x0080,0x0000,0x0823,0x0822,
  0x0081,0x0021,0x0941,0x1982,0x304A,0x404E,0x404E,0x404E,0x404E,0x404E,0x404E,0x404E,0x404E,0x406E,0x406E,0x406E,
  0x388C,0x41C9,0x736E,0x736E,0x6B2D,0x6ACE,0x51CC,0x386D,0x406E,0x384E,0x404E,0x404E,0x404E,0x406E,0x406E,0x406E,
  0x404E,0x404E,0x404E,0x404E,0x404E,0x406E,0x406E,0x406E,0x404E,0x404E,0x406E,0x406E,0x406E,0x406E,0x406E,0x386E,
  0x406E,0x406E,0x386E,0x386E,0x406E,0x406E,0x406E,0x406E,0x406E,0x406E,0x406E,0x406E,0x406E,0x406E,0x406E,0x406E,
  0x406E,0x406E,0x404E,0x404E,0x404E,0x404E,0x384E,0x404E,0x404E,0x404E,0x404E,0x404E,0x404E,0x404E,0x404E,0x404F,
  0x0881,0x0000,0x0000,0x0901,0x0901,0x0040,0x0081,0x0860,0x0080,0x0040,0x0960,0x1903,0x304C,0x384E,0x404F,0x386E,
  0x386F,0x386E,0x406F,0x404F,0x404E,0x384D,0x1885,0x1141,0x19A1,0x0940,0x1982,0x10C1,0x1101,0x08E1,0x0080,0x0040,
  0x0000,0x0040,0x0881,0x0020,0x0000,0x1044,0x304A,0x306A,0x1826,0x306A,0x0081,0x1162,0x2849,0x384E,0x384E,0x386E,
  0x384E,0x384E,0x384E,0x386E,0x386E,0x386E,0x386E,0x386D,0x62ED,0x52CA,0x7BCE,0x736C,0x6B4C,0x8C50,0xA534,0x7B50,
  0x384D,0x404E,0x384F,0x384E,0x384F,0x384F,0x404F,0x386F,0x384F,0x384F,0x404F,0x404E,0x384F,0x384F,0x404F,0x384E,
  0x384E,0x404F,0x384E,0x384F,0x384E,0x404E,0x404F,0x406F,0x406E,0x406E,0x384E,0x384E,0x384E,0x384F,0x384F,0x384F,
  0x386F,0x386F,0x384E,0x406E,0x384F,0x384F,0x384E,0x384F,0x386F,0x384E,0x384E,0x384F,0x404F,0x404F,0x384F,0x384E,
  0x384F,0x384E,0x384E,0x384E,0x384E,0x384F,0x384F,0x384F,0x0000,0x0000,0x08A1,0x0000,0x0000,0x0001,0x306A,0x386B,
  0x1024,0x2868,0x0881,0x1162,0x284A,0x386E,0x386F,0x386E,0x386E,0x386E,0x386F,0x386E,0x386E,0x18A5,0x19C3,0x00C0,
  0x1161,0x0060,0x08A1,0x0040,0x0020,0x0020,0x0080,0x0901,0x0881,0x0020,0x0040,0x0881,0x08E0,0x08C0,0x08E1,0x10A2,
  0x2047,0x404E,0x3049,0x1903,0x284A,0x384E,0x386E,0x386E,0x384F,0x384E,0x384E,0x384E,0x386E,0x384F,0x386E,0x306D,
  0x4A69,0x41E6,0x736A,0x7B8A,0x73AB,0x83EB,0x83CC,0x734D,0x304D,0x384E,0x384E,0x384E,0x384F,0x384F,0x384E,0x386F,
  0x384E,0x384E,0x384E,0x404F,0x384E,0x384E,0x384F,0x384F,0x384E,0x384E,0x384E,0x384E,0x384E,0x384F,0x384F,0x384F,
  0x384E,0x384F,0x384F,0x384F,0x384F,0x384F,0x384F,0x384F,0x384E,0x384E,0x386E,0x384E,0x384F,0x384F,0x384F,0x386F,
  0x384F,0x384F,0x384E,0x384F,0x384F,0x384F,0x384F,0x384F,0x384F,0x384F,0x384E,0x384E,0x384F,0x384F,0x384F,0x384F,
  0x08E1,0x0000,0x0060,0x0060,0x08C1,0x0881,0x10C3,0x18A4,0x2848,0x486D,0x2047,0x1923,0x304B,0x404F,0x406F,0x404F,
  0x404F,0x406E,0x404F,0x486E,0x2047,0x21E3,0x0921,0x0060,0x1121,0x0000,0x0001,0x2045,0x0000,0x0881,0x0040,0x0921,
  0x0040,0x00A0,0x10E1,0x0000,0x08C1,0x0080,0x1101,0x0961,0x1141,0x08A2,0x384A,0x384B,0x404D,0x404F,0x404F,0x406E,
  0x404E,0x406E,0x404E,0x406E,0x404F,0x406F,0x406E,0x386D,0x4A27,0x31A6,0x526A,0x528A,0x5ACB,0x62CB,0x734A,0x6AC9,
  0x384D,0x404F,0x406F,0x406F,0x404F,0x404F,0x406F,0x404F,0x404F,0x404F,0x406F,0x406F,0x404F,0x404F,0x404F,0x406F,
  0x404F,0x404F,0x404F,0x404F,0x404F,0x404F,0x406F,0x406F,0x404F,0x404E,0x406F,0x406F,0x406F,0x406F,0x406F,0x406E,
  0x412D,0x398B,0x404E,0x406F,0x406F,0x406F,0x406F,0x404E,0x406F,0x404F,0x384E,0x404F,0x404F,0x404F,0x404F,0x406F,
  0x406F,0x404F,0x404F,0x404F,0x404F,0x404F,0x404F,0x404F,0x1101,0x0020,0x08C1,0x08A1,0x0060,0x0920,0x0921,0x1181,
  0x0901,0x0842,0x304A,0x384A,0x484E,0x484F,0x484F,0x484F,0x484F,0x484F,0x484E,0x384C,0x08A1,0x1181,0x0060,0x0822,
  0x0000,0x0801,0x3068,0x1082,0x1181,0x08C1,0x08A1,0x0060,0x0020,0x00C0,0x19C3,0x08E1,0x0000,0x0020,0x0060,0x0140,
  0x0960,0x0960,0x1102,0x306A,0x484E,0x484F,0x484F,0x484F,0x484E,0x1866,0x386B,0x482F,0x484F,0x484F,0x484F,0x406D,
  0x29C8,0x2186,0x7BCC,0x8C4E,0x948F,0x9490,0x7BCD,0x62CB,0x404D,0x484F,0x484F,0x484F,0x484F,0x484F,0x484F,0x484F,
  0x484F,0x484F,0x484F,0x484F,0x484F,0x484F,0x484F,0x484F,0x484F,0x484F,0x484F,0x484F,0x484E,0x484E,0x486E,0x484E,
  0x484F,0x484F,0x484E,0x484E,0x484E,0x484E,0x484E,0x484E,0x40CC,0x418B,0x484E,0x486E,0x486E,0x484E,0x484E,0x486F,
  0x484E,0x484F,0x404E,0x404F,0x484F,0x484F,0x484F,0x484E,0x484E,0x484F,0x484F,0x484F,0x484F,0x484F,0x484F,0x484F,
  0x0040,0x0060,0x1142,0x1182,0x0020,0x0060,0x0040,0x0921,0x0920,0x0920,0x10C2,0x406B,0x484F,0x484F,0x484F,0x486F,
  0x484F,0x504F,0x504F,0x2046,0x08C1,0x0060,0x2848,0x484E,0x2828,0x2868,0x0882,0x19C2,0x11A2,0x08E0,0x08C1,0x0000,
  0x0000,0x00A0,0x11A1,0x11A2,0x0040,0x0000,0x0020,0x08C0,0x0100,0x0140,0x0941,0x1064,0x484E,0x384B,0x2046,0x2046,
  0x384A,0x1845,0x10E3,0x386B,0x484F,0x484F,0x484F,0x406D,0x29C8,0x2166,0x632B,0x736D,0x73AE,0x738D,0x842E,0x6B2C,
  0x484D,0x484E,0x484F,0x484F,0x484F,0x484F,0x484F,0x484F,0x484F,0x484F,0x484F,0x484F,0x484F,0x484F,0x484F,0x484F,
  0x484F,0x484F,0x484F,0x484F,0x484F,0x484F,0x486E,0x484F,0x484F,0x484F,0x484F,0x484F,0x484F,0x484F,0x486F,0x484F,
  0x498C,0x4A2A,0x486E,0x486E,0x484E,0x484E,0x484E,0x484F,0x484F,0x484F,0x402E,0x484F,0x484E,0x484F,0x484F,0x484F,
  0x484F,0x484F,0x484F,0x484F,0x484F,0x484F,0x484F,0x484F,0x0000,0x0000,0x0921,0x11A2,0x1101,0x0000,0x0000,0x00A0,
  0x00A0,0x0940,0x11A2,0x20A5,0x504F,0x502F,0x504F,0x504F,0x484D,0x2848,0x506E,0x1063,0x0882,0x2026,0x504F,0x502F,
  0x584F,0x1082,0x1161,0x0941,0x10E2,0x0881,0x0040,0x0000,0x0000,0x08E1,0x0961,0x1161,0x0881,0x2866,0x0000,0x0020,
  0x0000,0x00A0,0x00C0,0x1122,0x404B,0x2046,0x0901,0x1982,0x1943,0x2867,0x08C1,0x10A4,0x486D,0x3049,0x2848,0x2847,
  0x29C8,0x2186,0x738D,0x7BCE,0x7BAE,0x73AE,0x7BEE,0x630D,0x482E,0x502F,0x502F,0x482F,0x482F,0x482F,0x482F,0x482F,
  0x482F,0x482F,0x482F,0x482F,0x484F,0x482F,0x482F,0x482F,0x482F,0x482F,0x482F,0x482F,0x482F,0x482F,0x482F,0x482F,
  0x484F,0x482F,0x482F,0x484F,0x482F,0x484F,0x502F,0x482E,0x736A,0x7389,0x48AB,0x484F,0x502F,0x504F,0x482F,0x502F,
  0x482F,0x482F,0x482F,0x482F,0x482F,0x484F,0x484F,0x482F,0x482F,0x482F,0x482F,0x482F,0x482F,0x482F,0x482F,0x482F,
  0x0000,0x0020,0x1122,0x0961,0x1142,0x2065,0x1002,0x0000,0x0000,0x00C0,0x00E0,0x1942,0x404B,0x582F,0x582F,0x484D,
  0x18C4,0x1883,0x584F,0x1824,0x2847,0x502F,0x582F,0x582F,0x504F,0x10C3,0x08C1,0x08E1,0x0020,0x0000,0x0000,0x0000,
  0x0000,0x0000,0x0901,0x1181,0x0900,0x3829,0x3848,0x0000,0x0000,0x0060,0x0060,0x1182,0x402B,0x582E,0x3849,0x0040,
  0x1141,0x10C2,0x0881,0x08A1,0x0862,0x1162,0x1121,0x1162,0x1964,0x29A6,0x7BAE,0x7BEE,0x7BCE,0x7BEF,0x840F,0x734D,
  0x502E,0x582F,0x582F,0x582F,0x5830,0x582F,0x5830,0x5830,0x5830,0x582F,0x582F,0x582F,0x582F,0x582F,0x5830,0x5830,
  0x582F,0x582F,0x582F,0x582F,0x582F,0x582F,0x582F,0x580F,0x582F,0x582F,0x582F,0x582F,0x582F,0x580F,0x582F,0x504C,
  0xBBEB,0xC42B,0x6109,0x582F,0x5830,0x582F,0x582F,0x582F,0x582F,0x5030,0x502F,0x502F,0x582F,0x582F,0x582F,0x582F,
  0x502F,0x502F,0x582F,0x582F,0x582F,0x5830,0x5830,0x5830,0x0000,0x0000,0x0060,0x19C2,0x11A2,0x1843,0x506C,0x0801,
  0x0000,0x0881,0x0060,0x1142,0x402B,0x582F,0x504E,0x18E4,0x1161,0x2847,0x580F,0x504E,0x582F,0x582F,0x582F,0x582F,
  0x2867,0x1161,0x00A0,0x0881,0x0801,0x0000,0x0000,0x0000,0x0000,0x0000,0x0060,0x0941,0x1982,0x3068,0x582E,0x0801,
  0x0801,0x2045,0x0020,0x1162,0x404B,0x3829,0x2045,0x0841,0x0020,0x08A1,0x0020,0x0040,0x0060,0x0020,0x2846,0x1844,
  0x08A1,0x10C3,0x738D,0x7BAE,0x7BCE,0x7BEF,0x8430,0x736E,0x502E,0x582F,0x5830,0x5830,0x5830,0x502F,0x5830,0x5830,
  0x5830,0x5030,0x5030,0x5030,0x5830,0x5830,0x5830,0x5830,0x502F,0x502F,0x502F,0x502F,0x502F,0x5030,0x5030,0x502F,
  0x582F,0x502F,0x5830,0x5830,0x5830,0x5830,0x582F,0x588A,0xC40B,0xCC0B,0x7188,0x502E,0x582F,0x582F,0x582F,0x5030,
  0x5030,0x502F,0x5030,0x502F,0x502F,0x502F,0x502F,0x5030,0x502F,0x502F,0x502F,0x5030,0x5030,0x5030,0x5830,0x582F,
  0x0000,0x0000,0x0020,0x0901,0x0961,0x10C3,0x584D,0x2846,0x0000,0x2867,0x0000,0x1122,0x384A,0x582F,0x2847,0x19C2,
  0x0060,0x2846,0x502C,0x2847,0x2846,0x384A,0x582E,0x582D,0x10E2,0x0941,0x0060,0x3046,0x1823,0x0000,0x0000,0x1040,
  0x0000,0x0000,0x1043,0x1142,0x19E2,0x18C3,0x582D,0x3047,0x0822,0x586D,0x1063,0x0901,0x1023,0x08C1,0x0921,0x0941,
  0x0921,0x08E1,0x0020,0x0060,0x10E1,0x08C1,0x1885,0x3889,0x3A4A,0x29C7,0x7BEF,0x840F,0x8430,0x8430,0x8C70,0x6B4D,
  0x502E,0x582F,0x582F,0x582F,0x582F,0x582F,0x582F,0x582F,0x582F,0x582F,0x582F,0x582F,0x502F,0x582F,0x582F,0x582F,
  0x582F,0x582F,0x582F,0x502F,0x582F,0x582F,0x582F,0x582F,0x582F,0x582F,0x582F,0x582F,0x582F,0x582F,0x582F,0x584C,
  0xB38B,0xA2EA,0x7149,0x582F,0x582F,0x582F,0x582F,0x582F,0x582F,0x582F,0x582F,0x582F,0x582F,0x582F,0x582F,0x582F,
  0x582F,0x582F,0x582F,0x582F,0x582F,0x582F,0x582F,0x582F,0x0840,0x0000,0x0000,0x20E5,0x11A1,0x1142,0x482A,0x486A,
  0x1101,0x1121,0x1102,0x0881,0x0802,0x488C,0x18C3,0x08E1,0x3067,0x3047,0x10A3,0x1162,0x11C2,0x1162,0x3868,0x604D,
  0x10C2,0x00A0,0x1863,0x684E,0x1002,0x0821,0x1022,0x1861,0x2043,0x1844,0x1022,0x1101,0x19E2,0x10A2,0x602E,0x582C,
  0x1023,0x682E,0x4049,0x0080,0x0000,0x0860,0x0000,0x0080,0x00A0,0x00A0,0x0060,0x08C1,0x0921,0x00A0,0x0120,0x1162,
  0x29C7,0x21A7,0x73AE,0x7BCF,0x83EF,0x840F,0x9471,0x736D,0x582D,0x682F,0x682F,0x682F,0x682F,0x682F,0x680F,0x680F,
  0x680F,0x680F,0x680F,0x680F,0x680F,0x680F,0x6810,0x680F,0x680F,0x680F,0x682F,0x680F,0x680F,0x680F,0x680F,0x680F,
  0x680F,0x680F,0x682F,0x682F,0x682F,0x682F,0x684F,0x792C,0xCBEB,0xBBAA,0x6967,0x604D,0x682F,0x682F,0x680F,0x680F,
  0x680F,0x680F,0x680F,0x682F,0x680F,0x680F,0x680F,0x680F,0x680F,0x680F,0x680F,0x680F,0x680F,0x680F,0x680F,0x682F,
  0x1061,0x0820,0x0000,0x1062,0x1162,0x1162,0x504A,0x2846,0x0040,0x1042,0x0080,0x08C1,0x0080,0x0822,0x0881,0x0000,
  0x0841,0x1161,0x00E0,0x0060,0x1062,0x2064,0x2025,0x584C,0x08A1,0x0020,0x2825,0x704F,0x2024,0x3046,0x2845,0x28A2,
  0x2044,0x3847,0x3867,0x18C3,0x11A1,0x10A2,0x682E,0x700F,0x3828,0x702F,0x482A,0x1823,0x1824,0x1083,0x0901,0x0040,
  0x0060,0x1962,0x08C1,0x08E1,0x0060,0x0020,0x08C1,0x0940,0x1142,0x2165,0x7BEE,0x842F,0x8C50,0x8C50,0x8C30,0x6B4D,
  0x602D,0x7810,0x7010,0x7010,0x7810,0x7810,0x7010,0x7010,0x7010,0x7010,0x7010,0x7010,0x7010,0x7010,0x7010,0x7010,
  0x7010,0x7010,0x7010,0x7010,0x7010,0x7010,0x7010,0x7010,0x7010,0x7010,0x7010,0x7010,0x7010,0x700E,0x8A0B,0xB38A,
  0xD44B,0xD42A,0x9AE9,0x6968,0x684D,0x7010,0x7010,0x7010,0x7010,0x7010,0x7010,0x7010,0x7010,0x7010,0x7010,0x7010,
  0x7010,0x7010,0x7010,0x7010,0x7010,0x7010,0x7030,0x7010,0x1861,0x2061,0x2044,0x3887,0x1142,0x1942,0x584C,0x7830,
  0x584B,0x586B,0x2044,0x0000,0x0040,0x0080,0x0000,0x0040,0x0901,0x0060,0x0821,0x2045,0x604D,0x7830,0x782F,0x702F,
  0x2064,0x1022,0x684E,0x7810,0x4829,0x604C,0x2044,0x1061,0x2824,0x684D,0x4049,0x3867,0x08E0,0x3066,0x680E,0x700F,
  0x780F,0x780F,0x682E,0x684D,0x3867,0x1182,0x0060,0x0040,0x19C3,0x08E0,0x0881,0x1122,0x0000,0x1122,0x0841,0x3867,
  0x0881,0x0881,0x7BEE,0x8C2F,0x8C50,0x8C30,0x8C0F,0x6B4D,0x682E,0x7010,0x7010,0x7010,0x7010,0x7010,0x7010,0x7010,
  0x7010,0x7010,0x7010,0x7010,0x7010,0x7010,0x7010,0x7010,0x7010,0x7010,0x7010,0x7010,0x7010,0x7010,0x7010,0x7010,
  0x7010,0x7010,0x7010,0x7010,0x7010,0x680E,0xAB29,0xCC29,0xAB68,0xC409,0x9AE7,0x8247,0x688C,0x7010,0x7010,0x7010,
  0x7010,0x7010,0x7010,0x7010,0x7010,0x7010,0x7010,0x7010,0x7010,0x7010,0x7030,0x7010,0x7010,0x7010,0x7010,0x7010,
  0x1861,0x1842,0x3066,0x604D,0x10A2,0x2083,0x782F,0x7810,0x4048,0x10E2,0x1102,0x1122,0x0880,0x0060,0x0000,0x0020,
  0x0020,0x0000,0x2065,0x4048,0x682E,0x700F,0x700F,0x7010,0x3827,0x4849,0x700F,0x702F,0x602D,0x586B,0x0000,0x20A2,
  0x2024,0x702F,0x602D,0x582C,0x0862,0x4849,0x700F,0x700F,0x780F,0x7810,0x700F,0x502B,0x00C1,0x08A1,0x1023,0x0921,
  0x1181,0x0080,0x0020,0x1162,0x0020,0x0921,0x18A2,0x606B,0x3209,0x2145,0x8C2F,0x9470,0x9470,0x9470,0x8C50,0x736D,
  0x682E,0x700F,0x7010,0x7010,0x7010,0x7010,0x7010,0x7010,0x7010,0x7010,0x7010,0x7010,0x7010,0x7010,0x7010,0x7010,
  0x7010,0x7010,0x7010,0x7010,0x7010,0x7010,0x7010,0x7010,0x7010,0x7010,0x7010,0x7010,0x7010,0x682E,0x9ACA,0xBBA9,
  0x71E5,0xC40A,0xAB6A,0x7A07,0x688C,0x7010,0x7010,0x7810,0x7810,0x7010,0x7010,0x7010,0x7010,0x7010,0x7010,0x7010,
  0x7010,0x7010,0x7010,0x7010,0x7010,0x7010,0x7010,0x7010,0x1881,0x2061,0x506A,0x782E,0x4048,0x3046,0x782F,0x4088,
  0x1142,0x08E1,0x00C0,0x00A0,0x08A1,0x0020,0x0000,0x08C1,0x0060,0x0080,0x00E0,0x1141,0x20C4,0x682D,0x800F,0x802F,
  0x5049,0x704E,0x802F,0x800F,0x782F,0x684C,0x0820,0x2061,0x584A,0x8010,0x782F,0x802F,0x3847,0x784E,0x802F,0x802F,
  0x802F,0x802F,0x782F,0x1863,0x0080,0x4048,0x4849,0x1161,0x00E0,0x0000,0x0000,0x1141,0x08E1,0x0040,0x0901,0x4869,
  0x322A,0x21C7,0x49E6,0x6247,0x6246,0x6A67,0x72E9,0x732A,0x792D,0x782F,0x782F,0x7810,0x782F,0x782F,0x7830,0x782F,
  0x7830,0x7830,0x7830,0x7830,0x7830,0x7830,0x7830,0x7830,0x7830,0x7830,0x7830,0x7830,0x7830,0x782F,0x782F,0x782F,
  0x782F,0x7830,0x7830,0x782F,0x702F,0x820A,0xA328,0xC3EA,0x6185,0xD48B,0xA328,0x7206,0x5927,0x706D,0x802F,0x7830,
  0x7830,0x782F,0x7830,0x780F,0x7830,0x7830,0x7830,0x7830,0x7830,0x7830,0x7830,0x7830,0x7830,0x7830,0x7810,0x7830,
  0x2043,0x1881,0x4048,0x8830,0x786E,0x804F,0x684C,0x08E2,0x1082,0x0020,0x0060,0x08E1,0x0040,0x08A1,0x0000,0x0000,
  0x0040,0x0040,0x00A1,0x0901,0x0900,0x20E4,0x784D,0x8830,0x802F,0x8830,0x8830,0x8830,0x8830,0x684C,0x1861,0x2061,
  0x704E,0x802F,0x802F,0x882F,0x802F,0x802F,0x882F,0x882F,0x882F,0x882F,0x884F,0x1843,0x3066,0x806E,0x1843,0x0921,
  0x0060,0x0000,0x0000,0x00E0,0x1102,0x2846,0x08C1,0x5069,0x324B,0x3229,0x3144,0x59E5,0x51E5,0x5A05,0x6225,0x5A05,
  0x6226,0x68AC,0x802F,0x802F,0x802F,0x8030,0x802F,0x8030,0x8030,0x8030,0x8030,0x8030,0x8030,0x8030,0x8030,0x8030,
  0x8030,0x8030,0x8030,0x8030,0x8030,0x8030,0x8030,0x802F,0x8030,0x8030,0x802F,0x802F,0x784D,0xA349,0x9B47,0xAB68,
  0x92C6,0xAB88,0xAB88,0x7A26,0x7207,0x70EA,0x882F,0x8030,0x8030,0x8030,0x802F,0x8030,0x8030,0x8030,0x8030,0x8030,
  0x8030,0x802F,0x8030,0x8030,0x8030,0x8030,0x802F,0x8030,0x2844,0x28C2,0x5049,0x9030,0x9030,0x9010,0x684B,0x3846,
  0x4088,0x1962,0x0921,0x0040,0x0080,0x1162,0x0000,0x08A1,0x0000,0x0040,0x0821,0x3065,0x1041,0x0941,0x28E5,0x882F,
  0x8810,0x9030,0x9030,0x9030,0x9010,0x684C,0x2082,0x2061,0x804E,0x880F,0x902F,0x902F,0x900F,0x9010,0x9010,0x9010,
  0x9030,0x900F,0x9030,0x3046,0x884E,0x804E,0x2084,0x00A0,0x0820,0x1042,0x4888,0x00C0,0x1902,0x684C,0x1062,0x608A,
  0x326C,0x326B,0x3164,0x5A05,0x6225,0x6A26,0x6A26,0x6225,0x5205,0x5889,0x9010,0x8810,0x8810,0x9010,0x9010,0x9010,
  0x8810,0x8810,0x8810,0x8810,0x8810,0x8810,0x8810,0x9010,0x8810,0x8810,0x8810,0x8810,0x8810,0x8810,0x8810,0x8810,
  0x9010,0x8810,0x9010,0x8810,0x884E,0x9AC8,0xA327,0x9B07,0xA327,0xA308,0xA347,0x7A47,0x7227,0x710A,0x8830,0x8830,
  0x8810,0x8830,0x9010,0x8810,0x8810,0x8810,0x8810,0x8810,0x8810,0x8810,0x8810,0x8810,0x8810,0x9010,0x8810,0x9010,
  0x2844,0x18A1,0x5049,0x9810,0x9810,0x9010,0x900F,0x704D,0x1922,0x11A2,0x0060,0x0000,0x1121,0x0901,0x0000,0x0020,
  0x0080,0x0881,0x0000,0x4046,0x784D,0x4047,0x1842,0x882E,0x9030,0x902F,0x9030,0x9030,0x900F,0x704C,0x1861,0x2082,
  0x802E,0x9810,0x684A,0x2824,0x882F,0x882F,0x882F,0x9010,0x9010,0x9010,0x902F,0x584A,0x902F,0x884E,0x78EC,0x0821,
  0x1061,0x4046,0x904F,0x2864,0x20C3,0x782D,0x4027,0x786C,0x328C,0x2A6A,0x3165,0x6A26,0x6A46,0x7226,0x6A26,0x6A25,
  0x6245,0x5889,0x9010,0x9030,0x9010,0x9010,0x9010,0x9010,0x9010,0x9010,0x9010,0x9010,0x9010,0x9010,0x9010,0x9010,
  0x9010,0x9010,0x9010,0x9010,0x9010,0x9010,0x9010,0x9010,0x9010,0x9010,0x9010,0x9030,0x902F,0x9289,0xB409,0xC40A,
  0xB3A9,0xAB88,0xCC8B,0x61C6,0x61C7,0x686B,0x9030,0x9010,0x9030,0x9010,0x9010,0x9010,0x9010,0x9030,0x9010,0x9010,
  0x9010,0x9030,0x9010,0x9010,0x9010,0x9010,0x9010,0x9010,0x2844,0x28C2,0x5869,0xA830,0xA050,0xA050,0xA02F,0x5048,
  0x1162,0x0080,0x3867,0x0020,0x1162,0x08E0,0x0020,0x0000,0x0000,0x0060,0x0060,0x0801,0x786C,0xA850,0x984F,0xA030,
  0xA830,0xA030,0xA030,0xA030,0xA030,0x786C,0x0820,0x2882,0x986F,0x684B,0x3846,0x0000,0x2023,0x2022,0x886D,0xA02F,
  0xA030,0xA030,0xA04F,0xA04F,0x9850,0x78ED,0x710C,0x1823,0x1861,0x5047,0x986E,0x4066,0x4847,0x904E,0xA050,0x906E,
  0x326C,0x328B,0x39A6,0x7A86,0x7A66,0x7A66,0x7286,0x7286,0x6A85,0x60C9,0xA030,0xA030,0xA050,0xA030,0xA030,0xA030,
  0xA030,0xA030,0xA030,0xA030,0x9830,0x9830,0xA030,0xA030,0xA030,0xA030,0x9830,0x9830,0xA030,0xA030,0xA030,0xA050,
  0xA030,0xA030,0xA030,0xA050,0xA050,0x9A89,0xA369,0xBBAA,0xA328,0x92C8,0xC42B,0x61C6,0x6A07,0x788C,0xA050,0xA030,
  0xA050,0xA050,0x9830,0x9830,0x9830,0xA050,0xA030,0xA030,0xA030,0xA030,0xA030,0x9830,0xA030,0xA030,0xA030,0xA050,
  0x4846,0x20A1,0x2022,0xA06F,0xA86F,0x88CE,0xA0AF,0x5868,0x08E1,0x3044,0xA070,0x10A1,0x0941,0x0060,0x18C2,0x0000,
  0x1822,0x3085,0x0020,0x0000,0x2824,0xA86F,0xA850,0x986F,0x986E,0xB050,0x786B,0x886D,0xB050,0x2823,0x20A1,0x3865,
  0xA86F,0x706A,0x2043,0x0000,0x0000,0x3065,0x886C,0xA850,0xB030,0xB050,0xA850,0xA04F,0x78CC,0x5A09,0x6ACA,0x18A2,
  0x1862,0xA08E,0x788B,0x2844,0x4887,0x2002,0x6069,0x906E,0x326B,0x32AB,0x41C6,0x82A6,0x7AA6,0x82A6,0x82C7,0x82E7,
  0x7AE6,0x68C9,0xA850,0xA850,0xA850,0xA850,0xA850,0xA850,0xA850,0xA850,0xA850,0xA850,0xA850,0xA850,0xA850,0xA850,
  0xA850,0xA850,0xA850,0xA850,0xA850,0xA850,0xA850,0xA850,0xA850,0xA830,0xA850,0xA850,0xA870,0x9AA9,0xB3C9,0xBBCA,
  0xAB6A,0xA328,0xC44B,0x61C6,0x7208,0x80AC,0xA850,0xA850,0xA850,0xA850,0xA850,0xA850,0xA850,0xA850,0xA830,0xA850,
  0xA850,0xA850,0xA850,0xA850,0xA850,0xA850,0xA850,0xA850,0x5847,0x3102,0x1841,0x88EE,0x814E,0x39EB,0x418A,0x28E6,
  0x18A2,0x984E,0xA850,0x10C2,0x0941,0x1021,0x48A7,0x0020,0x1001,0x78AB,0x2023,0x0000,0x0801,0xA84F,0xB030,0x706A,
  0x1822,0x6089,0x0800,0x2843,0xA06F,0x2023,0x3923,0x5847,0x984D,0x2823,0x0821,0x0000,0x0000,0x2043,0x6889,0xA84F,
  0xB831,0xB831,0xB830,0x908E,0x4147,0x3988,0x2946,0x0841,0x3884,0x4866,0x3845,0x1842,0x0821,0x0000,0x3084,0x688B,
  0x328C,0x32CC,0x4A06,0x8B08,0x8307,0x8B28,0x9327,0x8B48,0x8367,0x78CA,0xB031,0xB030,0xB031,0xB031,0xB030,0xB030,
  0xB030,0xB030,0xB030,0xB030,0xB030,0xB030,0xB030,0xB030,0xB030,0xB030,0xB030,0xB031,0xB030,0xB010,0xB030,0x984F,
  0x704C,0x706C,0x904E,0xB831,0xB030,0x9A89,0xB3E9,0xBBCA,0xAB8A,0xA369,0xC44B,0x61C6,0x71E7,0x888C,0xB030,0xB031,
  0xB031,0xB030,0xB030,0xB030,0xA850,0xA070,0x91B0,0x90AF,0xB030,0xB030,0xB030,0xB031,0xB031,0xB031,0xB031,0xB030,
  0x6849,0x30E2,0x2062,0x48E9,0x322A,0x3AAC,0x3989,0x18C4,0x4846,0xB831,0xA830,0x10C2,0x08A0,0x5847,0x5828,0x0020,
  0x0840,0x6849,0xB050,0x3045,0x0801,0xA850,0xB810,0xA06F,0x2043,0x0000,0x0000,0x1823,0x986E,0x2023,0x30E2,0x5868,
  0x88AE,0x594A,0x1021,0x0000,0x0000,0x0000,0x5088,0xB030,0xB811,0xB811,0xB811,0x988E,0x4167,0x4A08,0x41E8,0x2081,
  0x7089,0x88AD,0x38A6,0x0000,0x0000,0x0000,0x40C6,0x40A6,0x32AC,0x32CC,0x4A07,0x8B29,0x8B49,0x8B69,0x9368,0x8BC7,
  0x83C8,0x78CA,0xB811,0xB831,0xB811,0xB831,0xB831,0xB831,0xB831,0xB831,0xB810,0xB831,0xB831,0xB831,0xB831,0xB831,
  0xB831,0xB831,0xB831,0xB831,0xB831,0xB810,0xA871,0x30CA,0x2168,0x0888,0x30EC,0xB851,0xB830,0x9A89,0xA369,0xBBAA,
  0xAB49,0xA349,0xC44B,0x61C7,0x61C7,0x806C,0xB831,0xB811,0xB811,0xB831,0xB831,0xB810,0x71AF,0x434D,0x3CAF,0x21CB,
  0x78AE,0xB830,0xB831,0xB831,0xB831,0xB831,0xB831,0xB831,0x906D,0x28C2,0x1041,0x28E6,0x3AAC,0x326C,0x39E9,0x3187,
  0x78CE,0xB811,0xB030,0x10A2,0x0060,0x984D,0x784B,0x3064,0x1861,0x704A,0xB811,0xA06F,0x3024,0xB050,0xB031,0x3845,
  0x3885,0x0000,0x0000,0x48C7,0x688A,0x2023,0x30E3,0x5848,0x690C,0x3249,0x1904,0x0882,0x0000,0x29A7,0x39A8,0xA86F,
  0xB811,0xB811,0xB831,0x98AE,0x4167,0x39A8,0x1082,0x28C2,0x808B,0x3024,0x2063,0x0000,0x0000,0x0000,0x1842,0x2044,
  0x32CC,0x32AB,0x4206,0x8389,0x8BA9,0x8BC9,0x8BC9,0x8BE9,0x8C09,0x790B,0xB811,0xB830,0xB831,0xB831,0xB831,0xB831,
  0xB831,0xB830,0x90EF,0x81F0,0x790E,0x70AD,0x688D,0x708D,0xA850,0xB831,0xB831,0xB831,0xB830,0xB030,0x6970,0x196B,
  0x2127,0x10E8,0x394D,0xB030,0xB830,0xA289,0xA348,0xBBAA,0xAB69,0xA349,0xC46B,0x69C7,0x61A6,0x806A,0xB830,0xB811,
  0xB831,0xB811,0xB831,0xB830,0x694E,0x31EA,0x3BED,0x220C,0x60AD,0xB831,0xB831,0xB831,0xB831,0xB831,0xB831,0xB850,
  0x988D,0x0800,0x3102,0x0882,0x42CC,0x326B,0x424B,0x4A6B,0x814E,0xB870,0xC090,0x48C6,0x40C5,0x990E,0xA8AE,0x78C9,
  0x1880,0x7889,0xC070,0xC06F,0xB8AF,0xC090,0xB0AE,0x3865,0x4086,0x1062,0x0000,0x1821,0xA0AE,0x2023,0x28C2,0x5867,
  0x692C,0x2A8C,0x1947,0x10E5,0x10C4,0x2168,0x31EB,0xA88F,0xC050,0xB850,0xB850,0x98EE,0x4967,0x3988,0x0840,0x1041,
  0xA10E,0x90AB,0x58A8,0x0000,0x1842,0x0000,0x3064,0x50A7,0x32AC,0x32AB,0x3A06,0x83AA,0x8BEA,0x83EA,0x83CA,0x8C09,
  0x8C28,0x810A,0xC070,0xB870,0xB870,0xB870,0xB890,0xB870,0xB870,0xB890,0x48CB,0x3BED,0x19AA,0x21EA,0x19C9,0x19CA,
  0x888E,0xC070,0xC070,0xB870,0xB870,0xB890,0x396D,0x198B,0x2128,0x10A7,0x414C,0xB870,0xC070,0xA289,0xA3E9,0xB3A9,
  0xA389,0xA3E9,0xC48C,0x5986,0x8206,0x9A29,0x910B,0x886F,0xC070,0xC070,0xC090,0xC090,0x698D,0x3A2B,0x340E,0x19CA,
  0x60AD,0xC070,0xB870,0xB870,0xB870,0xB870,0xB870,0xB890,0xB8AF,0x2843,0x4143,0x0841,0x326B,0x324B,0x3189,0x3989,
  0x896E,0xB8AF,0xC0AF,0x88AB,0x814C,0x39EA,0x48C8,0x80EA,0x2081,0x40A4,0xB8AE,0xC8AE,0xC8AE,0xC8AE,0xA92E,0x39AB,
  0x0021,0x3169,0x2043,0x68C9,0xA8CE,0x2843,0x20A2,0x5887,0x692B,0x330C,0x3AEC,0x1905,0x3208,0x3A8C,0x424B,0xB0CF,
  0xC890,0xC08F,0xC0AF,0xA10D,0x4967,0x3967,0x1861,0x1041,0xA10E,0xC8EF,0x3044,0x30A5,0x58C7,0x1801,0x7109,0xA12D,
  0x328C,0x328B,0x4207,0x8BEA,0x8C0A,0x8BEA,0x8BE9,0x946A,0x8C49,0x794A,0xC090,0xC0B0,0xC090,0xC0B0,0xC0AF,0xC0AF,
  0xC0AF,0xC0D0,0x48CB,0x338D,0x198A,0x2A0B,0x1169,0x1969,0x88AD,0xC08F,0xC8AF,0xC08F,0xC0AF,0xB8D0,0x398D,0x218B,
  0x4209,0x08A8,0x396D,0xC0B0,0xC8B0,0xA2A9,0xAB89,0xB38A,0xA329,0xA369,0xC46C,0x3108,0x10E9,0x3A09,0x2969,0x48AB,
  0xC0B0,0xC0AF,0xC8CF,0xC8F0,0x69AD,0x320A,0x33CC,0x19CB,0x60CD,0xC0D0,0xC0AF,0xC0B0,0xC0B0,0xC0AF,0xC0AF,0xC0D0,
  0x60A8,0x1021,0x3902,0x1082,0x324A,0x324B,0x31A9,0x39A9,0x898E,0xC8EF,0xC8EF,0xC90F,0x598B,0x21CA,0x18E6,0x6908,
  0x0840,0x28A2,0x916D,0x996F,0x916E,0xA14D,0x814C,0x31EB,0x21AA,0x29A9,0x2863,0xC90F,0xB10E,0x2042,0x2082,0x88EA,
  0x692B,0x2AAB,0x2A4B,0x10C5,0x1988,0x21EA,0x320B,0xC10E,0xD0EE,0xC8EE,0xC8EE,0xA14D,0x4967,0x20C4,0x1881,0x3145,
  0xA16D,0xC90E,0xB90E,0x4085,0xA10C,0xA0EC,0xC90E,0xB12E,0x2A6C,0x2AAB,0x18E5,0x526A,0x5AAB,0x62EC,0x62EC,0x62EB,
  0x62EB,0x628C,0xA12E,0xD0EF,0xC0EE,0xC8EF,0xC8EF,0xD0EF,0xD0EF,0xD0EF,0x48EB,0x2B4C,0x1129,0x1949,0x194A,0x1129,
  0x90ED,0x88ED,0x810E,0x890E,0xC0EF,0xD110,0x398D,0x114B,0x18C8,0x10A8,0x394C,0xC950,0xC930,0xA2A9,0x8BCA,0x8C0C,
  0x83AC,0x7BAC,0xAC2C,0x3968,0x298A,0x4229,0x31C9,0x48EB,0xC150,0x71AE,0x610D,0x692C,0x51EB,0x3A0A,0x33CC,0x19EB,
  0x690D,0xD0EF,0xC8EF,0xC8EF,0xC8EF,0xC8EF,0xC8EF,0xC8F0,0x0000,0x0000,0x3923,0x1082,0x320A,0x320A,0x31A9,0x3188,
  0x898D,0xD10F,0xC90F,0xA12D,0x18A4,0x428C,0x2126,0x6129,0x1881,0x18A2,0x2147,0x10A3,0x0842,0x79CD,0x1842,0x21C9,
  0x29EB,0x320A,0x28A5,0xD10F,0x80E9,0x20A1,0x3083,0xD12E,0x694A,0x2AAB,0x2A4B,0x0863,0x21E9,0x2A0A,0x31EA,0xC12E,
  0xC10E,0xB12D,0xB12D,0x994C,0x4167,0x20C3,0x28C2,0x2967,0x5A2C,0x624C,0xA94E,0x2022,0xC90E,0xD0EE,0xD0EF,0xB10D,
  0x326C,0x32AC,0x2A09,0x4A4A,0x6B0D,0x6B2D,0x734D,0x736E,0x6B0C,0x6B2D,0x796C,0x78EC,0x30A8,0x68EA,0x994E,0xB94F,
  0xD0EF,0xD8EF,0x510B,0x2B2B,0x1128,0x21CA,0x2A2B,0x2A0C,0x892D,0x30E9,0x1908,0x2909,0x992E,0x694C,0x31CD,0x196A,
  0x2127,0x10A8,0x31AC,0x410B,0x41F0,0x8AE9,0x6B8B,0x536C,0x536C,0x536D,0x8B2A,0x3107,0x2968,0x41E9,0x18E9,0x40CB,
  0xA9B0,0x218C,0x10CA,0x3109,0x420A,0x3A2B,0x3BEC,0x224C,0x610C,0xD0EF,0xC8EF,0xC90F,0xD10F,0xD10F,0xD10F,0xD10F,
  0x0000,0x0000,0x3903,0x1082,0x1925,0x0000,0x1082,0x2946,0x898E,0xB10E,0xC12F,0x40A5,0x0000,0x0841,0x0882,0x20E5,
  0x1061,0x20A2,0x0000,0x0000,0x0000,0x5148,0x1021,0x08A3,0x426B,0x322A,0x30A5,0xC94F,0x5929,0x2081,0x28A3,0xB20E,
  0x616A,0x2A8A,0x21C9,0x10A4,0x2A2B,0x2A0A,0x31EA,0x992C,0x598B,0x31CA,0x3A0B,0x816C,0x4147,0x18C3,0x20A1,0x39E9,
  0x422B,0x420B,0x816B,0x48A5,0xD12E,0xC90E,0xC12E,0xB10D,0x328B,0x32CC,0x2A29,0x4A4A,0x6B2D,0x7B6E,0x7B8E,0x7BAF,
  0x736E,0x7BAF,0x79AC,0x58EA,0x39A9,0x2128,0x21EA,0x718D,0xC90F,0xC90F,0x510B,0x22EB,0x1108,0x1929,0x114A,0x114A,
  0x912E,0x30E9,0x1928,0x3149,0x794D,0x414A,0x296B,0x196A,0x0887,0x10A8,0x216C,0x1089,0x2210,0x830A,0x5A09,0x39AA,
  0x41CB,0x2949,0x82EB,0x2907,0x2109,0x2928,0x2129,0x40EC,0x3869,0x18C8,0x39A9,0x3949,0x41CA,0x31EA,0x3BED,0x1A0C,
  0x610C,0xC90E,0xB90E,0x890D,0x890D,0xA10E,0xD10F,0xD10F,0x0000,0x0000,0x30E2,0x1040,0x0000,0x0000,0x0000,0x0000,
  0x798B,0x2843,0x3884,0x2062,0x0000,0x0000,0x0000,0x0000,0x0820,0x3923,0x0000,0x0000,0x0000,0x0000,0x0000,0x0000,
  0x0841,0x2988,0x28C4,0xA18D,0x3168,0x1861,0x18C3,0x4B6E,0x51CA,0x0041,0x0841,0x10A3,0x2A2B,0x322B,0x1946,0x1041,
  0x20E6,0x18E6,0x422B,0x896D,0x3926,0x1861,0x2082,0x420A,0x4A4B,0x422B,0x28C4,0x3949,0x6A4D,0x622E,0x5A0C,0x996C,
  0x326B,0x32CC,0x2A49,0x4A4A,0x7B6E,0x7B8F,0x83AF,0x83AF,0x83AF,0x83EF,0x79AC,0x50CA,0x2948,0x322A,0x222B,0x598C,
  0x58E8,0x6189,0x2949,0x22CB,0x1949,0x39E9,0x31AA,0x1949,0x892D,0x38E9,0x20E8,0x2908,0x414A,0x494A,0x318C,0x198B,
  0x31A9,0x10A7,0x21AC,0x10A9,0x21AE,0x7AAA,0x5A09,0x394A,0x3969,0x3169,0x2107,0x10C8,0x18E7,0x52AA,0x2129,0x40EC,
  0x38CB,0x10A8,0x39C9,0x3928,0x41EA,0x322A,0x3C2E,0x224D,0x610C,0xC92E,0x890C,0x2108,0x3189,0x50EB,0xC90F,0xD10F,
  0x0000,0x0000,0x30E2,0x20C2,0x0000,0x0000,0x0000,0x0000,0x0821,0x0000,0x0000,0x0000,0x0000,0x0000,0x0000,0x0000,
  0x0000,0x4143,0x0000,0x0000,0x0000,0x0000,0x0000,0x0000,0x0000,0x0000,0x0000,0x0000,0x0862,0x1861,0x1882,0x31A9,
  0x3947,0x0000,0x0000,0x0862,0x29E9,0x320A,0x10A3,0x0841,0x10C4,0x2146,0x3A2B,0x896D,0x3105,0x1041,0x10A4,0x422C,
  0x426C,0x3A4B,0x0842,0x49EE,0x526F,0x5270,0x4A6D,0x998C,0x326B,0x32CC,0x2A29,0x528A,0x83AF,0x8BD0,0x83CF,0x83CF,
  0x83CF,0x8C30,0x79AC,0x50CA,0x2989,0x320A,0x29E9,0x3988,0x3147,0x49E8,0x2949,0x22CB,0x2169,0x4A4A,0x31A9,0x1928,
  0x796C,0x398A,0x2969,0x3169,0x3129,0x4168,0x31CC,0x198C,0x18C8,0x18E8,0x216A,0x49C7,0x5A27,0x49C7,0x3148,0x39C9,
  0x41E9,0x3189,0x18E8,0x18E8,0x39E9,0x20C7,0x20E7,0x40EC,0x30AA,0x18E9,0x2107,0x3107,0x39E9,0x39EB,0x3BED,0x222D,
  0x610C,0xB94E,0x812C,0x28E9,0x39AA,0x490A,0xB92E,0xD10F,0x0000,0x0000,0x1881,0x3102,0x0000,0x0000,0x0000,0x0000,
  0x0000,0x0000,0x0000,0x0000,0x0000,0x0000,0x0000,0x0000,0x0000,0x30E2,0x0000,0x0000,0x0000,0x0000,0x0000,0x0000,
  0x0000,0x0000,0x0000,0x0000,0x0000,0x20A1,0x1861,0x0000,0x0000,0x0000,0x0000,0x0000,0x0020,0x0021,0x0000,0x0000,
  0x0000,0x0000,0x31A9,0x81AD,0x1883,0x28C2,0x10C4,0x3A2B,0x424C,0x31A9,0x10C5,0x4A0E,0x4A4F,0x4A6F,0x4A6C,0xA1CD,
  0x326B,0x2A8B,0x21E8,0x52AB,0x83CF,0x8BF0,0x83D0,0x734F,0x630E,0x630E,0x518B,0x28C9,0x2169,0x4A2A,0x4986,0x49C6,
  0x3167,0x49C9,0x2949,0x2A0A,0x318A,0x3969,0x3988,0x49C8,0x3168,0x42CA,0x3AEC,0x2949,0x3148,0x4148,0x39CC,0x2A2D,
  0x5ACA,0x31A8,0x1108,0x6AC8,0x5A26,0x59E7,0x428A,0x640C,0x63AA,0x4ACA,0x08A7,0x294A,0x2948,0x18E7,0x2989,0x290C,
  0x18CB,0x10A8,0x4209,0x3948,0x428A,0x4B4C,0x448E,0x220C,0x312A,0x3908,0x3A6C,0x3149,0x39A9,0x20E8,0x5169,0x796B,
  0x0000,0x0000,0x1040,0x3923,0x0000,0x0000,0x0000,0x0000,0x0000,0x0000,0x0000,0x0000,0x0000,0x0000,0x0000,0x0000,
  0x0820,0x4123,0x0000,0x0000,0x0000,0x0000,0x0000,0x0000,0x0000,0x0000,0x0000,0x0000,0x0000,0x28C2,0x1881,0x0000,
  0x0000,0x0000,0x0000,0x0000,0x0000,0x0000,0x0000,0x0000,0x0000,0x0000,0x0021,0x1062,0x0840,0x3923,0x2125,0x3A0B,
  0x424B,0x2105,0x39AA,0x4A0E,0x4A4F,0x424E,0x4A6C,0x9A0D,0x2A8C,0x2A8B,0x29E8,0x62CC,0x8BD0,0x8BD0,0x8BF1,0x2148,
  0x4289,0x31AA,0x2969,0x1928,0x31A9,0x3188,0x3905,0x4186,0x3968,0x4A09,0x2929,0x41CA,0x39C9,0x49C9,0x3948,0x3947,
  0x3129,0x42AA,0x3ACB,0x3948,0x3128,0x4148,0x394B,0x31ED,0x3107,0x28E7,0x1989,0x72E8,0x5A66,0x4985,0x5A06,0x4104,
  0x4924,0x6247,0x18E7,0x2968,0x3A08,0x20E6,0x31C7,0x1929,0x0089,0x0889,0x10A8,0x3128,0x320A,0x2A29,0x33ED,0x222C,
  0x2129,0x39AA,0x2ACB,0x2928,0x2947,0x20E8,0x49A8,0x49A8,0x0000,0x0000,0x1861,0x3903,0x0000,0x0000,0x0000,0x0000,
  0x0000,0x0000,0x0000,0x0000,0x0000,0x0000,0x0000,0x0000,0x0820,0x4144,0x0000,0x0000,0x0000,0x0000,0x0000,0x0000,
  0x0000,0x0000,0x0000,0x0000,0x0820,0x28C2,0x1881,0x0000,0x0000,0x0000,0x0000,0x0000,0x0000,0x0000,0x0000,0x0000,
  0x0000,0x0000,0x0000,0x0000,0x1041,0x4164,0x0021,0x2106,0x1083,0x0000,0x39A8,0x10C4,0x18E4,0x1905,0x1905,0x18A2,
  0x21A7,0x21A7,0x1104,0x2104,0x1061,0x3185,0x4A69,0x1926,0x4A69,0x1086,0x10A7,0x0866,0x0025,0x0844,0x28C3,0x30E4,
  0x2106,0x20E6,0x2927,0x3188,0x3168,0x39A8,0x2926,0x4A28,0x29E8,0x3B09,0x3248,0x2926,0x28E6,0x40E6,0x2085,0x1063,
  0x0821,0x0001,0x0000,0x1061,0x0840,0x28E3,0x7226,0x6144,0x6165,0x7226,0x18C4,0x10C4,0x18C4,0x2125,0x1084,0x1885,
  0x1046,0x0886,0x0866,0x2926,0x1947,0x21C9,0x330A,0x1988,0x1908,0x2968,0x21E9,0x18C7,0x2947,0x18C6,0x3127,0x3146,
  0x0000,0x0000,0x2081,0x20A2,0x0000,0x0000,0x0000,0x0000,0x0000,0x0000,0x0000,0x0000,0x0000,0x0000,0x0000,0x0000,
  0x0820,0x3103,0x0000,0x0000,0x0000,0x0000,0x0000,0x0000,0x0000,0x0000,0x0000,0x0000,0x1041,0x4943,0x1881,0x0000,
  0x0000,0x0000,0x0000,0x0000,0x0000,0x0000,0x0000,0x0000,0x0000,0x0000,0x0000,0x0000,0x1061,0x20A2,0x0000,0x0000,
  0x0000,0x0000,0x0000,0x0000,0x0020,0x0020,0x0020,0x0020,0x0020,0x0021,0x0021,0x0841,0x2105,0x2928,0x2986,0x10A2,
  0x0041,0x18C3,0x1903,0x1903,0x1924,0x2144,0x2965,0x31E7,0x1903,0x0061,0x2985,0x0841,0x18E3,0x0000,0x0021,0x0861,
  0x10A3,0x3A06,0x18C2,0x5226,0x31C5,0x52C8,0x4A88,0x1061,0x5AE9,0x2985,0x3185,0x2123,0x18C2,0x18A1,0x2985,0x2185,
  0x2124,0x3A26,0x2144,0x1082,0x10C2,0x4287,0x1903,0x0000,0x5AA8,0x2964,0x2104,0x2103,0x2964,0x3A68,0x1082,0x0020,
  0x10A2,0x31A5,0x41C6,0x6B09,0x2923,0x5288,0x0861,0x2143,0x0000,0x0000,0x2081,0x28C2,0x0000,0x0000,0x0000,0x0000,
  0x0000,0x0000,0x0000,0x0000,0x0000,0x0000,0x0000,0x0000,0x0820,0x4123,0x0000,0x0000,0x0000,0x0000,0x0000,0x0000,
  0x0000,0x0000,0x0000,0x0000,0x0000,0x28C2,0x0820,0x0000,0x0000,0x0000,0x0000,0x0000,0x0000,0x0000,0x0000,0x0000,
  0x0000,0x0000,0x0000,0x0000,0x2081,0x18E1,0x00E1,0x08E1,0x08C1,0x18C2,0x2904,0x3125,0x4165,0x4985,0x4165,0x3945,
  0x3146,0x2128,0x2108,0x18C7,0x0886,0x0886,0x10C7,0x10A6,0x0886,0x10C6,0x10A6,0x0887,0x0887,0x10A7,0x18C7,0x10E7,
  0x10C8,0x10C7,0x1908,0x20E7,0x1907,0x18E7,0x1908,0x31A9,0x18C7,0x1906,0x10E6,0x18E6,0x18E6,0x3128,0x20E8,0x1086,
  0x2106,0x10C7,0x18E7,0x10C6,0x10A5,0x18E6,0x2167,0x29A8,0x1906,0x2967,0x10A6,0x10C6,0x10A6,0x18E7,0x10A6,0x1086,
  0x1968,0x1148,0x10E7,0x1927,0x1106,0x1927,0x10C6,0x18E7,0x10E6,0x10E6,0x10E6,0x2988,0x1907,0x2148,0x08A6,0x10E7,
  0x0000,0x0000,0x20A1,0x3902,0x0000,0x0000,0x0000,0x0000,0x0000,0x0000,0x0000,0x0000,0x0000,0x0000,0x0000,0x0000,
  0x0000,0x20A2,0x1861,0x0000,0x0000,0x0000,0x0000,0x0000,0x0000,0x0000,0x0000,0x0000,0x0000,0x3903,0x1881,0x0000,
  0x0000,0x0000,0x0000,0x0000,0x0020,0x0000,0x0040,0x00A0,0x0080,0x0080,0x00C0,0x0060,0x20A1,0x08A1,0x1903,0x2905,
  0x2905,0x3945,0x4165,0x4145,0x3925,0x3189,0x31A9,0x3149,0x2189,0x218A,0x1969,0x2149,0x2949,0x39CB,0x39EB,0x18E8,
  0x2169,0x1928,0x18E7,0x10C7,0x18C7,0x1907,0x20E6,0x2107,0x1907,0x2128,0x18E7,0x2107,0x2108,0x2927,0x2107,0x2128,
  0x2108,0x29C8,0x29E9,0x2149,0x2969,0x3128,0x2109,0x10C8,0x18A7,0x10A7,0x08A8,0x2987,0x2926,0x2947,0x39EA,0x3967,
  0x3947,0x39C8,0x18E8,0x1928,0x2148,0x1907,0x1948,0x1908,0x10C7,0x10A7,0x10A8,0x10E8,0x1108,0x2188,0x228B,0x198A,
  0x10E8,0x1907,0x19C9,0x1908,0x2148,0x18E8,0x2927,0x20C7,0x0000,0x0000,0x1881,0x4144,0x0000,0x0000,0x0000,0x0000,
  0x0000,0x0000,0x0000,0x0000,0x0000,0x0000,0x0000,0x0000,0x0000,0x1061,0x20A2,0x0000,0x0000,0x0000,0x0000,0x0020,
  0x0000,0x0000,0x0000,0x0000,0x0000,0x3903,0x1061,0x0080,0x00A0,0x00A0,0x00A0,0x00A0,0x00E1,0x00C0,0x00E1,0x00E1,
  0x08E1,0x1102,0x08E2,0x0060,0x20E2,0x0080,0x10C2,0x2905,0x3946,0x4985,0x4164,0x20C5,0x29AA,0x29CB,0x29AB,0x3929,
  0x1989,0x198A,0x1969,0x39EB,0x526D,0x4A4C,0x4A2C,0x39EB,0x41EB,0x318A,0x18E8,0x0887,0x18E7,0x2127,0x2107,0x2128,
  0x1907,0x2947,0x18E8,0x1948,0x18E8,0x1908,0x2128,0x2948,0x2108,0x29A9,0x2188,0x2108,0x2108,0x2908,0x294A,0x196A,
  0x2967,0x2127,0x10C8,0x31A7,0x3146,0x2927,0x2168,0x29E8,0x29E8,0x29C9,0x10A8,0x10A7,0x10C7,0x10C7,0x10C8,0x10C8,
  0x0888,0x10C8,0x1928,0x10E8,0x1169,0x19EA,0x228B,0x198A,0x10E8,0x1908,0x21CA,0x1908,0x2128,0x18C8,0x2108,0x2928,
  0x0000,0x0000,0x1061,0x4143,0x0020,0x0000,0x0000,0x0000,0x0000,0x0000,0x0000,0x0000,0x0000,0x0000,0x0000,0x0000,
  0x0000,0x1081,0x18A1,0x0020,0x0060,0x0060,0x0080,0x00C0,0x00A0,0x0080,0x00C1,0x00A0,0x0000,0x3903,0x18E1,0x0100,
  0x00E1,0x00E0,0x00E1,0x00E1,0x00E1,0x00A0,0x00E1,0x00A1,0x18C3,0x10C2,0x0861,0x0000,0x0840,0x0080,0x00C0,0x08E2,
  0x2104,0x3945,0x4165,0x3925,0x2967,0x29A9,0x29CB,0x3128,0x19AA,0x19AA,0x1949,0x39CB,0x524C,0x4A2C,0x420B,0x420B,
  0x41EB,0x420C,0x20E8,0x0867,0x18E7,0x1929,0x1929,0x10C8,0x18E8,0x2128,0x18C8,0x1188,0x18E7,0x2968,0x2128,0x10E8,
  0x1088,0x18C8,0x10C8,0x10E8,0x18C8,0x2108,0x214A,0x192A,0x10C7,0x08C7,0x1108,0x10C8,0x2128,0x3148,0x2128,0x1907,
  0x2107,0x1908,0x10A8,0x10A8,0x1908,0x1908,0x18E8,0x10C8,0x10A8,0x10C8,0x18E8,0x10A7,0x1109,0x1969,0x1A4A,0x196A,
  0x10E9,0x10A9,0x10C9,0x2108,0x1908,0x10A8,0x0867,0x0027,0x0000,0x0000,0x0820,0x4143,0x1061,0x0000,0x0000,0x0000,
  0x0000,0x0040,0x0000,0x0000,0x0020,0x0040,0x0000,0x0040,0x0020,0x1040,0x1881,0x00A0,0x0101,0x00E1,0x00E1,0x00E1,
  0x00E0,0x00E0,0x00E0,0x00A0,0x0840,0x3903,0x10A1,0x10E2,0x08E2,0x08E1,0x00C1,0x08E1,0x08C1,0x0861,0x0861,0x08A2,
  0x0060,0x0060,0x0060,0x0020,0x0020,0x0040,0x0040,0x00A0,0x08E2,0x20E3,0x4165,0x4184,0x4165,0x4145,0x3146,0x3168,
  0x21CB,0x19AA,0x1148,0x31AA,0x420B,0x420B,0x420B,0x420B,0x41EB,0x41EB,0x18A7,0x0867,0x18E7,0x1908,0x1949,0x10C8,
  0x0847,0x0888,0x10A8,0x11A9,0x10C8,0x10E8,0x1108,0x10E8,0x0868,0x10C9,0x10C8,0x10E8,0x1088,0x20C9,0x190A,0x110A,
  0x10E8,0x08A8,0x10E8,0x1089,0x114B,0x41C9,0x3168,0x2108,0x2128,0x1908,0x3169,0x18E7,0x18C8,0x2108,0x10C8,0x10C8,
  0x0888,0x10C8,0x18E8,0x1088,0x1109,0x216A,0x224A,0x196A,0x10C9,0x0028,0x0868,0x18E8,0x18E8,0x10A8,0x0027,0x0027,
  0x0000,0x0020,0x0820,0x4964,0x1040,0x0040,0x08A1,0x08C1,0x0080,0x00C0,0x00C1,0x0061,0x00C1,0x00A0,0x0080,0x00C0,
  0x0040,0x1881,0x1881,0x00A0,0x00E1,0x00E0,0x00E1,0x00C1,0x08E1,0x08E1,0x10E2,0x0861,0x1061,0x3903,0x10C1,0x18E3,
  0x2104,0x18E4,0x1904,0x1903,0x00A0,0x0060,0x0060,0x00C1,0x08C1,0x10E2,0x00A1,0x00A1,0x08A1,0x10C2,0x18C3,0x20E4,
  0x3105,0x4165,0x4985,0x4985,0x4985,0x4145,0x3105,0x2967,0x2A0C,0x19EB,0x1969,0x31AA,0x39EB,0x420B,0x420C,0x420C,
  0x420B,0x41EB,0x1087,0x0868,0x18A8,0x1088,0x0888,0x0047,0x0027,0x0047,0x08A8,0x19EA,0x10E8,0x1109,0x10E8,0x10E9,
  0x0868,0x10C9,0x18C9,0x10C8,0x0868,0x1889,0x18EA,0x110A,0x1908,0x08A8,0x10E9,0x18C9,0x10EA,0x39A8,0x3A09,0x29E9,
  0x2A09,0x320A,0x41C9,0x18E8,0x18E8,0x1908,0x10E8,0x10A8,0x0888,0x1929,0x18E8,0x10A8,0x18E9,0x216A,0x222A,0x196A,
  0x10C9,0x0048,0x0048,0x0868,0x0868,0x0868,0x0868,0x0068,0x00C0,0x00C1,0x0840,0x4944,0x20A1,0x08C1,0x0060,0x00A0,
  0x0080,0x0060,0x08A1,0x0060,0x00E1,0x00E0,0x00C1,0x00E0,0x0060,0x20A2,0x1881,0x00A0,0x1103,0x10E2,0x10E3,0x08C1,
  0x10A2,0x08A1,0x2105,0x0862,0x0840,0x20A2,0x0880,0x08C1,0x00E1,0x08C1,0x08E1,0x00C1,0x00E1,0x10E2,0x1904,0x18E4,
  0x18E3,0x20E4,0x20E4,0x2904,0x2904,0x3125,0x3104,0x4145,0x4965,0x4985,0x4965,0x4165,0x3125,0x2968,0x296A,0x1909,
  0x198A,0x19CB,0x1908,0x39CA,0x39CA,0x41EA,0x422A,0x526A,0x4A29,0x10A7,0x0868,0x0848,0x0868,0x0888,0x0868,0x0868,
  0x0047,0x0868,0x10A8,0x1A0A,0x1108,0x1929,0x1108,0x10E8,0x0868,0x0048,0x0868,0x0889,0x10C9,0x10A9,0x112A,0x110A,
  0x10C8,0x0889,0x10EA,0x0868,0x0868,0x3988,0x41E8,0x4A08,0x49E8,0x41E8,0x5A49,0x18C8,0x10A8,0x2149,0x1109,0x10A8,
  0x0006,0x0047,0x0848,0x0047,0x1109,0x196A,0x224A,0x196A,0x10C9,0x0868,0x0048,0x0868,0x0848,0x0868,0x0048,0x0007,
  0x00E0,0x0080,0x0820,0x4123,0x20A1,0x0060,0x0040,0x00C1,0x00C0,0x00C1,0x0080,0x0080,0x00E1,0x00E1,0x00E1,0x00E1,
  0x00A0,0x20A2,0x1861,0x0080,0x08C1,0x10E2,0x1903,0x10A2,0x2105,0x0040,0x00A1,0x0040,0x0861,0x0860,0x0020,0x0060,
  0x00C1,0x08E2,0x18E3,0x1904,0x2104,0x18E3,0x2105,0x28E5,0x3104,0x3104,0x3124,0x3944,0x4165,0x4985,0x4985,0x4985,
  0x4144,0x3104,0x2947,0x2149,0x214B,0x10CA,0x10AA,0x10A9,0x218A,0x19CB,0x2988,0x4228,0x4229,0x4229,0x4228,0x4228,
  0x4228,0x18E8,0x10A9,0x10A9,0x10AA,0x10A9,0x10A9,0x10A9,0x0868,0x0047,0x08A8,0x224A,0x1128,0x1129,0x1109,0x10E9,
  0x10A9,0x0889,0x0868,0x0888,0x0048,0x0047,0x110A,0x1109,0x1908,0x10E9,0x10E9,0x0068,0x0868,0x3988,0x49E8,0x5208,
  0x49C8,0x49E8,0x6249,0x28E7,0x3127,0x3928,0x28E7,0x10A8,0x0848,0x0868,0x0868,0x0868,0x1109,0x216A,0x1A2A,0x198A,
  0x10C9,0x0048,0x0848,0x0868,0x0027,0x0848,0x0868,0x0868,0x08E1,0x0020,0x0820,0x3923,0x28E2,0x00A0,0x00E0,0x00E1,
  0x00E1,0x08E1,0x08E2,0x08E2,0x08E2,0x10E2,0x08E2,0x18E3,0x10C3,0x1861,0x2081,0x08A2,0x20E4,0x20E4,0x18E3,0x18C2,
  0x18C2,0x0881,0x0060,0x0040,0x0841,0x0040,0x0020,0x0080,0x08A1,0x1904,0x2104,0x2104,0x2904,0x3105,0x3104,0x3924,
  0x4165,0x4965,0x4985,0x4985,0x4965,0x4965,0x3904,0x3104,0x2927,0x216A,0x10E9,0x190B,0x18EA,0x10CA,0x190B,0x10C9,
  0x198A,0x19AA,0x2968,0x4209,0x4208,0x41E8,0x41E8,0x4208,0x4228,0x18E8,0x10A9,0x0868,0x10A8,0x1089,0x0868,0x10A9,
  0x10CA,0x10A9,0x10EA,0x10E9,0x10A9,0x10A9,0x10A9,0x10A9,0x10A9,0x10A9,0x10A9,0x10AA,0x10A9,0x10A9,0x10EA,0x1109,
  0x10E8,0x08A8,0x190A,0x0048,0x0048,0x3968,0x49C7,0x5A08,0x51C8,0x49C7,0x5A48,0x3106,0x3127,0x1088,0x0047,0x0027,
  0x0868,0x0868,0x0889,0x0889,0x1129,0x1929,0x1A0A,0x196A,0x10C9,0x0868,0x0868,0x0868,0x0888,0x0048,0x0047,0x0868,
  0x00C0,0x00A0,0x0820,0x30E2,0x28E2,0x00A0,0x00E0,0x08E1,0x00E1,0x08E2,0x28E5,0x2105,0x18E4,0x2105,0x1904,0x20E5,
  0x10A3,0x2081,0x1881,0x0040,0x18A3,0x1083,0x1903,0x18E3,0x10E1,0x10A2,0x00A0,0x0040,0x0020,0x08A1,0x10C2,0x18E4,
  0x20E4,0x2904,0x2904,0x3124,0x3924,0x3924,0x4985,0x4985,0x49A5,0x4985,0x4965,0x3104,0x30E4,0x30E4,0x2906,0x29CC,
  0x194B,0x10C9,0x190A,0x10E9,0x10C9,0x18EA,0x10AA,0x10C9,0x198A,0x19AA,0x2969,0x41E9,0x41E8,0x41E8,0x41C8,0x39C8,
  0x4208,0x18E8,0x10CA,0x10AA,0x10A9,0x10A9,0x10A9,0x10A9,0x0888,0x0888,0x0888,0x10A9,0x10A9,0x0868,0x0868,0x0888,
  0x0868,0x0888,0x0888,0x0888,0x0889,0x0888,0x0868,0x10C9,0x18C9,0x10A9,0x18E9,0x10AA,0x0888,0x3988,0x51E8,0x5A08,
  0x51C8,0x49C7,0x5A49,0x3106,0x3127,0x1088,0x0868,0x10A9,0x1089,0x0888,0x1089,0x10A9,0x110A,0x1989,0x1A2A,0x198A,
  0x10C9,0x1089,0x0889,0x0888,0x10A9,0x1089,0x0868,0x0868,0x0100,0x00E0,0x0840,0x28C2,0x30E2,0x08A2,0x10E2,0x08E1,
  0x10E3,0x18E3,0x18C3,0x18E4,0x18E4,0x2905,0x1904,0x18E3,0x0881,0x0840,0x1041,0x0080,0x10A2,0x0861,0x0861,0x10A1,
  0x10C2,0x0080,0x08C1,0x08C1,0x18E3,0x2105,0x2105,0x20E4,0x2905,0x3104,0x3924,0x3924,0x4144,0x4985,0x4984,0x4985,
  0x4985,0x4985,0x30E4,0x30E4,0x28E4,0x2107,0x2A0D,0x112B,0x10CA,0x194B,0x10A9,0x10CA,0x10E9,0x18EA,0x10CA,0x10C9,
  0x21AB,0x21CB,0x2148,0x41C8,0x41C9,0x41A9,0x41A8,0x39C7,0x41E8,0x18E9,0x10A9,0x10A9,0x10AA,0x18CA,0x10AA,0x10A9,
  0x10AA,0x10A9,0x0868,0x0868,0x10A9,0x0888,0x0888,0x0869,0x0869,0x0848,0x0888,0x0888,0x0888,0x10AA,0x10AA,0x10A9,
  0x10A9,0x10AA,0x10A9,0x0889,0x0869,0x3988,0x49E8,0x5208,0x49E8,0x49A8,0x5A28,0x3106,0x3127,0x18C9,0x0889,0x0868,
  0x0868,0x0868,0x10AA,0x10CA,0x08C9,0x1109,0x19CA,0x10C9,0x0888,0x10A9,0x10A9,0x1089,0x10A9,0x1089,0x0868,0x0868,
  0x1903,0x18E3,0x0820,0x38E2,0x20A2,0x18C3,0x10E2,0x08E1,0x10E3,0x1102,0x10E2,0x08E1,0x00C0,0x00E1,0x00A0,0x0040,
  0x0020,0x0000,0x0840,0x0060,0x0080,0x0040,0x0841,0x0020,0x08A1,0x1903,0x2105,0x18C4,0x20E5,0x28E5,0x2905,0x3124,
  0x3924,0x3924,0x3944,0x4985,0x51A5,0x5185,0x4964,0x4985,0x4985,0x30E4,0x30E4,0x3104,0x20C5,0x220E,0x10EA,0x216D,
  0x10CA,0x192B,0x110B,0x18CA,0x18EA,0x10C9,0x10C9,0x10C9,0x19AA,0x198B,0x2128,0x3989,0x39A9,0x39A8,0x39A8,0x39A7,
  0x39C8,0x18E8,0x18EB,0x190B,0x10A9,0x1089,0x10CA,0x194C,0x18EA,0x10CA,0x10C9,0x10A9,0x10A9,0x10A9,0x10A9,0x10C9,
  0x18CA,0x10A9,0x1089,0x08A9,0x10AA,0x10AA,0x18CA,0x0889,0x0868,0x0868,0x10A9,0x10A9,0x10A9,0x3989,0x5209,0x5208,
  0x49C8,0x49A8,0x5A49,0x3126,0x3107,0x1088,0x0868,0x1089,0x0868,0x0868,0x0868,0x0868,0x0888,0x10A9,0x10A9,0x10CA,
  0x18CA,0x10A9,0x10CA,0x18CA,0x10A9,0x0889,0x0889,0x0889,0x10C2,0x10C2,0x0820,0x4123,0x3903,0x0080,0x0900,0x00E0,
  0x08A1,0x08C1,0x08E1,0x00A0,0x00C1,0x00C1,0x0060,0x0060,0x0080,0x0060,0x0020,0x00A1,0x0080,0x0841,0x0861,0x10A2,
  0x10A3,0x18E4,0x18E4,0x18E3,0x20E4,0x2104,0x2104,0x2903,0x2903,0x3124,0x3144,0x3144,0x3944,0x3164,0x3144,0x3144,
  0x20E3,0x20E4,0x20E3,0x2103,0x18E4,0x21AA,0x1928,0x1928,0x1908,0x10C8,0x194A,0x10C7,0x10C7,0x10E7,0x10E7,0x10C7,
  0x1968,0x1968,0x1905,0x3167,0x3187,0x3187,0x3187,0x2966,0x3186,0x18E6,0x10A7,0x10A7,0x1908,0x1929,0x10A7,0x10A7,
  0x10A7,0x10C7,0x10C7,0x1929,0x1929,0x192A,0x192A,0x10A9,0x18C9,0x18CA,0x10CA,0x10CA,0x18EA,0x10CA,0x18CA,0x10CA,
  0x18CA,0x18CA,0x10CA,0x10CA,0x18C9,0x3969,0x49A8,0x49A8,0x4187,0x4187,0x5A09,0x3126,0x3127,0x20E8,0x10A9,0x10A9,
  0x10A9,0x08A9,0x0889,0x0889,0x10A9,0x10CA,0x0889,0x0889,0x10CA,0x10A9,0x10A9,0x0868,0x1089,0x10AA,0x10AA,0x18AA,
  0x2104,0x08C1,0x0000,0x28A1,0x4143,0x0080,0x00E0,0x08E1,0x0881,0x0861,0x10A2,0x18C2,0x08C1,0x00E1,0x00E0,0x08E1,
  0x08E1,0x08C1,0x08C1,0x08C1,0x1103,0x1904,0x18E3,0x1924,0x1944,0x21C4,0x21C4,0x21E4,0x21E4,0x21E5,0x21C4,0x21C4,
  0x21C4,0x21C4,0x21C4,0x21C4,0x21E4,0x21C4,0x21E4,0x21E4,0x21E4,0x21E4,0x21E4,0x21E5,0x21C4,0x21C5,0x19A4,0x21C4,
  0x21E5,0x2205,0x2204,0x2204,0x2204,0x2204,0x21E4,0x2205,0x2204,0x2204,0x21E4,0x21E4,0x21E4,0x21E4,0x2205,0x21E4,
  0x21E4,0x21E4,0x2204,0x2205,0x2225,0x2205,0x2204,0x21E4,0x21E4,0x21E5,0x21E4,0x2205,0x2A25,0x3265,0x2A46,0x29E5,
  0x1927,0x10A9,0x10A9,0x10EA,0x10EA,0x10CA,0x10CA,0x10CA,0x18CA,0x10AA,0x10A9,0x10AA,0x10A9,0x41C9,0x49E8,0x49E8,
  0x4187,0x49C8,0x49E8,0x3987,0x3127,0x2108,0x10A9,0x10A9,0x1089,0x18CA,0x10AA,0x10A9,0x10AA,0x10AA,0x18CA,0x10CA,
  0x10A9,0x0868,0x10A9,0x10A9,0x10A9,0x10AA,0x10AA,0x10AA,0x00C1,0x00C0,0x0820,0x3103,0x3902,0x0080,0x00E0,0x08E1,
  0x0080,0x0881,0x1081,0x18E2,0x0881,0x08A0,0x00E1,0x08C1,0x08E2,0x18E3,0x18C3,0x18C4,0x18E4,0x2906,0x2144,0x1923,
  0x1923,0x1103,0x08E2,0x21C4,0x21C4,0x21C4,0x21C4,0x21A4,0x21A4,0x21C4,0x21A4,0x21C4,0x21C4,0x21C4,0x21C4,0x21C4,
  0x21C4,0x21C4,0x21A4,0x21A4,0x29A3,0x2983,0x2183,0x2184,0x0881,0x10C2,0x10C2,0x10C2,0x10C2,0x10C2,0x10A2,0x10A2,
  0x10C2,0x10C3,0x10C2,0x10C2,0x10C2,0x10E2,0x10E2,0x10C2,0x10C2,0x10A2,0x10E2,0x10C2,0x1123,0x1123,0x1123,0x1103,
  0x1103,0x1103,0x1123,0x1943,0x1963,0x1963,0x21A4,0x2A25,0x1924,0x18A8,0x10C9,0x18EA,0x110B,0x218D,0x10CA,0x10C9,
  0x10C9,0x192B,0x10CA,0x10AA,0x10C9,0x2109,0x3988,0x49E8,0x3128,0x51E9,0x41A8,0x3127,0x20C8,0x18C9,0x10CA,0x18CA,
  0x18CA,0x18CA,0x10CA,0x10A9,0x10AA,0x10CA,0x10CA,0x10CA,0x10CA,0x10CA,0x10CA,0x18CA,0x0889,0x10A9,0x18CA,0x18AA,
  0x08A0,0x1102,0x0820,0x20A1,0x3943,0x0060,0x00E0,0x08E1,0x0080,0x0060,0x0060,0x0040,0x0060,0x08E1,0x08C1,0x10E2,
  0x18E3,0x10E3,0x18E4,0x18C4,0x2906,0x20E4,0x3245,0x19A3,0x1983,0x1963,0x10E2,0x1983,0x1983,0x1983,0x1983,0x1983,
  0x1983,0x1983,0x1983,0x1983,0x1983,0x1983,0x1983,0x1983,0x1983,0x1983,0x1983,0x1983,0x1983,0x1963,0x2162,0x1964,
  0x0040,0x08A1,0x08A1,0x08A1,0x08A1,0x08C1,0x08A1,0x08A1,0x0881,0x0861,0x0862,0x1082,0x0861,0x0861,0x0861,0x0861,
  0x0862,0x0841,0x0881,0x1923,0x1983,0x1923,0x0041,0x0040,0x0040,0x0040,0x0041,0x0061,0x0861,0x10C2,0x2184,0x1963,
  0x10C4,0x2909,0x18A9,0x10CA,0x10CA,0x10EA,0x18EA,0x10A9,0x10A9,0x10A9,0x10A9,0x190B,0x18EA,0x18A9,0x3148,0x49C8,
  0x3988,0x49C8,0x4188,0x3107,0x18C8,0x18EB,0x18CB,0x10CA,0x18CA,0x18CA,0x10CA,0x10A9,0x10AA,0x10AA,0x10EB,0x18EB,
  0x10AA,0x18CA,0x18CA,0x18CA,0x18CA,0x10AA,0x10AA,0x18AA,0x10A1,0x18A2,0x0840,0x28C2,0x28E2,0x0881,0x0080,0x00C1,
  0x08C0,0x00E0,0x00C1,0x08C1,0x10E2,0x18E3,0x10E3,0x18C3,0x20E4,0x2105,0x2906,0x2906,0x20E5,0x29A5,0x21C4,0x1984,
  0x1984,0x1983,0x10E2,0x1984,0x19A4,0x19A4,0x19A4,0x19A4,0x19A4,0x19A4,0x19A4,0x19A4,0x19A4,0x19A4,0x19A4,0x19A4,
  0x19A4,0x19A4,0x19A4,0x19A4,0x19A4,0x1984,0x1963,0x2184,0x0020,0x29C5,0x29C5,0x31E6,0x3205,0x3206,0x3206,0x31C5,
  0x0000,0x0000,0x18E3,0x10A2,0x0000,0x0000,0x10A2,0x0861,0x0821,0x0841,0x0040,0x1923,0x1963,0x10A3,0x1883,0x28C1,
  0x30E2,0x28C1,0x18A5,0x10A7,0x0843,0x0000,0x2125,0x10E3,0x1943,0x18E5,0x310A,0x18A9,0x10C9,0x10EA,0x10EA,0x10A9,
  0x10A9,0x190A,0x18EA,0x10CA,0x10AA,0x10C9,0x18E9,0x3988,0x49E9,0x49C8,0x41A8,0x2907,0x10C9,0x18EB,0x10EA,0x10CA,
  0x10CA,0x10CA,0x10CA,0x192C,0x10EA,0x10CA,0x190B,0x110B,0x10AA,0x10AA,0x10AA,0x10AA,0x10AA,0x18EB,0x10EA,0x18AA,
  0x08A1,0x1081,0x10A2,0x1061,0x1061,0x0841,0x0060,0x08A1,0x0080,0x00C1,0x08C1,0x10C3,0x18E3,0x18E3,0x2105,0x2105,
  0x2906,0x28E6,0x2906,0x2906,0x20E4,0x2A05,0x1983,0x1983,0x19A3,0x1984,0x10E2,0x1983,0x19A4,0x19A4,0x19A4,0x19A4,
  0x19A4,0x19A4,0x19A4,0x19A4,0x19A4,0x19A4,0x19A4,0x19A4,0x19A4,0x19A4,0x19A4,0x19A4,0x19A4,0x19A4,0x1983,0x21A4,
  0x18E3,0x2184,0x1162,0x1182,0x11E3,0x1203,0x19E3,0x42E8,0x0000,0x31C6,0x5AAA,0x4A08,0x2104,0x4207,0x41E7,0x5ACA,
  0x2124,0x0841,0x0040,0x1923,0x1142,0x2125,0x28A3,0x28C1,0x2881,0x69E6,0x20E6,0x18C9,0x1087,0x1085,0x18C3,0x0863,
  0x1103,0x2164,0x2107,0x310A,0x10A9,0x10EA,0x10CA,0x10EA,0x110A,0x192B,0x190B,0x110B,0x190B,0x190A,0x10A9,0x18A9,
  0x41C8,0x41A8,0x2908,0x10A9,0x18C9,0x18CA,0x10CA,0x10A9,0x0889,0x0868,0x0868,0x0868,0x10A9,0x10CA,0x10CA,0x18CA,
  0x18CA,0x10A9,0x190B,0x192B,0x10CA,0x0889,0x0868,0x0868,0x10E1,0x10C2,0x18C2,0x0840,0x10C2,0x1902,0x0040,0x0060,
  0x00A0,0x08E2,0x18C3,0x20E5,0x28E5,0x28E5,0x28E6,0x2906,0x2906,0x28E6,0x2906,0x28E6,0x2124,0x2204,0x1983,0x1963,
  0x1983,0x1143,0x1102,0x1983,0x1984,0x1984,0x19A4,0x19A4,0x19A4,0x19A4,0x19A4,0x19A4,0x19A4,0x19A4,0x19A4,0x19A4,
  0x19A4,0x19A4,0x19A4,0x19A4,0x19A4,0x1983,0x1983,0x21A4,0x1903,0x29C4,0x2284,0x1223,0x1A84,0x1AE5,0x1A64,0x4329,
  0x0881,0x4AA8,0x20E3,0x5268,0x5248,0x5A89,0x3145,0x39C6,0x41E7,0x2906,0x1082,0x1903,0x1142,0x1925,0x28A2,0x40C2,
  0x6A06,0x6227,0x18C6,0x10C9,0x1087,0x10A7,0x20E4,0x0001,0x10C5,0x1944,0x2164,0x2106,0x310A,0x10EA,0x10EA,0x192B,
  0x192B,0x10AA,0x18EA,0x18EA,0x10C9,0x10EA,0x10EB,0x10A9,0x3168,0x3987,0x18E8,0x18CA,0x10A9,0x10A9,0x10A9,0x0888,
  0x10A9,0x10A9,0x1089,0x10A9,0x0889,0x10CA,0x18EA,0x10CA,0x18AA,0x18AA,0x10CA,0x08A9,0x0889,0x0869,0x0889,0x0868,
  0x0040,0x18C2,0x10A2,0x1081,0x10A2,0x0820,0x0040,0x0080,0x0881,0x10C3,0x20E5,0x28E5,0x20E4,0x20E4,0x20E5,0x28E6,
  0x28E6,0x28E6,0x28E6,0x28E5,0x29C5,0x19A3,0x1983,0x2163,0x1983,0x1123,0x1943,0x1983,0x1983,0x1983,0x19A4,0x19A4,
  0x19A4,0x19A4,0x19A4,0x19A4,0x19A4,0x19A4,0x19A4,0x19A4,0x19A4,0x19A4,0x19A4,0x19A4,0x19A4,0x1983,0x1983,0x21C4,
  0x1123,0x2A04,0x22C4,0x1A44,0x1AA5,0x1AA5,0x19E4,0x4B49,0x0880,0x3A46,0x5248,0x3186,0x39A6,0x41E7,0x5269,0x5249,
  0x18C2,0x3126,0x18A3,0x1903,0x1142,0x1924,0x1042,0x4102,0x9287,0x9B09,0x28E7,0x18C9,0x10A8,0x0865,0x3167,0x0842,
  0x0042,0x10E5,0x1923,0x1924,0x2928,0x28EA,0x10C8,0x10A9,0x10AA,0x10EB,0x10CA,0x10A9,0x10A9,0x10EA,0x190B,0x18EA,
  0x18C8,0x1927,0x190A,0x18EA,0x10C9,0x10A9,0x1088,0x10A9,0x10AA,0x10CA,0x18CA,0x10CA,0x08A9,0x0888,0x0888,0x0868,
  0x10A9,0x18AA,0x10A9,0x10A9,0x10AA,0x10CA,0x10A9,0x1089,0x00C0,0x0080,0x0060,0x0040,0x0060,0x0060,0x08C1,0x18E3,
  0x18E4,0x2905,0x20E4,0x28E5,0x20E5,0x20E5,0x20E5,0x3147,0x3127,0x28E6,0x28E6,0x20C4,0x3245,0x1983,0x1983,0x1963,
  0x1983,0x1123,0x1943,0x1983,0x1983,0x1983,0x19A4,0x19A4,0x19A4,0x19A4,0x19A4,0x19A4,0x19A4,0x19A4,0x19A4,0x19A4,
  0x19A4,0x19A4,0x19A4,0x19A4,0x19A4,0x1983,0x1983,0x21A4,0x1923,0x2A05,0x1A44,0x2265,0x1A44,0x19A3,0x19E4,0x4328,
  0x00A1,0x2184,0x31A6,0x2104,0x2944,0x3145,0x3165,0x41E7,0x1081,0x2905,0x1082,0x1903,0x1123,0x10E3,0x0824,0x61C7,
  0x69C5,0x3904,0x10A7,0x18C9,0x1087,0x0001,0x522A,0x2907,0x0021,0x0863,0x1104,0x1943,0x1924,0x2928,0x28C9,0x18C9,
  0x10CA,0x10EA,0x110A,0x194B,0x192B,0x10EB,0x18EB,0x10CA,0x10A9,0x2169,0x190B,0x10CA,0x10CA,0x10A9,0x10CA,0x10EA,
  0x10EA,0x18CA,0x10CA,0x10A9,0x10A9,0x10A9,0x1089,0x10AA,0x10A9,0x0868,0x0888,0x0889,0x10CA,0x10CA,0x10CA,0x10A9,
  0x0901,0x08E1,0x00E1,0x00E1,0x08C1,0x1904,0x10C3,0x20E4,0x3106,0x20E5,0x28E6,0x20E5,0x20E5,0x28E6,0x2906,0x3127,
  0x20C5,0x20E6,0x2906,0x20E4,0x2A25,0x1983,0x1963,0x1963,0x1983,0x0903,0x1943,0x1983,0x1984,0x1984,0x19A4,0x19A4,
  0x1984,0x1984,0x1984,0x1984,0x1984,0x19A4,0x19A4,0x19A4,0x1984,0x1984,0x1984,0x1983,0x1983,0x1983,0x1983,0x21A4,
  0x10C2,0x42A7,0x3AE7,0x3AE8,0x3AC7,0x3AC7,0x3AC7,0x4287,0x00A1,0x21A4,0x4248,0x20C3,0x20E3,0x20E3,0x2925,0x5269,
  0x1082,0x20E3,0x1083,0x1103,0x0844,0x18A8,0x0825,0x0824,0x61E7,0x1022,0x10A8,0x1087,0x0001,0x0000,0x4A0A,0x3968,
  0x0001,0x0000,0x0021,0x1123,0x1943,0x1904,0x2908,0x18C8,0x194C,0x10CA,0x10A9,0x10A8,0x10C9,0x192B,0x194C,0x218D,
  0x196C,0x190A,0x10CA,0x10CA,0x10CA,0x10A9,0x10CA,0x10CA,0x10EA,0x10CA,0x10CA,0x194C,0x194C,0x190B,0x10AA,0x10CA,
  0x10EA,0x110B,0x10EA,0x10CA,0x10CA,0x10AA,0x10AA,0x10A9,0x0100,0x1923,0x2124,0x0861,0x0881,0x1904,0x18E4,0x18E4,
  0x28E5,0x20E5,0x2905,0x2905,0x2906,0x3147,0x3167,0x3127,0x20C5,0x28E6,0x20E5,0x2124,0x2A25,0x19A4,0x19A3,0x19A4,
  0x19A3,0x1123,0x1923,0x1983,0x19A3,0x1983,0x1983,0x1983,0x1983,0x1983,0x1983,0x1983,0x1983,0x1983,0x1983,0x1983,
  0x1983,0x1983,0x1983,0x1983,0x1983,0x1983,0x1983,0x21A4,0x1102,0x32C6,0x32E6,0x2AC6,0x3286,0x32A6,0x32A6,0x3286,
  0x1102,0x2164,0x28E3,0x41A5,0x3985,0x4A07,0x20E3,0x4A28,0x18A2,0x20E4,0x18C3,0x10A4,0x18A8,0x0846,0x1068,0x1067,
  0x2926,0x0824,0x18A8,0x0844,0x1984,0x1143,0x3166,0x2925,0x2144,0x21A3,0x21A4,0x1983,0x1942,0x1923,0x1163,0x2A05,
  0x2186,0x1129,0x198C,0x196C,0x194C,0x10EA,0x10A9,0x10A8,0x10A9,0x190B,0x10CA,0x192B,0x190B,0x196D,0x21AE,0x110A,
  0x10A9,0x10A9,0x10A9,0x10A9,0x10A9,0x10A9,0x18A9,0x10CA,0x10CA,0x10CA,0x18EA,0x194B,0x192B,0x10CA,0x190B,0x190B,
  0x08E1,0x1942,0x08A1,0x0040,0x0060,0x1082,0x20E5,0x20E5,0x2905,0x2105,0x28E6,0x3147,0x3968,0x3167,0x3106,0x28E6,
  0x28E6,0x2906,0x28E5,0x29A4,0x21E4,0x19C4,0x19C4,0x21E4,0x19C4,0x00A2,0x21A4,0x21E4,0x29E4,0x29E4,0x29E4,0x29E4,
  0x2204,0x2204,0x2204,0x2204,0x2204,0x2204,0x2204,0x2204,0x2204,0x2204,0x2204,0x21E4,0x21E4,0x21E4,0x21E4,0x21A4,
  0x29E5,0x3285,0x3265,0x3265,0x3246,0x3A46,0x3246,0x3246,0x21C5,0x18E3,0x2924,0x2103,0x20C3,0x18C3,0x20E3,0x3165,
  0x10A2,0x1883,0x1883,0x1085,0x1067,0x0003,0x1088,0x1888,0x0844,0x0844,0x1067,0x0845,0x1944,0x19A3,0x1943,0x3167,
  0x2164,0x19C3,0x19A3,0x19A3,0x19A4,0x1143,0x19A4,0x21E4,0x2A24,0x3225,0x2185,0x1108,0x110A,0x190A,0x192A,0x194B,
  0x194C,0x18EB,0x10EA,0x10A9,0x10A9,0x10A9,0x110B,0x10EA,0x218D,0x19CE,0x196D,0x194C,0x196D,0x196C,0x10EA,0x10EA,
  0x10EA,0x10EA,0x10C9,0x10A9,0x10A9,0x10A9,0x10A9,0x10A9,0x08E1,0x2142,0x0881,0x0882,0x18C4,0x28E5,0x28E5,0x20E4,
  0x20E5,0x2905,0x3167,0x3967,0x3147,0x20E5,0x28E6,0x3127,0x28E6,0x28E6,0x20E4,0x3245,0x1983,0x19A4,0x19A4,0x19A3,
  0x1984,0x08C2,0x1963,0x1983,0x2183,0x1983,0x1983,0x1983,0x1983,0x1983,0x1983,0x1983,0x1983,0x1983,0x1983,0x1983,
  0x1983,0x1983,0x1983,0x1923,0x2125,0x2125,0x1944,0x1983,0x10C2,0x18C2,0x18C2,0x18C2,0x18C2,0x18C2,0x18E2,0x10C2,
  0x18C2,0x18C3,0x20E3,0x20E3,0x18C3,0x18C3,0x18E3,0x20E4,0x2104,0x18A3,0x1883,0x0866,0x1087,0x0002,0x1068,0x1067,
  0x1086,0x0844,0x1067,0x1046,0x10E4,0x19A3,0x1984,0x1143,0x1983,0x19A3,0x1983,0x1983,0x1983,0x19A3,0x1983,0x1983,
  0x1983,0x1983,0x2204,0x3265,0x29E5,0x10E7,0x192A,0x110A,0x110B,0x10EB,0x18EA,0x190A,0x192B,0x112B,0x194C,0x21AD,
  0x112B,0x110B,0x10EA,0x10A9,0x10EA,0x10EA,0x110A,0x18EA,0x110B,0x196C,0x198D,0x21AD,0x21AD,0x114C,0x194C,0x192C,
  0x1101,0x18E2,0x00E1,0x08C1,0x18C3,0x20E5,0x20E4,0x20E5,0x28E5,0x20E5,0x3147,0x3127,0x2906,0x20C5,0x28E6,0x20C5,
  0x28E6,0x20C5,0x20E3,0x2A45,0x1983,0x19A4,0x19A4,0x19A3,0x19A4,0x08C2,0x1983,0x19A4,0x19A4,0x19A4,0x1984,0x1984,
  0x19A3,0x19A3,0x19A3,0x1984,0x1984,0x1984,0x19A4,0x19A4,0x1984,0x1984,0x1984,0x1123,0x1103,0x1903,0x1964,0x21A4,
  0x0861,0x0000,0x0000,0x0000,0x0000,0x0000,0x0000,0x0000,0x0020,0x20E3,0x2184,0x2B27,0x2AC6,0x2103,0x29A4,0x2945,
  0x2925,0x18E3,0x1083,0x1087,0x1067,0x0002,0x1067,0x1088,0x1067,0x0824,0x1887,0x0004,0x10A5,0x19A3,0x1983,0x19A3,
  0x2184,0x2185,0x1944,0x2164,0x2184,0x21C4,0x1963,0x1983,0x1983,0x1984,0x19A3,0x1984,0x19C4,0x2A25,0x21A6,0x19CC,
  0x222F,0x1A0F,0x10EA,0x10A9,0x192B,0x196C,0x192A,0x10E9,0x10EA,0x110A,0x198D,0x198D,0x196C,0x192C,0x110A,0x10AA,
  0x10A9,0x10A9,0x10A9,0x10A9,0x10A9,0x10CA,0x10CA,0x10EA,0x2163,0x00A0,0x10E1,0x3184,0x2925,0x2905,0x2104,0x20E4,
  0x18C3,0x20E5,0x2926,0x28E6,0x3127,0x28E6,0x2906,0x20C5,0x20C5,0x20C5,0x2123,0x2A45,0x19A4,0x19A4,0x19A4,0x19A3,
  0x19A4,0x08E3,0x19A3,0x19A3,0x19A3,0x19A3,0x19A3,0x19A3,0x19A3,0x19A3,0x19A3,0x19A3,0x19A3,0x19A3,0x19A4,0x19A4,
  0x19A4,0x1984,0x19A3,0x19A3,0x1983,0x19A3,0x1983,0x21C4,0x18E3,0x0000,0x0000,0x0000,0x0000,0x0000,0x0000,0x0020,
  0x0841,0x2904,0x2965,0x21A4,0x21A5,0x2905,0x2925,0x3166,0x3986,0x3145,0x1062,0x1087,0x1066,0x0002,0x0824,0x1067,
  0x18A8,0x1046,0x0845,0x0865,0x18A5,0x19A3,0x19A3,0x19A3,0x2184,0x2184,0x2143,0x2164,0x21C5,0x21C4,0x1163,0x19A3,
  0x19A3,0x19A3,0x19A3,0x19A3,0x19A3,0x1983,0x2A04,0x2A06,0x10C7,0x112A,0x198C,0x19AD,0x194C,0x112B,0x194C,0x196C,
  0x10EA,0x18C9,0x10A9,0x10C9,0x192B,0x112B,0x114C,0x19AD,0x198D,0x196C,0x192B,0x190B,0x196C,0x196C,0x196D,0x110B,
  0x2122,0x18C1,0x31A4,0x20E4,0x20E4,0x18E4,0x10C2,0x18E4,0x2105,0x2926,0x3127,0x3147,0x3127,0x2906,0x2907,0x20C5,
  0x20C5,0x20C5,0x2103,0x2204,0x1143,0x1143,0x1143,0x1163,0x1164,0x08C2,0x1983,0x1183,0x1183,0x1163,0x1183,0x1183,
  0x1183,0x1183,0x1183,0x1183,0x1183,0x1183,0x1163,0x1163,0x1183,0x1183,0x1183,0x1183,0x1183,0x1183,0x1163,0x1983,
  0x18A2,0x10C2,0x1903,0x1903,0x0861,0x0000,0x0000,0x0021,0x0841,0x2904,0x2924,0x18E4,0x18C3,0x2104,0x20E4,0x2104,
  0x3165,0x3145,0x0021,0x1066,0x18A8,0x0001,0x0825,0x10A7,0x1088,0x1066,0x18A8,0x1066,0x0883,0x1183,0x1183,0x1183,
  0x1183,0x1183,0x1163,0x1183,0x1183,0x1183,0x1123,0x1163,0x1163,0x1183,0x1183,0x1163,0x1163,0x1184,0x1163,0x21A4,
  0x20C3,0x20A4,0x20C5,0x18E7,0x1908,0x10E8,0x194A,0x19ED,0x220F,0x1A0F,0x198C,0x110B,0x10EA,0x192B,0x192B,0x10C9,
  0x190B,0x190A,0x10EA,0x198D,0x198D,0x112B,0x112B,0x112B,0x18E2,0x2102,0x10C2,0x10E2,0x10A3,0x2105,0x2905,0x18C4,
  0x2906,0x3147,0x3127,0x3127,0x3127,0x28E6,0x3147,0x28E6,0x20A5,0x20C5,0x2103,0x2A45,0x28C1,0x58E2,0x20E2,0x1983,
  0x1983,0x08C2,0x19A4,0x19A4,0x19A3,0x19A4,0x19A3,0x19A3,0x19A3,0x19A3,0x19A3,0x19A3,0x19A3,0x19A3,0x19A3,0x19A3,
  0x19A3,0x19A4,0x19A3,0x19A3,0x19A3,0x19A4,0x1983,0x1984,0x18A3,0x20C4,0x20C4,0x18A3,0x0841,0x0000,0x0000,0x0020,
  0x0000,0x2904,0x18C3,0x10A2,0x10A2,0x18A2,0x18C2,0x18A2,0x3104,0x18A2,0x0020,0x0844,0x20C9,0x0842,0x3986,0x1063,
  0x1087,0x1065,0x0845,0x0001,0x1123,0x19A4,0x1983,0x1984,0x1984,0x1984,0x1984,0x1984,0x19A3,0x19A4,0x1143,0x1983,
  0x19A3,0x19A3,0x1983,0x19A3,0x19A4,0x19A3,0x2964,0x51C5,0x20A3,0x28C4,0x28C4,0x28E5,0x28C4,0x28C4,0x20C4,0x20C5,
  0x18C6,0x194A,0x19EE,0x222F,0x1A0F,0x198D,0x114B,0x110B,0x10CA,0x10A9,0x10C9,0x10EA,0x10EA,0x194C,0x194C,0x194C,
  0x0881,0x18C2,0x2102,0x2943,0x20E4,0x2905,0x28E5,0x3126,0x3127,0x3146,0x3147,0x3147,0x28E6,0x28E6,0x3107,0x28E6,
  0x20C5,0x28E5,0x18C2,0x2A04,0x18E2,0x20A1,0x1902,0x1983,0x1984,0x08C2,0x1984,0x19A4,0x19A4,0x1983,0x19A4,0x19A4,
  0x19A4,0x19A4,0x19A4,0x19A4,0x19A4,0x19A4,0x19A4,0x19A4,0x19A4,0x19A4,0x19A4,0x19A4,0x19A4,0x1983,0x1983,0x2184,
  0x0021,0x0841,0x0000,0x0000,0x0000,0x0000,0x0000,0x0021,0x0020,0x28E4,0x2965,0x2984,0x2164,0x2925,0x3125,0x2905,
  0x2905,0x2924,0x0000,0x0822,0x1068,0x2106,0x83F0,0x3104,0x0002,0x0002,0x0843,0x08C2,0x1983,0x1984,0x1983,0x1984,
  0x1984,0x1984,0x1983,0x1983,0x1983,0x1123,0x1963,0x1983,0x1984,0x1983,0x1983,0x19A4,0x19A4,0x1983,0x3944,0xA2C5,
  0x28E3,0x3104,0x28C4,0x28C4,0x28C4,0x28C4,0x28C4,0x28E4,0x28E4,0x20C4,0x20C5,0x18E7,0x196A,0x19CD,0x1A0F,0x222F,
  0x1A0F,0x19CE,0x198C,0x110B,0x192B,0x112B,0x10EA,0x114C,0x0020,0x10C2,0x0861,0x10A3,0x18A4,0x28E6,0x3106,0x3147,
  0x3147,0x3147,0x3147,0x3127,0x28E6,0x28E6,0x28E6,0x20C5,0x20C5,0x28E6,0x20C3,0x29E5,0x1983,0x1983,0x1984,0x1983,
  0x1984,0x08C2,0x1983,0x19A4,0x19A4,0x1983,0x19A4,0x19A4,0x19A4,0x19A4,0x19A4,0x19A4,0x19A4,0x19A4,0x19A4,0x19A4,
  0x19A4,0x19A4,0x19A4,0x19A4,0x19A4,0x1984,0x1983,0x21A4,0x0021,0x0841,0x0000,0x0000,0x0000,0x0000,0x0000,0x0000,
  0x0020,0x28E4,0x2104,0x18E3,0x20E3,0x20C3,0x2126,0x2905,0x18A2,0x20C2,0x1020,0x3124,0x1884,0x6207,0x7B4D,0x5A69,
  0x0863,0x0043,0x2989,0x1946,0x1983,0x1984,0x1983,0x1984,0x1983,0x1984,0x1963,0x1143,0x1943,0x1122,0x19A4,0x19C4,
  0x19C3,0x1983,0x1983,0x19A4,0x19A4,0x1963,0x3124,0x61E5,0x28E3,0x3924,0x3924,0x3924,0x3924,0x3924,0x3904,0x28E4,
  0x28E4,0x28C4,0x28C4,0x28C4,0x20C4,0x20C5,0x18C6,0x1908,0x196B,0x198C,0x220F,0x1A2F,0x220F,0x222F,0x2230,0x1A2F,
  0x08A1,0x18C3,0x2905,0x18C4,0x2905,0x2906,0x3147,0x3968,0x3968,0x3968,0x3127,0x3107,0x28E6,0x20C5,0x28C6,0x20C6,
  0x20C6,0x28E6,0x1082,0x29E4,0x1983,0x1983,0x1983,0x1983,0x1963,0x08C2,0x1943,0x2163,0x1963,0x1983,0x19A3,0x1984,
  0x1984,0x1984,0x1983,0x1983,0x1983,0x1983,0x19A4,0x19A4,0x19A4,0x19A4,0x1983,0x1983,0x1984,0x1983,0x1983,0x21A4,
  0x0841,0x1063,0x0021,0x0020,0x0000,0x0000,0x0000,0x0000,0x0000,0x20E4,0x3125,0x18C4,0x20E4,0x20E4,0x2125,0x2905,
  0x18C3,0x20C2,0x1040,0x18C2,0x51A5,0x8266,0x3904,0x20E6,0x08A5,0x0043,0x2169,0x31EA,0x1143,0x19A3,0x1983,0x1983,
  0x1983,0x1963,0x2A04,0x21C4,0x1983,0x1963,0x1963,0x1983,0x21C4,0x2225,0x19E3,0x19A3,0x19A4,0x1943,0x30E3,0x59C5,
  0x3103,0x3924,0x3924,0x3924,0x3924,0x3924,0x3924,0x3924,0x3125,0x28E4,0x28C4,0x28E4,0x28E5,0x28E4,0x28E4,0x28E4,
  0x28C5,0x20C5,0x20C6,0x18E7,0x18E7,0x18E7,0x18E8,0x198C,0x08A1,0x2905,0x28E6,0x2906,0x28E6,0x2926,0x3968,0x3968,
  0x3968,0x3968,0x3147,0x2906,0x28E6,0x28C6,0x20C5,0x20E6,0x28E6,0x28E6,0x1063,0x29C4,0x1983,0x1983,0x1983,0x1983,
  0x1983,0x08E2,0x1923,0x1963,0x1963,0x1983,0x1983,0x1983,0x1983,0x1983,0x1983,0x1984,0x1984,0x1984,0x19A4,0x19A4,
  0x19A4,0x19A4,0x1983,0x1983,0x1983,0x1983,0x1983,0x21A4,0x0020,0x0821,0x0862,0x0841,0x0821,0x1062,0x1062,0x1062,
  0x0862,0x1883,0x0841,0x0841,0x0841,0x0841,0x0842,0x0841,0x1841,0x2082,0x0861,0x08A2,0x0061,0x1041,0x18C6,0x29CA,
  0x2989,0x0864,0x1928,0x2A0B,0x1925,0x19A3,0x1983,0x1983,0x1983,0x21C4,0x08A1,0x0020,0x0000,0x0000,0x0000,0x0000,
  0x0000,0x0040,0x1943,0x2204,0x19A4,0x1923,0x3904,0x5184,0x3924,0x3924,0x3924,0x3924,0x3924,0x3924,0x3924,0x4124,
  0x3924,0x3924,0x3104,0x28E4,0x28C4,0x28C4,0x28C4,0x28E4,0x28E4,0x28C4,0x28C4,0x28C4,0x28C5,0x28C5,0x28E4,0x28C4,
  0x08E1,0x1903,0x28E5,0x28E5,0x28E6,0x3147,0x3147,0x3968,0x3968,0x3968,0x3127,0x2906,0x28E6,0x28E6,0x20C5,0x20E6,
  0x20C5,0x2906,0x18A4,0x21C4,0x2A04,0x2204,0x21E4,0x21E4,0x2A05,0x1143,0x1943,0x19A4,0x21C4,0x19C4,0x21C3,0x21A4,
  0x21A4,0x21C4,0x21C4,0x21C3,0x21C3,0x19C4,0x19C4,0x19C4,0x19C4,0x19C4,0x19C4,0x19C4,0x19C4,0x19C4,0x19C4,0x21C4,
  0x2104,0x2905,0x18C4,0x2925,0x2925,0x2926,0x2926,0x2926,0x2926,0x2926,0x2926,0x2926,0x2926,0x2925,0x2905,0x20E4,
  0x18C3,0x18E3,0x10C2,0x1902,0x1103,0x0862,0x10C6,0x21A9,0x2A0B,0x0883,0x10C6,0x29CA,0x1947,0x19A3,0x19C3,0x1943,
  0x1963,0x0020,0x0000,0x0021,0x0821,0x0821,0x0821,0x0821,0x0021,0x0000,0x0020,0x1983,0x19C4,0x1123,0x18E3,0x18C3,
  0x3944,0x4124,0x3924,0x3924,0x3924,0x3924,0x3924,0x3924,0x4124,0x3924,0x3924,0x4124,0x3924,0x3124,0x3104,0x3104,
  0x28C4,0x28C4,0x28C4,0x28C4,0x28C4,0x28C4,0x28C5,0x28E4,0x10E2,0x2105,0x2906,0x2926,0x20C5,0x3147,0x3148,0x3147,
  0x3968,0x3147,0x3127,0x3127,0x28E6,0x28E6,0x2906,0x20E5,0x20C5,0x20E5,0x3966,0x10E3,0x1963,0x1963,0x1963,0x1963,
  0x1963,0x08E2,0x1923,0x1983,0x19A4,0x19C4,0x19A4,0x19A4,0x21A3,0x21A3,0x21A3,0x21A3,0x21A3,0x19C4,0x21C4,0x19C4,
  0x21A4,0x19A4,0x19A4,0x19A4,0x19C4,0x19C4,0x19C4,0x19A4,0x1063,0x18A4,0x18A4,0x18A4,0x18A4,0x18A4,0x18A4,0x18A4,
  0x18A4,0x18A4,0x18A4,0x18A4,0x18A4,0x18A4,0x18A4,0x18A4,0x18C4,0x18A4,0x10A2,0x1903,0x0902,0x08A3,0x0884,0x2189,
  0x320B,0x10C3,0x0864,0x2168,0x29C9,0x1143,0x19A3,0x1963,0x0060,0x0000,0x0842,0x0000,0x0000,0x0821,0x0021,0x0000,
  0x0000,0x0842,0x0000,0x0040,0x21E4,0x1122,0x3186,0x4A29,0x49C7,0x4164,0x4144,0x4144,0x4144,0x4144,0x3924,0x3924,
  0x4124,0x3924,0x4124,0x4124,0x3924,0x3924,0x3924,0x3944,0x3944,0x3944,0x3924,0x3924,0x3924,0x3124,0x3104,0x30E4,
  0x10C2,0x2105,0x2926,0x2906,0x20C5,0x2926,0x3147,0x3968,0x3968,0x3968,0x3147,0x3127,0x28E6,0x2906,0x28E6,0x20E6,
  0x28E5,0x3967,0x62AC,0x39A7,0x1143,0x1163,0x1983,0x1963,0x1163,0x08E3,0x18E2,0x1942,0x1163,0x1983,0x1163,0x1963,
  0x1983,0x1983,0x1963,0x1163,0x1163,0x1983,0x1983,0x1983,0x1983,0x1983,0x1983,0x1983,0x1983,0x1983,0x1163,0x1963,
  0x1063,0x10A3,0x18A3,0x18A3,0x18A3,0x18A3,0x18A3,0x18A4,0x18A4,0x18A4,0x18A4,0x18A4,0x18A3,0x18A3,0x18A3,0x18A3,
  0x18A3,0x18A3,0x10A2,0x10C2,0x1102,0x0903,0x0063,0x2149,0x322B,0x10C4,0x0042,0x10E6,0x322B,0x1944,0x1142,0x1923,
  0x0000,0x0842,0x0000,0x0841,0x2906,0x20C5,0x20C5,0x20E5,0x0821,0x0000,0x0842,0x0000,0x1943,0x1923,0x4A0A,0x520A,
  0x4A09,0x49A5,0x51A5,0x51A5,0x51A5,0x4985,0x4985,0x4985,0x4164,0x3924,0x4124,0x4144,0x4124,0x4144,0x4124,0x4144,
  0x4144,0x4144,0x3924,0x3924,0x3944,0x3924,0x3944,0x4124,0x10E2,0x18E3,0x2104,0x3127,0x2906,0x3126,0x3147,0x3147,
  0x3968,0x3127,0x2906,0x2907,0x28E6,0x28E6,0x28E6,0x20C5,0x20C5,0x2105,0x522B,0x3167,0x08C2,0x1123,0x2142,0x2122,
  0x2102,0x18E2,0x08A2,0x2942,0x1902,0x08E2,0x08E3,0x0903,0x0903,0x0903,0x1123,0x0923,0x0903,0x1143,0x1163,0x1963,
  0x1963,0x1123,0x1923,0x1943,0x1143,0x1123,0x2122,0x10E2,0x0841,0x1082,0x1082,0x1082,0x1082,0x1082,0x0882,0x1082,
  0x1082,0x1082,0x1082,0x1082,0x0882,0x0882,0x0882,0x0882,0x0841,0x0841,0x08A1,0x10C2,0x08C2,0x0903,0x0062,0x1907,
  0x29EA,0x1105,0x0043,0x0885,0x1907,0x1082,0x20E2,0x0860,0x0020,0x0000,0x0020,0x20C5,0x1884,0x3168,0x3168,0x1864,
  0x20C5,0x0021,0x0021,0x0000,0x08A1,0x1923,0x4189,0x2906,0x3186,0x59E5,0x61E5,0x61E5,0x59C5,0x59C5,0x59A5,0x51C5,
  0x51A5,0x4984,0x4144,0x4164,0x4144,0x3944,0x4164,0x3924,0x3924,0x3924,0x3924,0x3924,0x3944,0x3924,0x4144,0x4124,
  0x0901,0x18E4,0x10C3,0x2125,0x3127,0x3147,0x3947,0x3147,0x3127,0x3127,0x28C6,0x3127,0x28E6,0x28E6,0x20A5,0x20E6,
  0x28E5,0x18C4,0x18A4,0x1883,0x0862,0x0881,0x08A1,0x1061,0x1061,0x1061,0x0020,0x0041,0x0040,0x0882,0x0862,0x10A3,
  0x2126,0x2125,0x10C3,0x0842,0x0883,0x0020,0x0041,0x0040,0x0061,0x0062,0x0062,0x0062,0x0062,0x0061,0x0061,0x0082,
  0x08C2,0x08C2,0x08A2,0x08A2,0x08A2,0x08C2,0x08C2,0x08C2,0x08C2,0x08C2,0x08C2,0x08C2,0x08C2,0x08C2,0x08C2,0x08A2,
  0x08C3,0x08C2,0x08C2,0x08A2,0x00A2,0x0082,0x0082,0x10C6,0x1948,0x10C5,0x0885,0x10A6,0x0042,0x08A2,0x18C2,0x0000,
  0x0822,0x0000,0x20E4,0x1043,0x3968,0x41C9,0x41C9,0x3988,0x1064,0x20E5,0x0000,0x0822,0x20E2,0x10A2,0x3126,0x3127,
  0x3945,0x59E5,0x6205,0x61E5,0x59E5,0x61E5,0x61E5,0x61E5,0x59E5,0x59E5,0x59C5,0x51C5,0x51A5,0x51A5,0x51A5,0x5185,
  0x4985,0x4985,0x4964,0x4164,0x4164,0x4964,0x4164,0x4124,0x08E1,0x08C1,0x3145,0x2926,0x2905,0x20E4,0x2926,0x3967,
  0x2926,0x2906,0x20C5,0x2906,0x2906,0x28E6,0x20C6,0x20C5,0x2905,0x18C4,0x20C4,0x2905,0x20C4,0x1883,0x1062,0x1062,
  0x0841,0x1061,0x18A3,0x0841,0x0000,0x2105,0x1884,0x20A5,0x3127,0x3127,0x20A5,0x1084,0x2905,0x0000,0x0821,0x0000,
  0x0020,0x2903,0x3144,0x3144,0x3144,0x3124,0x3144,0x3124,0x3124,0x3124,0x3124,0x3124,0x3144,0x3124,0x3124,0x3124,
  0x3124,0x3123,0x3124,0x3124,0x3124,0x3124,0x3124,0x3124,0x3124,0x3124,0x3124,0x3144,0x3164,0x3964,0x3964,0x0884,
  0x10C7,0x10A5,0x1085,0x18A4,0x3944,0x2903,0x0000,0x0000,0x0842,0x0000,0x2906,0x1864,0x20C5,0x2906,0x3147,0x20E5,
  0x1884,0x2926,0x0000,0x0841,0x59C5,0x6205,0x59C5,0x59E5,0x72A7,0x9BA8,0x9368,0x8B27,0x7AE7,0x7266,0x7266,0x7266,
  0x7266,0x7266,0x6A46,0x61E5,0x59E5,0x59E5,0x59E5,0x59E5,0x59E5,0x59E5,0x59C5,0x59C5,0x51C5,0x51C5,0x51A5,0x4985,
  0x08A1,0x0881,0x3164,0x2906,0x2925,0x2925,0x3147,0x3147,0x3948,0x20E5,0x20C5,0x2906,0x3127,0x2906,0x20C6,0x20E6,
  0x20A5,0x20E5,0x20C4,0x20C4,0x20E4,0x20C4,0x0821,0x0862,0x18A3,0x18A3,0x20E4,0x0821,0x0000,0x1083,0x2907,0x1063,
  0x18A4,0x18A4,0x1084,0x20C5,0x20E4,0x0000,0x0021,0x0000,0x1081,0x4185,0x4985,0x4184,0x4164,0x4184,0x4184,0x4184,
  0x4184,0x4184,0x4164,0x4184,0x4184,0x4164,0x4164,0x4164,0x4184,0x4184,0x4164,0x4164,0x4184,0x4184,0x4184,0x4184,
  0x4164,0x4184,0x4184,0x4185,0x4984,0x4985,0x4985,0x1084,0x10E7,0x2148,0x0843,0x3944,0x49A4,0x49A5,0x18A2,0x0000,
  0x0021,0x0000,0x18C4,0x28E6,0x1063,0x1884,0x1884,0x1884,0x28E6,0x18C4,0x0000,0x1061,0x61E5,0x61E5,0x61E5,0x61E5,
  0x6205,0x8B07,0x9368,0xA3C8,0x9BA8,0x9B88,0x9B88,0x9367,0x8B27,0x8B27,0x8B47,0x8B27,0x82E7,0x7AA6,0x7286,0x72A7,
  0x7266,0x6225,0x61E5,0x61E5,0x59E5,0x59C5,0x59C5,0x59E5,0x08A1,0x18C2,0x2922,0x20E4,0x2904,0x2945,0x2905,0x2926,
  0x2905,0x2906,0x28E6,0x28E6,0x3127,0x3107,0x28E6,0x20C5,0x20C5,0x1884,0x20C4,0x20A3,0x20C4,0x20A3,0x1883,0x1062,
  0x0020,0x0000,0x0000,0x0000,0x0020,0x0000,0x3147,0x20C5,0x1063,0x1063,0x20C5,0x3988,0x0000,0x0021,0x0000,0x0000,
  0x0000,0x0000,0x0000,0x0000,0x0000,0x0000,0x0000,0x0000,0x0000,0x0000,0x0000,0x0000,0x0000,0x0000,0x0000,0x0000,
  0x0000,0x0000,0x0000,0x0000,0x0000,0x0000,0x0000,0x0000,0x0000,0x0000,0x0000,0x0000,0x0000,0x0000,0x0000,0x0841,
  0x10C7,0x2148,0x0020,0x0000,0x0000,0x0000,0x0000,0x0000,0x0000,0x0020,0x0020,0x3167,0x28C6,0x1043,0x1043,0x28E6,
  0x3967,0x0000,0x0000,0x1882,0x5185,0x51C5,0x59E5,0x61E5,0x61E5,0x6205,0x82E7,0x9B88,0xA3C8,0xA3C8,0xA3C8,0xA3A8,
  0xA3A8,0xA3A8,0xA3A8,0xA3A8,0x9BA8,0x9B88,0x9B88,0x9B88,0x9B68,0x8B48,0x8B28,0x8307,0x7AE7,0x72A6,0x7AA6,0x7286,
  0x10A1,0x2902,0x2902,0x20E4,0x3964,0x2103,0x20C5,0x2904,0x3165,0x3127,0x3106,0x18A4,0x2907,0x3127,0x20C5,0x20C5,
  0x18C5,0x1884,0x1063,0x1863,0x1062,0x1063,0x1062,0x0000,0x0000,0x0000,0x0000,0x0000,0x0021,0x0000,0x0000,0x18C4,
  0x3147,0x3967,0x2105,0x0000,0x0020,0x0821,0x0000,0x0000,0x0000,0x0000,0x0000,0x0000,0x0000,0x0000,0x0000,0x0000,
  0x0000,0x0000,0x0000,0x0000,0x0000,0x0000,0x0000,0x0000,0x0000,0x0000,0x0000,0x0000,0x0000,0x0000,0x0000,0x0000,
  0x0000,0x0000,0x0000,0x0000,0x0000,0x0000,0x0000,0x1040,0x0885,0x1949,0x0862,0x0000,0x0000,0x0000,0x0000,0x0000,
  0x0000,0x0021,0x0000,0x0000,0x18C4,0x3967,0x3167,0x20E4,0x0000,0x0000,0x0821,0x0000,0x1882,0x3104,0x4985,0x6A46,
  0x61E5,0x61E5,0x61E5,0x6A65,0x8B27,0x9BA8,0x9B67,0xA3A8,0xA3A8,0xA3A8,0x9BA7,0xA3A8,0xA3A8,0xA3A8,0xA3A8,0x9367,
  0xA3C8,0xA3C8,0xA3A8,0x9BA8,0x9BA8,0x9B88,0x9B88,0x9387,0x41C5,0x20E2,0x2902,0x2923,0x4184,0x20E3,0x20A3,0x5204,
  0x28E5,0x2906,0x18A4,0x28E6,0x20C5,0x3107,0x2906,0x20A5,0x20C5,0x20C5,0x1063,0x1062,0x1062,0x0021,0x0000,0x0000,
  0x0000,0x0000,0x0000,0x0000,0x0000,0x0821,0x0021,0x0000,0x0000,0x0000,0x0000,0x0021,0x0021,0x0000,0x0000,0x0000,
  0x0000,0x0000,0x0000,0x0000,0x0000,0x0000,0x0000,0x0000,0x0000,0x0000,0x0000,0x0000,0x0000,0x0000,0x0000,0x0000,
  0x0000,0x0000,0x0000,0x0000,0x0000,0x0000,0x0000,0x0000,0x0000,0x0000,0x0000,0x0000,0x0000,0x0000,0x0000,0x0820,
  0x0843,0x1949,0x10C5,0x0000,0x0000,0x0000,0x0000,0x0000,0x0000,0x0000,0x0021,0x0021,0x0000,0x0000,0x0000,0x0000,
  0x0021,0x0021,0x0000,0x0000,0x0000,0x0000,0x3104,0x4945,0x59C5,0x61E5,0x61E5,0x6205,0x7266,0x82E7,0x8B07,0x9367,
  0x9BA8,0xA3A8,0x9BA8,0xA3A8,0xA3A8,0xA3A8,0xA3A8,0xA3A8,0xA3C8,0xA3C8,0xA3C8,0xA3C8,0xA3C8,0xA3C8,0x8B47,0xA3C8,
  0x49C5,0x1081,0x3143,0x3963,0x49C4,0x20E4,0x3143,0x3964,0x2906,0x2924,0x20E4,0x3106,0x18A5,0x2907,0x3107,0x2907,
  0x28E6,0x28E6,0x18A4,0x1063,0x0842,0x1061,0x0841,0x0821,0x0020,0x0020,0x0820,0x0820,0x0020,0x0000,0x0000,0x0000,
  0x0021,0x0821,0x0001,0x0000,0x0000,0x0000,0x0000,0x0000,0x0000,0x0020,0x0820,0x0820,0x0820,0x0820,0x0820,0x0820,
  0x0820,0x0820,0x0820,0x0820,0x0820,0x0820,0x0820,0x0820,0x0820,0x0820,0x0841,0x0840,0x0841,0x0840,0x0840,0x0841,
  0x0841,0x0841,0x0841,0x0841,0x0000,0x0000,0x0000,0x0020,0x0842,0x1082,0x1041,0x0000,0x0820,0x0800,0x0820,0x0800,
  0x0800,0x0800,0x0000,0x0800,0x0821,0x1041,0x1041,0x0821,0x0800,0x0820,0x1041,0x18A2,0x1882,0x3103,0x4965,0x5184,
  0x59C5,0x6205,0x6205,0x6205,0x6205,0x6A46,0x6A25,0x7A86,0x8B07,0x9368,0x9BA8,0x9BA8,0xA3A8,0xA3A8,0xA3A8,0x9B87,
  0xA3A8,0x9B68,0xA3A8,0xA3C8,0xA3A8,0xA3C8,0xA3A8,0xA3C8,0x5A25,0x1081,0x3143,0x3963,0x20E2,0x20E3,0x5A45,0x2905,
  0x28E4,0x3984,0x28E5,0x28E5,0x28E6,0x18A5,0x20E6,0x28E6,0x28E6,0x20C5,0x20C5,0x18A4,0x1064,0x1884,0x1884,0x1883,
  0x20A3,0x1883,0x20A3,0x20A3,0x20C2,0x20C3,0x20A2,0x20A2,0x1882,0x2082,0x1882,0x20C3,0x28E3,0x28E3,0x3104,0x28E4,
  0x30E3,0x3104,0x30E3,0x3904,0x3924,0x3924,0x3904,0x3924,0x3924,0x4145,0x3903,0x4144,0x4144,0x4145,0x4965,0x4164,
  0x4165,0x4164,0x4164,0x4965,0x4985,0x4965,0x4965,0x4985,0x5185,0x51A5,0x4985,0x4985,0x3924,0x3925,0x3124,0x0841,
  0x0820,0x1860,0x28C1,0x28C2,0x3104,0x3904,0x4985,0x59C5,0x59C6,0x59C5,0x59C5,0x59C5,0x59C5,0x59C5,0x59E5,0x59C5,
  0x59E5,0x59C5,0x61E5,0x59E5,0x6205,0x61E5,0x61E5,0x61E5,0x61E5,0x6205,0x6205,0x6205,0x61E5,0x6A46,0x61E5,0x6A05,
  0x6A25,0x7286,0x82E7,0x82E6,0x8B27,0x9367,0x9367,0x9BA8,0xA3C8,0xA3A8,0xA3A8,0xA3A8,0x9327,0xA3A8,0xA3C8,0xA3A8,
  0x3983,0x1881,0x41C4,0x3943,0x20E2,0x3123,0x49A4,0x20C4,0x51E5,0x28C4,0x20E3,0x1883,0x28E6,0x20C6,0x1884,0x2906,
  0x3107,0x28E6,0x28E6,0x28E6,0x20A5,0x1885,0x1884,0x18A5,0x18A5,0x1884,0x20A4,0x20A3,0x20C3,0x20C3,0x28C3,0x28E3,
  0x28E3,0x28C3,0x18A2,0x28C3,0x3104,0x3104,0x3104,0x28E3,0x3103,0x3104,0x3924,0x4144,0x3904,0x4124,0x3924,0x3944,
  0x4144,0x3924,0x3924,0x4144,0x4124,0x4124,0x4144,0x4164,0x4964,0x4964,0x4965,0x4124,0x3944,0x4144,0x4965,0x49A4,
  0x51A5,0x51A5,0x51A5,0x51C5,0x51A5,0x51A5,0x51A5,0x4985,0x49A5,0x4164,0x28C2,0x30E2,0x4964,0x51A5,0x59C5,0x61E5,
  0x61E5,0x61E5,0x59C5,0x59C5,0x61E5,0x61E5,0x6205,0x61E5,0x61E5,0x61E5,0x6205,0x6205,0x61E5,0x61E5,0x6226,0x61E5,
  0x6205,0x61E5,0x6205,0x6205,0x61E5,0x7287,0x61E5,0x6205,0x6A46,0x6A05,0x6A46,0x7A86,0x7286,0x7286,0x7AA6,0x8307,
  0x8B47,0x9B67,0x9BA8,0x9B87,0xA3C8,0xA3C8,0xA3C8,0x9B88,0x2902,0x18A1,0x3964,0x2903,0x0840,0x5A25,0x20E3,0x3123,
  0x2923,0x3964,0x2904,0x2927,0x20C5,0x28E6,0x20A5,0x20A5,0x20C6,0x3107,0x2907,0x28E6,0x20E6,0x18A5,0x18A4,0x1884,
  0x1064,0x18A5,0x18A5,0x18A5,0x20A3,0x1882,0x28C3,0x28E3,0x28C3,0x20C3,0x20C3,0x28C3,0x28E3,0x3104,0x3904,0x3104,
  0x3104,0x3924,0x3924,0x3924,0x4124,0x3924,0x3924,0x3924,0x4124,0x4144,0x3944,0x3924,0x3944,0x4144,0x4165,0x3924,
  0x4144,0x4144,0x4124,0x4144,0x4144,0x4144,0x4164,0x4144,0x4985,0x51A5,0x51A5,0x51A5,0x51A5,0x59C5,0x51C5,0x51A5,
  0x59C5,0x59C5,0x59E6,0x59C5,0x61E5,0x59E5,0x59C5,0x59E5,0x61E5,0x59E5,0x59A5,0x61C5,0x61E5,0x61E5,0x61E5,0x61E5,
  0x61E5,0x61E5,0x61E5,0x61E5,0x61E5,0x61E5,0x6205,0x61E5,0x61E5,0x6205,0x61E5,0x6205,0x6205,0x61E5,0x6205,0x61E5,
  0x61E5,0x6205,0x6A26,0x61E5,0x61E5,0x6205,0x6A46,0x6A25,0x6A25,0x6A45,0x7AA6,0x8307,0x8307,0x9347,0x9B88,0x9B88,
  0x18A1,0x2103,0x3164,0x1081,0x2902,0x49C4,0x18A1,0x3963,0x3143,0x28E3,0x20C5,0x3144,0x2903,0x20C5,0x18A5,0x28E6,
  0x28E6,0x28E6,0x28E6,0x20C6,0x28C6,0x28E6,0x28E6,0x20C6,0x18A4,0x18A5,0x1884,0x20C6,0x20A5,0x1062,0x28C3,0x28E3,
  0x28E3,0x20A2,0x28E3,0x28E3,0x28E3,0x28E4,0x28E3,0x3104,0x3104,0x3904,0x3104,0x3924,0x3924,0x3924,0x4124,0x4124,
  0x3924,0x3924,0x3944,0x3924,0x4144,0x4144,0x3923,0x3923,0x3924,0x4165,0x4144,0x4145,0x4964,0x4984,0x4144,0x4165,
  0x4985,0x51C5,0x51A5,0x51A5,0x51A5,0x59C5,0x51A5,0x51A5,0x59C5,0x51C5,0x59C5,0x59C5,0x61E5,0x59E5,0x59E5,0x59C5,
  0x59C5,0x59C5,0x61E5,0x61E5,0x61E5,0x61E5,0x6205,0x61E5,0x59C4,0x61E5,0x61E5,0x61E5,0x61E5,0x61E5,0x61E5,0x61E5,
  0x6205,0x61E5,0x61E5,0x61E5,0x6205,0x6205,0x6205,0x61E5,0x6205,0x61E5,0x6225,0x6205,0x6205,0x6205,0x6205,0x6205,
  0x61E5,0x6205,0x6205,0x6A45,0x6A46,0x7266,0x7286,0x7AC7,0x0840,0x3984,0x18C2,0x0020,0x4184,0x18A1,0x3943,0x28E3,
  0x18A2,0x2903,0x49E5,0x2903,0x2906,0x20C5,0x20C5,0x1885,0x28E6,0x28E7,0x2907,0x28E6,0x2907,0x20E6,0x20C5,0x20A5,
  0x20A5,0x20C6,0x1885,0x20C6,0x20C6,0x20A6,0x1885,0x20C3,0x28E3,0x28E3,0x28E3,0x28E3,0x20E3,0x20A2,0x20C3,0x28C3,
  0x28E3,0x30E4,0x3105,0x3103,0x3124,0x3124,0x3904,0x3924,0x3924,0x3904,0x3904,0x3904,0x3944,0x3904,0x4124,0x4164,
  0x3924,0x3924,0x4144,0x4144,0x3924,0x4144,0x4164,0x4985,0x4964,0x4164,0x4964,0x4985,0x49A5,0x51A5,0x51C5,0x51A5,
  0x59C5,0x51A5,0x51A5,0x59C5,0x61E5,0x61E5,0x61E5,0x61E5,0x61E5,0x6205,0x61E5,0x59E5,0x59C5,0x59E5,0x61E5,0x61E5,
  0x6205,0x61E5,0x61E5,0x6A26,0x61E5,0x61E5,0x61E5,0x6A26,0x6205,0x6205,0x6225,0x6205,0x6205,0x6205,0x6205,0x6A47,
  0x6205,0x61E5,0x6205,0x6205,0x61E5,0x6205,0x6205,0x6A26,0x6A26,0x6205,0x6205,0x6A25,0x6225,0x6205,0x6205,0x6205,
  0x0040,0x3143,0x0000,0x0840,0x18A1,0x20E2,0x18A1,0x2922,0x49C5,0x2943,0x20C5,0x28E6,0x18A4,0x18A5,0x2906,0x20E5,
  0x28E6,0x20E6,0x2906,0x20C6,0x3107,0x2907,0x2907,0x28E6,0x28E6,0x20C6,0x1885,0x18A5,0x20C6,0x20C6,0x18A5,0x1864,
  0x1063,0x20C3,0x30E3,0x3103,0x28E3,0x28C3,0x28E3,0x30E3,0x30E3,0x28E3,0x28C3,0x3104,0x3104,0x3104,0x3924,0x3104,
  0x4165,0x4144,0x4124,0x3924,0x3904,0x3904,0x3904,0x3924,0x3924,0x4124,0x4144,0x4144,0x4144,0x4144,0x4144,0x4124,
  0x4164,0x4144,0x4144,0x4144,0x4164,0x51A5,0x51A5,0x51C5,0x59C5,0x51C5,0x51A5,0x59C6,0x61E5,0x61E5,0x61E5,0x61E5,
  0x59C5,0x59E5,0x5A05,0x61E5,0x59C5,0x59E5,0x59E5,0x59E5,0x61E5,0x6205,0x61E5,0x61E5,0x6205,0x61E5,0x61E5,0x51A4,
  0x6265,0x59E5,0x51C4,0x6225,0x51E4,0x61E5,0x61E5,0x59C5,0x61E5,0x6205,0x6205,0x6205,0x61E5,0x61E5,0x61E5,0x61E5,
  0x61E5,0x7246,0x61E5,0x6A46,0x61E5,0x6205,0x6225,0x6205,0x0020,0x2903,0x0020,0x0861,0x0000,0x0860,0x3143,0x28E2,
  0x0840,0x1882,0x20C3,0x3143,0x20E3,0x18A4,0x18A5,0x28E6,0x28E6,0x20A5,0x20C5,0x20C5,0x28E6,0x3107,0x28E6,0x20E6,
  0x28C6,0x20C6,0x20C6,0x18A5,0x18A5,0x18A5,0x18A5,0x1885,0x20C6,0x18A4,0x20A3,0x20C3,0x28E3,0x20C3,0x20A2,0x3104,
  0x28E3,0x28E3,0x2904,0x3104,0x3104,0x3104,0x3124,0x3104,0x3104,0x3124,0x3924,0x3924,0x3924,0x3924,0x3924,0x3924,
  0x3924,0x3944,0x3924,0x4164,0x4124,0x4124,0x4144,0x3944,0x4144,0x4144,0x4164,0x4164,0x4164,0x4164,0x4164,0x4164,
  0x4964,0x4164,0x4985,0x4964,0x59C5,0x51C5,0x59E5,0x59C5,0x59E5,0x61E5,0x61E5,0x51A5,0x59C5,0x61E5,0x59E5,0x59C5,
  0x61E5,0x59C5,0x59C5,0x6205,0x6205,0x6205,0x6225,0x5A25,0x3963,0x6245,0x3123,0x51E5,0x4984,0x61E5,0x61E5,0x61E5,
  0x61E5,0x59E4,0x6205,0x6205,0x61E5,0x59E5,0x5184,0x6205,0x61E5,0x61E5,0x6205,0x61E5,0x6205,0x6225,0x6205,0x6A05,
  0x1081,0x0020,0x1081,0x0820,0x18A2,0x28E2,0x28E2,0x3122,0x4163,0x3123,0x18A1,0x1062,0x18A5,0x28E6,0x20A5,0x1063,
  0x1884,0x20C5,0x20E6,0x28E6,0x20C6,0x20C5,0x28E6,0x3107,0x2907,0x28E7,0x28E6,0x20E6,0x20C6,0x1885,0x1884,0x1884,
  0x20C6,0x20C6,0x20C5,0x1884,0x1883,0x28E3,0x28C3,0x20C3,0x20A2,0x28E3,0x28E3,0x3104,0x28E4,0x3104,0x30E4,0x3104,
  0x3924,0x3104,0x3924,0x3924,0x3924,0x3924,0x3924,0x3924,0x3924,0x3924,0x3924,0x3924,0x3903,0x3924,0x4124,0x3904,
  0x3924,0x4144,0x3924,0x4144,0x4164,0x4965,0x4164,0x51A5,0x4164,0x4164,0x4985,0x4964,0x3944,0x4985,0x51A5,0x51A5,
  0x51A5,0x49A5,0x59E6,0x59E5,0x59E5,0x59E5,0x59E5,0x59C5,0x59E5,0x61E5,0x61E5,0x6A26,0x61E5,0x51E4,0x6225,0x4183,
  0x49A4,0x3964,0x3943,0x4183,0x6205,0x6A45,0x61E5,0x61E5,0x59C5,0x61E5,0x61E5,0x59E5,0x6205,0x6205,0x61E5,0x61E5,
  0x6A46,0x61E5,0x6205,0x6205,0x6205,0x61E5,0x6205,0x6205,0x0000,0x20C2,0x20E2,0x0820,0x0841,0x0841,0x1061,0x18C2,
  0x20E2,0x2903,0x20C2,0x1062,0x1884,0x28E6,0x28E6,0x28E6,0x20C5,0x18A5,0x20C5,0x20C5,0x28C6,0x20C6,0x20C6,0x2907,
  0x3107,0x2907,0x2907,0x20C6,0x2907,0x20C6,0x18A5,0x18A5,0x18C5,0x1885,0x20C6,0x20A6,0x18A5,0x1884,0x1863,0x20C3,
  0x3103,0x28C3,0x28E3,0x3104,0x28C3,0x30E4,0x28E4,0x30E4,0x3904,0x3924,0x3104,0x3904,0x3924,0x3923,0x3904,0x3904,
  0x4124,0x3924,0x4144,0x4124,0x3924,0x3904,0x3924,0x4124,0x4164,0x3924,0x3924,0x4164,0x4144,0x4164,0x4144,0x4164,
  0x4964,0x4985,0x4965,0x51A5,0x4144,0x4164,0x4985,0x51A5,0x4965,0x4985,0x4984,0x51A5,0x51C5,0x59C6,0x59C5,0x59C5,
  0x59E5,0x59E5,0x59A5,0x6205,0x59C5,0x5205,0x49C4,0x3983,0x3102,0x18A1,0x28E2,0x3963,0x4183,0x59E5,0x61E5,0x61E5,
  0x59C5,0x61E5,0x59C5,0x6205,0x61E5,0x6205,0x61E5,0x61E5,0x6205,0x61E5,0x61E5,0x61E5,0x6205,0x6205,0x59C5,0x6205,
  0x18A2,0x18C2,0x0000,0x18A2,0x20C2,0x20C2,0x18C2,0x18A2,0x1061,0x1082,0x0883,0x1083,0x1084,0x20A5,0x20E6,0x28E6,
  0x20C6,0x28E6,0x28E6,0x2907,0x3127,0x2907,0x2907,0x20A5,0x20C5,0x28E6,0x28E6,0x28E6,0x28E6,0x20E6,0x28E6,0x20C6,
  0x20C6,0x18A5,0x18A5,0x20A6,0x20C6,0x1885,0x1084,0x18A5,0x20A3,0x28E4,0x3104,0x30E3,0x28E3,0x3104,0x28E3,0x3104,
  0x3104,0x3124,0x3104,0x3944,0x3924,0x3924,0x3904,0x3924,0x3924,0x4124,0x4124,0x3924,0x3924,0x4124,0x3904,0x3904,
  0x3924,0x4124,0x3924,0x3924,0x4124,0x4165,0x4144,0x4164,0x4985,0x4145,0x3944,0x4184,0x4985,0x4124,0x4144,0x4965,
  0x4144,0x4985,0x51A5,0x51A5,0x51A5,0x4985,0x51C5,0x59C5,0x51C5,0x51C5,0x5A06,0x4185,0x59E6,0x4184,0x41A4,0x3122,
  0x20A2,0x20C2,0x20E2,0x20E3,0x3103,0x59E5,0x59E5,0x59C5,0x61E5,0x61E5,0x61E5,0x61E5,0x61E5,0x61E5,0x6205,0x61E5,
  0x61E5,0x61E5,0x59E5,0x59E5,0x61E5,0x6205,0x61E5,0x6205,0x0000,0x0020,0x0000,0x0020,0x0861,0x0861,0x0861,0x1062,
  0x1884,0x1084,0x1084,0x1883,0x3145,0x20A4,0x28E6,0x20C5,0x20C5,0x20E6,0x20C5,0x28E6,0x20A4,0x20C3,0x28E6,0x28E7,
  0x20C5,0x1884,0x20C5,0x28E7,0x28E7,0x28E6,0x28E6,0x28E6,0x28C6,0x20C6,0x20C6,0x18A5,0x20A5,0x20C5,0x18A5,0x20A5,
  0x18C6,0x18A4,0x2083,0x28E3,0x30E3,0x30E3,0x28C3,0x28E3,0x3104,0x30E4,0x30E4,0x30E4,0x3924,0x30E4,0x3924,0x30E4,
  0x3924,0x3924,0x3924,0x3924,0x30E4,0x4124,0x3924,0x4124,0x3924,0x3924,0x3924,0x3924,0x3903,0x4124,0x3924,0x3944,
  0x4164,0x3924,0x4144,0x3924,0x4164,0x4164,0x4164,0x4144,0x4144,0x4985,0x49A5,0x4964,0x4964,0x4165,0x49A5,0x3944,
  0x1061,0x3104,0x30E3,0x28C3,0x51C5,0x4143,0x28E2,0x20C2,0x1881,0x0861,0x0840,0x18A2,0x3104,0x59C5,0x61E5,0x61E5,
  0x59A5,0x61E4,0x6226,0x61E5,0x61E5,0x61E5,0x6205,0x6205,0x61E5,0x61E5,0x6205,0x6205,0x6205,0x61E5,0x61E5,0x6205,
  0x0000,0x0000,0x0000,0x0000,0x0842,0x1082,0x1062,0x1063,0x1063,0x1083,0x18A3,0x3944,0x49A5,0x1883,0x28E6,0x20A5,
  0x3144,0x28C3,0x49A4,0x28E6,0x3124,0x3964,0x20E5,0x2905,0x2907,0x28E6,0x20A5,0x1064,0x18C5,0x28E6,0x2907,0x20C6,
  0x28E6,0x2906,0x28E7,0x20C6,0x1884,0x1884,0x18C5,0x20C6,0x20C6,0x20C6,0x20A5,0x1884,0x20A3,0x28E3,0x30E3,0x28E4,
  0x30E4,0x28E3,0x30E3,0x28E4,0x3104,0x30E4,0x3104,0x3104,0x3924,0x3924,0x3924,0x3924,0x3924,0x3924,0x4185,0x3924,
  0x4124,0x3924,0x4124,0x3924,0x3904,0x3944,0x3944,0x4124,0x3924,0x4144,0x4144,0x3944,0x4144,0x4144,0x3924,0x3944,
  0x3904,0x5206,0x49A5,0x3944,0x4985,0x4164,0x4164,0x3924,0x30E3,0x28E3,0x3103,0x4984,0x51C5,0x51C5,0x28E3,0x1881,
  0x1041,0x0841,0x0840,0x3103,0x4965,0x61E5,0x59C5,0x59E5,0x59E5,0x61E5,0x59C5,0x59E5,0x61E5,0x61E5,0x61E5,0x61E5,
  0x61E5,0x59C5,0x5184,0x61E5,0x61E5,0x61E5,0x6205,0x6205,0x0841,0x1081,0x2102,0x1061,0x1083,0x49C5,0x20E3,0x1083,
  0x1083,0x1083,0x1083,0x0843,0x1083,0x1083,0x1884,0x20A5,0x3964,0x3123,0x4183,0x20C5,0x49A4,0x3943,0x2904,0x20C4,
  0x28E6,0x2907,0x3127,0x2907,0x20E6,0x20E5,0x28C6,0x2907,0x2907,0x20C6,0x28C6,0x2907,0x28C6,0x20C6,0x18A5,0x1884,
  0x20A5,0x20A5,0x20C6,0x18A5,0x18A5,0x1884,0x1882,0x28E3,0x20A3,0x30E4,0x28C3,0x28E4,0x2904,0x3104,0x28E3,0x3904,
  0x3104,0x28C3,0x3924,0x3924,0x3904,0x3104,0x30E3,0x3924,0x3104,0x3924,0x3924,0x3904,0x3904,0x3904,0x3924,0x3924,
  0x3924,0x4124,0x4124,0x3924,0x3924,0x3924,0x30E4,0x1861,0x3924,0x3103,0x3103,0x3924,0x4985,0x4144,0x4164,0x4164,
  0x4165,0x4144,0x4985,0x4964,0x4984,0x4164,0x4164,0x3923,0x3924,0x3944,0x51C5,0x5185,0x4985,0x59C5,0x61E5,0x59C5,
  0x59C5,0x59C5,0x59C5,0x61E5,0x59E5,0x59C5,0x59C5,0x61E5,0x59E5,0x61E5,0x61E5,0x59E5,0x61E5,0x61E5,0x59E5,0x59E5,
  0x20E4,0x20C3,0x3963,0x18A2,0x18A4,0x51E5,0x20E4,0x2103,0x18A4,0x20C5,0x28E6,0x28E6,0x28E6,0x1062,0x20C5,0x20C5,
  0x3103,0x2923,0x51E4,0x1083,0x51E4,0x3123,0x49C5,0x20C3,0x28E6,0x2905,0x3124,0x3127,0x28E6,0x3127,0x3127,0x3127,
  0x28E6,0x28E6,0x28C6,0x2907,0x28E6,0x28E6,0x28E7,0x20C6,0x18A5,0x20C6,0x20E6,0x20C6,0x20A5,0x18A5,0x18A5,0x1063,
  0x1062,0x1862,0x20A3,0x20E3,0x20A2,0x3104,0x3104,0x30E4,0x3104,0x3104,0x3904,0x3104,0x3104,0x3924,0x3924,0x3904,
  0x3924,0x3924,0x30E3,0x4124,0x3924,0x3924,0x3924,0x3924,0x3924,0x4124,0x3924,0x3924,0x3924,0x1862,0x30E3,0x3924,
  0x3924,0x3924,0x3904,0x3924,0x4144,0x3944,0x3924,0x4164,0x4144,0x3924,0x4164,0x4144,0x4144,0x4165,0x4144,0x4164,
  0x4164,0x4985,0x49A5,0x4985,0x4144,0x4965,0x59C5,0x4985,0x4985,0x4984,0x51C5,0x59C5,0x59C5,0x59E5,0x59C5,0x59E5,
  0x59E5,0x59E5,0x59E5,0x61E5,0x59C4,0x59C5,0x61E5,0x59E5,0x20C4,0x3143,0x3943,0x3143,0x0862,0x5205,0x1061,0x3144,
  0x20C5,0x28E6,0x20C4,0x20C5,0x28E6,0x2903,0x1883,0x18A4,0x3123,0x28E2,0x51E4,0x1082,0x51E4,0x28E2,0x28E2,0x20A2,
  0x20A4,0x41A5,0x28E5,0x2907,0x3127,0x3147,0x3947,0x3968,0x3948,0x28E7,0x20C6,0x20E6,0x1885,0x20E6,0x20C6,0x28E6,
  0x2907,0x20C6,0x20C6,0x18A5,0x20C6,0x20C6,0x20C6,0x1884,0x18A5,0x1064,0x1042,0x1061,0x20A2,0x28C3,0x28C4,0x20C3,
  0x28C3,0x3104,0x30E3,0x3104,0x30E3,0x3104,0x3924,0x3103,0x3924,0x3904,0x3904,0x4124,0x3924,0x3924,0x3924,0x3924,
  0x3924,0x3924,0x3924,0x3924,0x20A3,0x3924,0x3924,0x3104,0x30E4,0x28E3,0x49C5,0x3944,0x3924,0x3924,0x3944,0x4144,
  0x4144,0x4144,0x4144,0x4144,0x3924,0x4144,0x4144,0x4165,0x4144,0x4985,0x4165,0x3944,0x4984,0x4985,0x4984,0x4964,
  0x4985,0x4164,0x49A5,0x51A5,0x59E5,0x51A5,0x51C5,0x51A5,0x59E5,0x59E5,0x59C5,0x59E5,0x59E5,0x59E5,0x59C5,0x59C5,
  0x18A4,0x3964,0x3123,0x49C4,0x1063,0x5205,0x18C2,0x20E2,0x20E6,0x28C5,0x2103,0x20C5,0x20E6,0x18A2,0x2903,0x0000,
  0x3964,0x20C2,0x51E4,0x1881,0x51E5,0x1081,0x18A1,0x2902,0x3984,0x28E3,0x28E5,0x28E6,0x20E5,0x3127,0x3147,0x3147,
  0x3148,0x3148,0x3127,0x3127,0x28E6,0x28E6,0x20E6,0x20A5,0x20C6,0x2906,0x20C6,0x20C6,0x20C6,0x20C6,0x20C6,0x20C6,
  0x20C6,0x1885,0x1884,0x1884,0x1063,0x20A2,0x28E3,0x28E3,0x3104,0x28E3,0x28C3,0x3104,0x3104,0x3103,0x3124,0x3904,
  0x3103,0x3904,0x3104,0x3924,0x3924,0x3924,0x3924,0x3924,0x3924,0x3924,0x3924,0x28A2,0x28C3,0x3904,0x3924,0x3104,
  0x3104,0x30E3,0x3903,0x3924,0x3904,0x3924,0x3924,0x3924,0x3944,0x3944,0x4124,0x3924,0x3924,0x3104,0x4144,0x3944,
  0x4164,0x3924,0x4164,0x4985,0x4164,0x3924,0x4144,0x4164,0x4164,0x4984,0x4984,0x4165,0x3924,0x51C6,0x3944,0x4985,
  0x49A4,0x51C5,0x51A5,0x51A5,0x51A5,0x59C5,0x59C5,0x51A5,0x1082,0x4184,0x18A1,0x41C4,0x20A2,0x49E4,0x1881,0x18A1,
  0x2904,0x3964,0x18A3,0x18A3,0x1883,0x18A4,0x3943,0x0800,0x3123,0x18A1,0x5204,0x3943,0x3143,0x0841,0x18A1,0x3123,
  0x3943,0x20C4,0x2924,0x28E3,0x3125,0x20E6,0x2906,0x3107,0x3127,0x3127,0x3127,0x3947,0x3968,0x3127,0x2907,0x28E6,
  0x20C5,0x20A5,0x2907,0x20C6,0x28E6,0x20E6,0x1885,0x18C5,0x20C6,0x20C6,0x20A5,0x18A5,0x18A5,0x1884,0x1883,0x3104,
  0x28E3,0x28E3,0x30E4,0x30E4,0x3104,0x3924,0x3104,0x3924,0x3104,0x3104,0x3104,0x3924,0x3924,0x3924,0x3924,0x3924,
  0x3924,0x3924,0x3924,0x3924,0x3924,0x3924,0x3924,0x3924,0x3924,0x3924,0x3924,0x3924,0x3924,0x3924,0x3924,0x3104,
  0x2904,0x3104,0x3944,0x3124,0x3944,0x3924,0x3944,0x3924,0x3944,0x4164,0x4144,0x3944,0x3944,0x3904,0x3944,0x4164,
  0x4985,0x4965,0x3944,0x1882,0x1062,0x28C3,0x3103,0x51A5,0x4965,0x4164,0x4144,0x49A5,0x4985,0x51C5,0x59E5,0x59C5,
  0x0020,0x41A4,0x1061,0x5205,0x20C2,0x3143,0x1061,0x2902,0x3122,0x3123,0x20A3,0x0021,0x2903,0x1063,0x3122,0x1061,
  0x28E2,0x28E2,0x4183,0x6245,0x20A1,0x0000,0x20C2,0x51C4,0x1883,0x3143,0x3943,0x3984,0x1882,0x28E5,0x28E6,0x2907,
  0x2906,0x3127,0x3147,0x3147,0x3948,0x3148,0x3948,0x3147,0x3148,0x2906,0x20C5,0x1884,0x20E6,0x28E6,0x20C6,0x1885,
  0x20A5,0x20C6,0x20A6,0x28C6,0x28C6,0x20A5,0x18A5,0x1062,0x20C3,0x28E3,0x3104,0x3924,0x3104,0x3104,0x3104,0x3924,
  0x3104,0x3104,0x3924,0x3924,0x3904,0x3924,0x3924,0x3104,0x3104,0x3924,0x3924,0x3124,0x3924,0x3924,0x3924,0x3924,
  0x3924,0x3924,0x3924,0x3924,0x3924,0x3944,0x3104,0x1882,0x28C4,0x20A3,0x3104,0x3924,0x3924,0x3924,0x3924,0x4144,
  0x4144,0x3924,0x3944,0x4144,0x4164,0x3924,0x3104,0x3944,0x4164,0x4985,0x3944,0x4165,0x4985,0x4165,0x4964,0x4984,
  0x4964,0x4164,0x4985,0x4185,0x4164,0x4984,0x4985,0x49A5,0x0000,0x41C5,0x1040,0x5A45,0x2902,0x18C2,0x0820,0x28E2,
  0x41A3,0x18A3,0x2903,0x3963,0x18A2,0x20E2,0x1060,0x28E2,0x1060,0x5A45,0x20E2,0x51E4,0x20C1,0x2903,0x3143,0x3943,
  0x3123,0x2902,0x3943,0x3122,0x2903,0x28E5,0x3127,0x3147,0x3147,0x3147,0x3127,0x3127,0x3127,0x3147,0x3147,0x3147,
  0x3148,0x3148,0x28E6,0x20E6,0x18A5,0x20C5,0x20A5,0x20C6,0x20C6,0x20C6,0x20A5,0x20A5,0x20C6,0x20C6,0x20A6,0x20C6,
  0x1084,0x1882,0x28E4,0x30E4,0x3103,0x3904,0x28E4,0x3104,0x3924,0x3104,0x3924,0x3904,0x3904,0x3904,0x3104,0x3924,
  0x3924,0x3924,0x3924,0x3904,0x3924,0x3924,0x3924,0x3924,0x3924,0x3924,0x3924,0x3924,0x3924,0x3924,0x3924,0x3924,
  0x3124,0x3924,0x3924,0x3924,0x3924,0x3924,0x3924,0x3924,0x3924,0x3924,0x3924,0x3944,0x3924,0x4165,0x3944,0x4164,
  0x4165,0x4165,0x4144,0x4965,0x4164,0x4164,0x4985,0x3945,0x4184,0x4964,0x49A5,0x4965,0x4985,0x4965,0x4985,0x4164,
  0x0840,0x3143,0x2902,0x41A3,0x3143,0x1881,0x2903,0x3123,0x2902,0x2903,0x28C2,0x3123,0x20C2,0x20C2,0x0840,0x2903,
  0x0820,0x6265,0x28E2,0x3943,0x1882,0x5A25,0x3123,0x0000,0x20C2,0x18A1,0x3123,0x3122,0x20A3,0x20C5,0x20C5,0x28E6,
  0x2907,0x2906,0x4167,0x2906,0x20C4,0x28E6,0x20E5,0x28E6,0x28E6,0x2907,0x2907,0x28E7,0x20E6,0x28C6,0x20C6,0x20C6,
  0x20C6,0x20C6,0x20C6,0x20C6,0x20C6,0x20C6,0x20A5,0x20A6,0x20C6,0x1884,0x18A3,0x20A2,0x30E3,0x28C3,0x3104,0x30E4,
  0x3104,0x3104,0x3924,0x3924,0x3903,0x3124,0x3924,0x3104,0x3924,0x3924,0x3904,0x3924,0x3924,0x3904,0x3924,0x3924,
  0x3924,0x3924,0x3924,0x3924,0x3924,0x3924,0x3924,0x3924,0x3944,0x3924,0x3924,0x3924,0x3924,0x3924,0x3924,0x3904,
  0x3904,0x4124,0x3924,0x3924,0x3924,0x3924,0x3924,0x4164,0x3944,0x3924,0x4144,0x4165,0x4144,0x3905,0x488A,0x506C,
  0x3887,0x3924,0x4145,0x4889,0x508C,0x488A,0x4106,0x3944,0x20C2,0x1881,0x41A4,0x3123,0x3123,0x1061,0x51E4,0x3143,
  0x0840,0x1061,0x2902,0x1041,0x28E2,0x0840,0x0861,0x18A1,0x18A1,0x3122,0x3123,0x3944,0x18A1,0x5A05,0x0820,0x1881,
  0x28E2,0x2903,0x3123,0x1082,0x20E3,0x2904,0x20C5,0x20E6,0x20C5,0x20A4,0x5A26,0x28E3,0x28E3,0x20C4,0x3984,0x2902,
  0x28E4,0x2907,0x28E7,0x2907,0x2907,0x2907,0x28E6,0x20C6,0x20C6,0x20C6,0x20C6,0x20C6,0x20C6,0x20C6,0x20A6,0x20A5,
  0x20A5,0x18A5,0x18A5,0x1863,0x1882,0x1882,0x20C3,0x30E3,0x30E4,0x3104,0x3104,0x3104,0x3924,0x3104,0x3124,0x3103,
  0x3103,0x3924,0x30E3,0x3924,0x3924,0x3904,0x3924,0x3924,0x3924,0x3924,0x3924,0x3104,0x3924,0x3924,0x3924,0x3924,
  0x3924,0x3924,0x3924,0x3944,0x3924,0x3904,0x3924,0x4124,0x3904,0x3924,0x3924,0x3924,0x3944,0x3944,0x3924,0x3924,
  0x3924,0x30E3,0x3944,0x4164,0x3905,0x58AD,0x8152,0x68EF,0x8152,0x30C5,0x486A,0x99B5,0x68EF,0x99D5,0x4049,0x3944,
  0x3123,0x0840,0x49C5,0x18A2,0x3123,0x1881,0x5204,0x0840,0x1061,0x18A2,0x1081,0x1061,0x0020,0x2902,0x0861,0x0020,
  0x20E2,0x0020,0x2903,0x41A4,0x2902,0x2902,0x1061,0x3103,0x18C1,0x28E2,0x2902,0x3963,0x18C2,0x1083,0x1083,0x1883,
  0x28E4,0x18A2,0x3964,0x3102,0x2102,0x18A2,0x3123,0x41A4,0x20C4,0x2906,0x2906,0x28E6,0x3127,0x3128,0x20E6,0x28E6,
  0x20E6,0x20C6,0x20C5,0x20A5,0x20C6,0x28C6,0x20C6,0x20C6,0x20C6,0x20A5,0x20C6,0x18A5,0x1884,0x1883,0x18A3,0x20A2,
  0x28E3,0x3104,0x30E4,0x3104,0x3104,0x3104,0x3104,0x3104,0x3944,0x3924,0x3104,0x3924,0x3924,0x3904,0x3904,0x3924,
  0x3924,0x3924,0x3924,0x3124,0x3904,0x3924,0x3924,0x3924,0x3924,0x3924,0x3924,0x3924,0x3924,0x3924,0x3924,0x3924,
  0x3924,0x3924,0x3924,0x3924,0x3904,0x3924,0x4164,0x4124,0x3924,0x30E5,0x3904,0x4105,0x4088,0x9995,0x3047,0x3867,
  0x8973,0x3066,0x8133,0x482A,0x4088,0x99B5,0x3848,0x3924,0x28E2,0x0841,0x20C2,0x18A1,0x2903,0x2902,0x3103,0x1060,
  0x2902,0x0000,0x1081,0x3943,0x4183,0x1061,0x0840,0x18A2,0x1061,0x1061,0x1882,0x3143,0x20C1,0x0020,0x20E2,0x1881,
  0x49C4,0x51E4,0x2902,0x0020,0x0820,0x1062,0x0041,0x0820,0x3144,0x18C2,0x20C2,0x51E5,0x20A1,0x3943,0x2902,0x51E4,
  0x1883,0x51E5,0x20C4,0x20C5,0x28E6,0x28E6,0x28E7,0x2906,0x20C6,0x28E7,0x28E6,0x28C6,0x20C6,0x20C6,0x20C6,0x20C6,
  0x20C6,0x20C6,0x20A5,0x18A5,0x20A6,0x20A5,0x18A4,0x1882,0x20C3,0x20A3,0x30E4,0x20A2,0x30E4,0x3104,0x3104,0x30E3,
  0x3924,0x3924,0x3924,0x3924,0x3924,0x3924,0x3924,0x3924,0x3924,0x3104,0x3924,0x3924,0x3904,0x3944,0x3924,0x3924,
  0x3924,0x3924,0x3924,0x3924,0x3924,0x3924,0x3924,0x3104,0x3924,0x3104,0x3924,0x3924,0x3924,0x3924,0x3924,0x3924,
  0x3887,0x7932,0x3828,0x8132,0x7110,0x70CF,0x30E5,0x508C,0x7912,0x3086,0x68B0,0x8152,0x9994,0x7912,0x3886,0x3924,
  0x1040,0x20E2,0x0840,0x20C2,0x2103,0x20E2,0x0020,0x20C2,0x20A2,0x3123,0x3123,0x1040,0x0000,0x1081,0x0841,0x0820,
  0x18A2,0x0020,0x0020,0x0020,0x0000,0x1061,0x28E2,0x3122,0x1061,0x0840,0x10A1,0x3143,0x2923,0x0862,0x0841,0x0020,
  0x20A2,0x18A2,0x1040,0x49C5,0x0840,0x4184,0x28E1,0x5204,0x20A3,0x49E4,0x20C5,0x20C5,0x20E6,0x20C6,0x20C6,0x2907,
  0x2907,0x28E6,0x28E7,0x28E6,0x20C6,0x20C6,0x20C6,0x20A6,0x20A5,0x20C6,0x20C6,0x20C6,0x20C6,0x20C6,0x18A5,0x1884,
  0x1883,0x18A2,0x20A2,0x28E3,0x20A2,0x20A3,0x30E3,0x3104,0x30E3,0x3924,0x30E4,0x3924,0x3103,0x3103,0x3924,0x3104,
  0x3924,0x3924,0x3104,0x3904,0x3924,0x3924,0x3924,0x3924,0x3924,0x3924,0x3924,0x3924,0x3924,0x3924,0x3924,0x3924,
  0x3924,0x3924,0x3924,0x3924,0x4144,0x3924,0x3944,0x3904,0x3867,0xA195,0x8112,0x606E,0x8973,0x402A,0x3086,0x8973,
  0x484B,0x3905,0x3086,0x400A,0x9995,0x3828,0x3924,0x3924,0x18A1,0x1881,0x1061,0x0820,0x0840,0x0820,0x18E2,0x20E2,
  0x18A1,0x0820,0x1061,0x18C2,0x2903,0x2903,0x1061,0x20E3,0x1061,0x1081,0x0000,0x18A2,0x0020,0x0841,0x1881,0x18A2,
  0x3143,0x3143,0x2102,0x1061,0x0842,0x0862,0x5205,0x0840,0x18A2,0x0000,0x0840,0x4184,0x0020,0x3943,0x28E2,0x49C4,
  0x5A05,0x18A1,0x3965,0x20A4,0x20A6,0x28E6,0x20A5,0x20E6,0x18A4,0x20C5,0x2907,0x28E7,0x2907,0x28E6,0x20E6,0x20C6,
  0x20C6,0x20C6,0x20A5,0x20C6,0x20C6,0x20A5,0x20C6,0x20A5,0x18A5,0x1883,0x1882,0x1882,0x20A2,0x20A2,0x20A2,0x3104,
  0x3104,0x3103,0x3924,0x3104,0x3104,0x3924,0x3924,0x30E3,0x3924,0x3924,0x3104,0x3924,0x3924,0x3924,0x3924,0x3924,
  0x3924,0x3924,0x3924,0x28C3,0x3924,0x3924,0x3924,0x3924,0x3924,0x3924,0x3924,0x3924,0x3924,0x3924,0x3924,0x3924,
  0x3886,0xB218,0x70B0,0x3066,0x608E,0x7111,0x7951,0x68AF,0x484B,0x508C,0x4069,0x9174,0x484A,0x38E5,0x30E3,0x3124,
  0x0000,0x20C2,0x0841,0x1061,0x2903,0x0000,0x0841,0x18C2,0x2902,0x3984,0x2923,0x18A2,0x1060,0x0841,0x0000,0x0000,
  0x1081,0x1061,0x20C2,0x18A1,0x0020,0x1881,0x1081,0x1881,0x1041,0x18A1,0x1081,0x0820,0x0000,0x0041,0x1881,0x3964,
  0x0820,0x0861,0x0000,0x20E3,0x0820,0x3123,0x41A4,0x4163,0x3963,0x28E2,0x20E4,0x28E7,0x18A5,0x18A5,0x20E6,0x20C6,
  0x20C6,0x1884,0x20C5,0x20C5,0x2907,0x20E6,0x2907,0x2906,0x28E6,0x20C6,0x20A6,0x20C6,0x20C6,0x20A5,0x20A5,0x20C6,
  0x20C6,0x20C6,0x18A4,0x1883,0x1883,0x20A2,0x28E3,0x28C3,0x30E3,0x3104,0x30E3,0x3924,0x3103,0x3924,0x3124,0x3924,
  0x3924,0x3903,0x3924,0x3924,0x30E4,0x3924,0x3924,0x3924,0x3924,0x3924,0x3924,0x3924,0x3924,0x3924,0x3924,0x3924,
  0x3904,0x3924,0x3924,0x3924,0x3924,0x3924,0x3924,0x3924,0x38A6,0x484B,0x3886,0x3924,0x3066,0x486B,0x484A,0x38A6,
  0x3888,0x4049,0x508D,0x506C,0x30C5,0x3103,0x3903,0x3944,0x20C2,0x0820,0x1081,0x3943,0x0820,0x0861,0x1081,0x0020,
  0x1881,0x18A1,0x3102,0x20E2,0x18A2,0x0020,0x0000,0x0000,0x0020,0x1061,0x2902,0x0000,0x0000,0x0841,0x1081,0x1081,
  0x18A1,0x28E2,0x2903,0x0861,0x0000,0x0020,0x1083,0x20A1,0x3143,0x0861,0x1881,0x0020,0x0020,0x2903,0x41A4,0x2902,
  0x1881,0x28E2,0x1083,0x20C4,0x20C6,0x1063,0x1084,0x20A5,0x18A5,0x18A5,0x20C5,0x18A5,0x1884,0x20C5,0x3148,0x2927,
  0x28E7,0x20C6,0x28E6,0x20C6,0x20C6,0x20C6,0x20C6,0x18A5,0x20C6,0x20C6,0x20C6,0x18A5,0x20A5,0x1882,0x20A2,0x28E3,
  0x30E4,0x28C3,0x3104,0x3104,0x30E3,0x3103,0x3904,0x3104,0x3103,0x3104,0x3924,0x3924,0x3104,0x3124,0x3924,0x3924,
  0x3924,0x3924,0x3924,0x3924,0x3924,0x3924,0x3924,0x3924,0x3924,0x3924,0x3924,0x3944,0x3924,0x3924,0x4124,0x3924,
  0x3924,0x38E4,0x3924,0x3924,0x3944,0x3924,0x3924,0x3944,0x3104,0x3124,0x3905,0x3904,0x3944,0x3103,0x3944,0x3944,
};
