#pragma once
#include <Arduino.h>
// 160x120 RGB565 boot splash, half-res. Upscaled 2x on device like bg_landscape.h.
static const uint16_t SPLASH_LANDSCAPE[19200] PROGMEM = {
  0x186A,0x186A,0x186A,0x186A,0x186A,0x184A,0x186A,0x186A,0x186A,0x186A,0x186A,0x186A,0x186A,0x186A,0x186A,0x184A,
  0x184A,0x186A,0x186A,0x186A,0x186A,0x186A,0x186A,0x186A,0x186A,0x186A,0x186A,0x186A,0x186A,0x186A,0x186A,0x186A,
  0x186A,0x186B,0x186B,0x186A,0x186A,0x186A,0x186A,0x186A,0x186A,0x186A,0x186A,0x186A,0x186A,0x186A,0x186A,0x186A,
  0x186A,0x186A,0x186A,0x186A,0x186A,0x186A,0x186A,0x186A,0x186A,0x186A,0x186A,0x186A,0x186A,0x186A,0x186A,0x186A,
  0x186A,0x184A,0x186A,0x186A,0x186A,0x186A,0x186A,0x186A,0x186A,0x186A,0x186A,0x186A,0x186A,0x186A,0x186A,0x186A,
  0x186A,0x186A,0x186A,0x186A,0x186A,0x186A,0x186A,0x186A,0x186A,0x186A,0x186A,0x186A,0x186A,0x186A,0x186A,0x186A,
  0x186A,0x184A,0x184A,0x184A,0x186A,0x186A,0x186B,0x184A,0x184A,0x184A,0x186A,0x186A,0x186A,0x186A,0x186A,0x186A,
  0x184A,0x186A,0x184A,0x186A,0x184A,0x186A,0x186A,0x186A,0x186A,0x186A,0x186A,0x186A,0x186A,0x186A,0x186A,0x186A,
  0x186A,0x186A,0x186A,0x186A,0x184A,0x184A,0x184A,0x186A,0x186A,0x186A,0x184A,0x184A,0x186A,0x186A,0x186A,0x186A,
  0x184A,0x184A,0x184A,0x186A,0x186A,0x186A,0x186A,0x186A,0x186A,0x186A,0x186B,0x184A,0x184A,0x186A,0x186A,0x206B,
  0x186A,0x186A,0x186A,0x186A,0x186A,0x184A,0x186A,0x186A,0x186A,0x186A,0x186A,0x186A,0x186A,0x186A,0x186A,0x184A,
  0x184A,0x184A,0x184A,0x186A,0x186A,0x186A,0x186A,0x186A,0x184A,0x186A,0x186A,0x186A,0x186A,0x186A,0x186A,0x186A,
  0x186A,0x186B,0x186B,0x186A,0x186A,0x186A,0x186A,0x186A,0x186A,0x186A,0x186A,0x186A,0x186A,0x186A,0x186A,0x186A,
  0x186A,0x186A,0x186A,0x186A,0x186A,0x186A,0x186A,0x186A,0x186A,0x186A,0x186A,0x186A,0x186A,0x186A,0x186A,0x184A,
  0x184A,0x184A,0x184A,0x186A,0x186A,0x186A,0x186A,0x186A,0x186A,0x186A,0x186A,0x184A,0x186A,0x186A,0x186A,0x186A,
  0x186A,0x186A,0x184A,0x186A,0x186A,0x186A,0x186A,0x186A,0x186A,0x186A,0x186A,0x186A,0x186A,0x186A,0x186A,0x186A,
  0x186A,0x184A,0x184A,0x184A,0x184A,0x184A,0x184A,0x184A,0x184B,0x184A,0x186A,0x186A,0x186A,0x186A,0x186A,0x184A,
  0x184B,0x184A,0x186A,0x186A,0x184B,0x184A,0x186A,0x186A,0x186A,0x184A,0x186A,0x186A,0x186A,0x186A,0x186A,0x186A,
  0x186A,0x186A,0x186A,0x186A,0x184B,0x290F,0x184A,0x186A,0x186A,0x186A,0x186A,0x186A,0x184A,0x184A,0x186A,0x186A,
  0x184A,0x184A,0x186A,0x184A,0x186A,0x186A,0x186A,0x186A,0x186A,0x186A,0x186B,0x184A,0x184A,0x186A,0x186B,0x206B,
  0x186A,0x186A,0x186A,0x186A,0x184A,0x186C,0x182A,0x186A,0x186A,0x186A,0x186A,0x186A,0x186A,0x186A,0x186A,0x186B,
  0x184A,0x184A,0x184A,0x186A,0x184A,0x208B,0x184A,0x184A,0x186A,0x186A,0x186A,0x186A,0x186A,0x186A,0x184A,0x184A,
  0x184A,0x184B,0x184A,0x186A,0x186A,0x186A,0x186A,0x186A,0x186A,0x186A,0x186A,0x186A,0x186A,0x186A,0x186A,0x186A,
  0x186A,0x186A,0x186A,0x186A,0x186A,0x186A,0x186A,0x186A,0x186A,0x186A,0x184A,0x184A,0x184A,0x184A,0x184A,0x184B,
  0x184A,0x184B,0x184B,0x184A,0x186A,0x186A,0x184A,0x186A,0x184A,0x184A,0x184A,0x184A,0x184A,0x184A,0x186A,0x186A,
  0x186A,0x186A,0x186A,0x186A,0x186A,0x186A,0x186A,0x186A,0x186A,0x186A,0x186A,0x184A,0x184A,0x184A,0x184A,0x186A,
  0x186A,0x184A,0x186A,0x184A,0x184B,0x184B,0x184A,0x184A,0x186C,0x184B,0x186A,0x186A,0x186A,0x186A,0x186A,0x184A,
  0x184B,0x186A,0x186A,0x186A,0x184B,0x184A,0x186A,0x186A,0x184A,0x184A,0x186A,0x186A,0x186A,0x186A,0x184A,0x186A,
  0x186A,0x186A,0x186A,0x184A,0x186B,0x3992,0x186B,0x186A,0x186A,0x186A,0x186A,0x186A,0x184A,0x184A,0x184A,0x186A,
  0x186A,0x186A,0x186A,0x186A,0x184A,0x186A,0x184A,0x186A,0x186A,0x186A,0x184A,0x184A,0x184A,0x186A,0x206B,0x206B,
  0x186A,0x186A,0x184A,0x186A,0x186D,0x52D6,0x28EF,0x184A,0x184A,0x186A,0x186A,0x186A,0x186A,0x186A,0x186A,0x186A,
  0x186A,0x184A,0x184A,0x186A,0x184A,0x28AC,0x104A,0x186A,0x186A,0x186A,0x186A,0x186A,0x186A,0x186A,0x186A,0x186A,
  0x186A,0x186B,0x186A,0x186A,0x186A,0x186A,0x186A,0x186A,0x186A,0x186A,0x186A,0x186A,0x186A,0x186A,0x186A,0x186A,
  0x186A,0x186A,0x186A,0x186A,0x186A,0x186A,0x186A,0x186A,0x186A,0x186A,0x186A,0x184A,0x184A,0x184A,0x184A,0x184A,
  0x184A,0x184A,0x184B,0x204A,0x186A,0x184A,0x184A,0x184A,0x184A,0x184A,0x184A,0x184A,0x184A,0x184A,0x184A,0x184A,
  0x184A,0x184A,0x184A,0x186A,0x186A,0x186A,0x184A,0x184A,0x186A,0x186A,0x186B,0x184A,0x184A,0x186A,0x184A,0x184A,
  0x184A,0x186A,0x186A,0x186B,0x186B,0x186A,0x186A,0x186A,0x184B,0x186A,0x186A,0x186A,0x186A,0x186A,0x186A,0x186A,
  0x186A,0x186A,0x186A,0x186A,0x186A,0x186A,0x186A,0x186A,0x186A,0x184A,0x184A,0x186A,0x186A,0x186A,0x184A,0x186A,
  0x186A,0x186A,0x186A,0x186A,0x184A,0x184A,0x184A,0x186A,0x186A,0x186A,0x186A,0x186A,0x186A,0x184A,0x184A,0x186A,
  0x186A,0x186A,0x186A,0x186A,0x184A,0x186A,0x186A,0x186A,0x186A,0x186A,0x184A,0x184A,0x186A,0x186A,0x206B,0x206B,
  0x186A,0x186A,0x184A,0x184A,0x182A,0x188D,0x184B,0x184A,0x186A,0x186A,0x186A,0x186A,0x186A,0x186A,0x186A,0x186A,
  0x186A,0x186A,0x186A,0x186A,0x186A,0x186A,0x184A,0x186A,0x186A,0x186A,0x186A,0x186A,0x186A,0x186A,0x186A,0x186A,
  0x186A,0x186A,0x186A,0x186A,0x186A,0x186A,0x186A,0x186A,0x186A,0x186A,0x186A,0x186A,0x186A,0x186A,0x186A,0x186A,
  0x186A,0x186A,0x206A,0x206A,0x186A,0x186A,0x186A,0x186A,0x186A,0x186A,0x184A,0x184A,0x18AB,0x188B,0x188B,0x108B,
  0x184A,0x184A,0x184A,0x188B,0x186B,0x184A,0x184A,0x184A,0x192D,0x188A,0x184A,0x184A,0x184A,0x18AB,0x18AB,0x18AB,
  0x188B,0x184A,0x186A,0x184A,0x184A,0x188B,0x18AB,0x18AC,0x18AB,0x10AB,0x10AB,0x10AB,0x108A,0x184A,0x184A,0x104A,
  0x18AB,0x18AB,0x18AB,0x108B,0x186B,0x186A,0x186A,0x186A,0x186A,0x186A,0x186A,0x186A,0x186A,0x186A,0x186A,0x186A,
  0x186A,0x186A,0x186A,0x186A,0x186A,0x186A,0x186A,0x186A,0x186A,0x184A,0x184A,0x186A,0x186A,0x186A,0x186A,0x186A,
  0x186A,0x186A,0x186A,0x186A,0x186A,0x186A,0x186A,0x186A,0x186A,0x186A,0x186A,0x186A,0x186A,0x184A,0x184A,0x184A,
  0x186A,0x186A,0x186A,0x186A,0x186A,0x186A,0x186A,0x186A,0x186A,0x184A,0x312D,0x184A,0x186A,0x186A,0x186B,0x186B,
  0x186A,0x186A,0x186A,0x184A,0x184A,0x184A,0x184A,0x186A,0x186A,0x186A,0x186A,0x186A,0x186A,0x186A,0x186A,0x186A,
  0x186A,0x186A,0x186A,0x186A,0x186A,0x186A,0x184A,0x184A,0x186A,0x186A,0x186A,0x186A,0x186A,0x186A,0x186A,0x186A,
  0x186A,0x186A,0x186A,0x186A,0x186A,0x186A,0x186A,0x186A,0x186A,0x186A,0x186A,0x186A,0x186A,0x186A,0x186A,0x186A,
  0x186A,0x186A,0x186A,0x186A,0x186A,0x186A,0x186A,0x186A,0x186A,0x186A,0x184A,0x194D,0x2AD4,0x29F2,0x29F2,0x2A73,
  0x106A,0x186A,0x1849,0x22F4,0x2292,0x184A,0x184A,0x1049,0x2C16,0x110C,0x184A,0x184A,0x190C,0x2A33,0x31D2,0x29B1,
  0x2A93,0x1029,0x184A,0x184A,0x106A,0x3293,0x29D1,0x31D2,0x2A73,0x2313,0x22D2,0x22D2,0x2250,0x1029,0x184A,0x18EC,
  0x2A13,0x29B2,0x29B1,0x2A93,0x104A,0x184A,0x186A,0x186A,0x186A,0x186A,0x186A,0x186A,0x186A,0x186A,0x186A,0x186A,
  0x186A,0x186A,0x186A,0x186A,0x184A,0x186A,0x186A,0x186A,0x184A,0x186A,0x186A,0x186A,0x186A,0x186A,0x186A,0x186A,
  0x186A,0x186A,0x186A,0x186A,0x186A,0x186A,0x186A,0x186A,0x186A,0x186A,0x186A,0x186A,0x186A,0x186A,0x186A,0x186A,
  0x186A,0x186A,0x186A,0x186A,0x186A,0x186A,0x186A,0x186A,0x186A,0x184A,0x184A,0x184A,0x186A,0x186A,0x186A,0x184B,
  0x186A,0x186A,0x186A,0x184A,0x184A,0x184A,0x184A,0x184A,0x186A,0x186A,0x186A,0x186A,0x186A,0x186A,0x184A,0x184A,
  0x184A,0x186A,0x186A,0x186A,0x184A,0x186A,0x186A,0x186A,0x186A,0x186A,0x186A,0x186A,0x186A,0x186A,0x186A,0x186A,
  0x186A,0x186A,0x186A,0x186A,0x186A,0x186A,0x186A,0x186A,0x184A,0x184A,0x186A,0x186A,0x186A,0x186A,0x186A,0x186A,
  0x186A,0x186A,0x186A,0x186A,0x186A,0x186A,0x186A,0x186A,0x186A,0x184A,0x184A,0x1849,0x2AF4,0x2274,0x2274,0x1AB5,
  0x11AE,0x184A,0x190C,0x1B75,0x2335,0x108A,0x206A,0x216D,0x23F5,0x0027,0x1849,0x186A,0x18EC,0x22B5,0x2274,0x2274,
  0x22D4,0x0008,0x186A,0x184A,0x106A,0x2AD4,0x2273,0x2274,0x22F6,0x0889,0x0828,0x0828,0x0828,0x1029,0x184A,0x10EC,
  0x22D4,0x2294,0x2274,0x22F4,0x0828,0x186A,0x184A,0x186A,0x186A,0x186A,0x186A,0x184A,0x186A,0x186A,0x186A,0x186A,
  0x186A,0x184A,0x184A,0x184A,0x184A,0x186A,0x186A,0x186A,0x184A,0x186A,0x184A,0x186A,0x186A,0x186A,0x186A,0x186A,
  0x184A,0x186A,0x184A,0x186A,0x186A,0x186A,0x186A,0x186A,0x186A,0x186A,0x186A,0x186A,0x186A,0x186A,0x186A,0x186A,
  0x186A,0x186A,0x186A,0x184A,0x186A,0x186A,0x186A,0x186A,0x184A,0x186A,0x184A,0x186A,0x184A,0x184A,0x186A,0x184B,
  0x186A,0x186A,0x184A,0x184A,0x186A,0x186B,0x184A,0x184A,0x186A,0x186A,0x186A,0x186A,0x186A,0x186A,0x184A,0x184B,
  0x184A,0x186A,0x186A,0x186B,0x186A,0x186A,0x186A,0x186A,0x186A,0x186A,0x186A,0x186A,0x186A,0x186A,0x186A,0x186A,
  0x186A,0x186A,0x186A,0x186A,0x186A,0x186A,0x186A,0x186A,0x184A,0x186A,0x184A,0x186A,0x186A,0x186A,0x186A,0x186A,
  0x186A,0x186A,0x186A,0x186A,0x186A,0x186A,0x186A,0x186A,0x186A,0x186A,0x186A,0x184A,0x116E,0x1416,0x0BF6,0x0BF6,
  0x1B74,0x0827,0x2332,0x1416,0x1436,0x1290,0x1028,0x2312,0x122E,0x1028,0x186A,0x186A,0x110C,0x1417,0x0BF6,0x0BF6,
  0x1B95,0x0007,0x184A,0x184A,0x104A,0x1BD6,0x0BD6,0x0BD6,0x0C17,0x1A91,0x2230,0x1A0F,0x21CE,0x184A,0x184A,0x110C,
  0x1416,0x13F6,0x0BF7,0x1BB5,0x0828,0x186A,0x184A,0x186A,0x186A,0x186A,0x186A,0x184A,0x186A,0x186A,0x186A,0x186A,
  0x186A,0x184A,0x184A,0x184A,0x184A,0x186A,0x186A,0x186A,0x184A,0x20AB,0x184A,0x186A,0x186A,0x184A,0x186A,0x186A,
  0x186A,0x186A,0x186A,0x186A,0x186A,0x186A,0x186A,0x186A,0x186A,0x186A,0x186A,0x186A,0x186A,0x186A,0x186A,0x186A,
  0x186A,0x184A,0x186A,0x184A,0x186A,0x186A,0x186A,0x186A,0x186A,0x186A,0x186A,0x184A,0x184B,0x184A,0x186A,0x184B,
  0x186A,0x186A,0x184A,0x186A,0x186B,0x186B,0x186A,0x184A,0x186A,0x186A,0x186A,0x186A,0x186B,0x186B,0x184A,0x184A,
  0x184A,0x186A,0x186A,0x186B,0x186B,0x186A,0x186A,0x186A,0x186A,0x186A,0x186A,0x186A,0x186A,0x186A,0x186A,0x186A,
  0x186A,0x186A,0x186A,0x186A,0x186A,0x186A,0x186A,0x186A,0x184A,0x20AC,0x184A,0x186A,0x186A,0x186A,0x186A,0x186A,
  0x186A,0x186A,0x186A,0x186A,0x186A,0x186A,0x186A,0x186A,0x186A,0x186A,0x186A,0x184A,0x106A,0x34B7,0x3DF9,0x3DF9,
  0x3DD9,0x11CC,0x3D79,0x3DD9,0x3DF9,0x3557,0x090A,0x34B7,0x0088,0x1849,0x186A,0x186A,0x110C,0x3DDA,0x35F9,0x35F9,
  0x2CB7,0x0007,0x186A,0x186A,0x1069,0x3D38,0x3DF9,0x35D9,0x3579,0x09CD,0x116C,0x116C,0x112B,0x0829,0x184A,0x110B,
  0x3DFA,0x35D9,0x3DD9,0x2CD7,0x0828,0x186A,0x186A,0x186A,0x186A,0x186A,0x186A,0x184A,0x184A,0x184A,0x184A,0x184A,
  0x184A,0x184A,0x184A,0x184A,0x186A,0x186A,0x186A,0x186A,0x184A,0x184A,0x184A,0x186A,0x184A,0x184A,0x186A,0x186A,
  0x186A,0x186A,0x186A,0x186A,0x186A,0x186A,0x186A,0x186A,0x186A,0x186A,0x186A,0x184A,0x184A,0x186A,0x184A,0x186A,
  0x184A,0x186C,0x184B,0x186A,0x186A,0x186A,0x186A,0x186A,0x186A,0x186A,0x186A,0x184B,0x184A,0x186A,0x186A,0x206B,
  0x206A,0x184A,0x184A,0x184A,0x186B,0x184B,0x184A,0x184A,0x186A,0x186B,0x186A,0x186A,0x186B,0x206B,0x206B,0x186A,
  0x186A,0x186A,0x186A,0x186B,0x186A,0x186A,0x186A,0x186A,0x186A,0x186A,0x186A,0x186A,0x186A,0x186A,0x186A,0x186A,
  0x186A,0x186A,0x186A,0x186A,0x186A,0x186A,0x186A,0x184A,0x184A,0x184A,0x186A,0x186A,0x186A,0x186A,0x186A,0x186A,
  0x186A,0x186A,0x186A,0x186A,0x186A,0x186A,0x186A,0x186A,0x186A,0x186A,0x186A,0x186A,0x184A,0x2A91,0x5497,0x5436,
  0x5436,0x2BD5,0x3D18,0x5497,0x5435,0x5456,0x2B94,0x2B93,0x0007,0x1849,0x186A,0x186A,0x192C,0x5497,0x5C56,0x5C36,
  0x3BD4,0x0807,0x186A,0x186A,0x1069,0x4C56,0x5456,0x5C36,0x4C36,0x0088,0x1849,0x1049,0x1849,0x1069,0x184A,0x110C,
  0x5477,0x5C36,0x5C56,0x3BF5,0x0828,0x186A,0x186A,0x186A,0x186A,0x186A,0x186A,0x184A,0x186A,0x186A,0x186A,0x186A,
  0x184A,0x184A,0x186A,0x186A,0x186A,0x184A,0x184A,0x184A,0x204A,0x184A,0x184A,0x186A,0x186A,0x186A,0x186A,0x186A,
  0x186A,0x184A,0x186A,0x186A,0x186A,0x186A,0x186A,0x186A,0x186A,0x186A,0x184A,0x184A,0x184A,0x184A,0x184A,0x184A,
  0x184A,0x316F,0x186B,0x186A,0x186A,0x186A,0x184A,0x186A,0x186A,0x186A,0x186A,0x184A,0x186A,0x184A,0x186A,0x206B,
  0x186A,0x186A,0x186A,0x184A,0x186A,0x184A,0x184B,0x184A,0x186A,0x186A,0x186A,0x186A,0x186A,0x186A,0x186A,0x186A,
  0x186A,0x186A,0x186A,0x186A,0x186A,0x186A,0x186A,0x186A,0x186A,0x186A,0x186A,0x186A,0x186A,0x186A,0x186A,0x186A,
  0x184A,0x186A,0x186A,0x186A,0x186A,0x186A,0x186A,0x186A,0x186A,0x184A,0x186A,0x186A,0x186A,0x186A,0x186A,0x186A,
  0x186A,0x186A,0x186A,0x186A,0x186A,0x186A,0x186A,0x186A,0x186A,0x186A,0x186A,0x186A,0x184A,0x10AB,0x2232,0x2171,
  0x2171,0x2253,0x094B,0x2273,0x2971,0x2991,0x2233,0x090A,0x1048,0x184A,0x186A,0x186A,0x192C,0x2A12,0x2971,0x2972,
  0x2252,0x0007,0x186A,0x186A,0x106A,0x2A52,0x2951,0x2971,0x2A32,0x08A9,0x186A,0x186A,0x186A,0x186A,0x186A,0x190C,
  0x29F1,0x2971,0x3151,0x2252,0x0828,0x186A,0x186A,0x186A,0x186A,0x186A,0x186A,0x184A,0x186A,0x186A,0x186A,0x186A,
  0x186A,0x184A,0x184A,0x186A,0x186A,0x186A,0x186A,0x184A,0x204A,0x204A,0x184A,0x186A,0x186A,0x186A,0x186A,0x186A,
  0x186A,0x186A,0x186A,0x186A,0x186A,0x186A,0x186A,0x186A,0x186A,0x186A,0x184A,0x184A,0x184A,0x184B,0x184A,0x186A,
  0x186A,0x184A,0x184A,0x184A,0x186A,0x186A,0x186A,0x186A,0x186A,0x186A,0x186A,0x186A,0x186A,0x186A,0x186A,0x206B,
  0x186A,0x186A,0x186A,0x184A,0x184A,0x184A,0x184A,0x186A,0x186A,0x186A,0x186A,0x186A,0x186A,0x186A,0x186A,0x186A,
  0x184A,0x184A,0x184A,0x184A,0x186A,0x186A,0x186A,0x186A,0x186A,0x186A,0x186A,0x186A,0x186A,0x186A,0x184A,0x184A,
  0x290C,0x1849,0x186A,0x184A,0x186A,0x186A,0x186A,0x186A,0x186A,0x186A,0x186A,0x186A,0x186A,0x186A,0x186A,0x186A,
  0x186A,0x186A,0x186A,0x186A,0x186A,0x186A,0x186A,0x186A,0x186A,0x186A,0x186A,0x186A,0x186A,0x1829,0x2292,0x0B36,
  0x0B16,0x1A92,0x0005,0x2251,0x0B16,0x0B15,0x1B14,0x0027,0x1869,0x186A,0x186A,0x186A,0x190C,0x1B56,0x1315,0x1315,
  0x1B14,0x0808,0x184A,0x186A,0x106A,0x1B35,0x12F5,0x12F5,0x1B35,0x0889,0x186A,0x186A,0x186A,0x186A,0x186A,0x110C,
  0x1B35,0x1AF5,0x1AF5,0x1B14,0x0828,0x186A,0x186A,0x186A,0x186A,0x186A,0x186A,0x184A,0x186A,0x186A,0x186A,0x186A,
  0x186A,0x184A,0x184A,0x184A,0x184A,0x186A,0x186A,0x186A,0x184A,0x184A,0x184A,0x186A,0x186A,0x186A,0x186A,0x186A,
  0x186A,0x186A,0x186A,0x186A,0x186A,0x186A,0x186A,0x186A,0x186A,0x186A,0x184A,0x186A,0x184A,0x184A,0x186A,0x186A,
  0x186A,0x186A,0x186A,0x186A,0x186A,0x186A,0x186A,0x186A,0x186A,0x186A,0x186A,0x184A,0x184A,0x184A,0x186A,0x206B,
  0x186A,0x186A,0x186A,0x184A,0x184A,0x184A,0x184A,0x186A,0x186A,0x186A,0x186A,0x186A,0x186A,0x186A,0x186A,0x184A,
  0x184A,0x184A,0x184B,0x184A,0x186A,0x186A,0x186A,0x186A,0x186A,0x186A,0x186A,0x186A,0x186A,0x186A,0x184A,0x184A,
  0x104A,0x184A,0x186A,0x184A,0x186A,0x186A,0x186A,0x186A,0x186A,0x186A,0x186A,0x186A,0x186A,0x186A,0x186A,0x186A,
  0x186A,0x186A,0x186A,0x186A,0x186A,0x186A,0x186A,0x186A,0x186A,0x186A,0x186A,0x186A,0x186A,0x186A,0x192D,0x1D19,
  0x14F9,0x090B,0x1048,0x18CB,0x1C97,0x14F8,0x11EE,0x0828,0x184A,0x186A,0x186A,0x186A,0x112C,0x1CF8,0x14F8,0x14F8,
  0x1C36,0x0808,0x186A,0x186A,0x106A,0x1C77,0x14D8,0x14D8,0x1CB8,0x00A9,0x186A,0x186A,0x186A,0x186A,0x186A,0x112C,
  0x1CD8,0x14D8,0x1CD8,0x1C16,0x0828,0x186A,0x186A,0x186A,0x186A,0x186A,0x186A,0x184A,0x184A,0x186A,0x184A,0x184A,
  0x184A,0x184A,0x184A,0x186B,0x186B,0x186A,0x186A,0x186A,0x186A,0x186A,0x186A,0x186A,0x186A,0x186A,0x186A,0x186A,
  0x186A,0x186A,0x186A,0x186A,0x186A,0x184A,0x184A,0x186A,0x186A,0x186A,0x186A,0x186A,0x186A,0x184A,0x186A,0x186A,
  0x186A,0x186A,0x186A,0x186A,0x186B,0x186B,0x186A,0x186A,0x186B,0x186A,0x186A,0x186A,0x186A,0x186A,0x186A,0x206B,
  0x186A,0x186A,0x186A,0x186A,0x186A,0x186A,0x186A,0x186A,0x186A,0x186A,0x186A,0x186A,0x186A,0x186A,0x186A,0x184A,
  0x184A,0x186A,0x186A,0x184A,0x184A,0x186A,0x186A,0x186A,0x186A,0x186A,0x186A,0x186A,0x186A,0x186A,0x186A,0x184A,
  0x184A,0x184A,0x204A,0x186A,0x186A,0x186A,0x186A,0x186A,0x186A,0x186A,0x186A,0x186A,0x186A,0x184A,0x186A,0x186A,
  0x186A,0x186A,0x186A,0x186A,0x186A,0x186A,0x184A,0x186A,0x186A,0x186A,0x186A,0x186A,0x186A,0x186A,0x104A,0x3CF8,
  0x2C55,0x0007,0x186A,0x1849,0x2373,0x4DFB,0x0027,0x1849,0x184A,0x186A,0x186A,0x186A,0x112C,0x667C,0x6E7B,0x6E7C,
  0x5518,0x0028,0x184A,0x184A,0x104A,0x559A,0x669C,0x669C,0x663C,0x0089,0x186A,0x186A,0x186A,0x186A,0x186A,0x110B,
  0x665C,0x6E7C,0x6E7C,0x4CF8,0x0828,0x186A,0x186A,0x184A,0x184A,0x184A,0x186A,0x186A,0x184A,0x186A,0x186A,0x186A,
  0x186A,0x184A,0x184A,0x184A,0x184A,0x184A,0x184A,0x186A,0x186A,0x184A,0x184A,0x186A,0x186A,0x204A,0x184A,0x184A,
  0x184A,0x186B,0x184B,0x186A,0x186A,0x186A,0x186A,0x186A,0x186A,0x186A,0x186A,0x184A,0x186A,0x184A,0x186A,0x186A,
  0x184A,0x186A,0x186A,0x186A,0x186A,0x186A,0x184A,0x186A,0x186A,0x186A,0x186A,0x186A,0x186A,0x186B,0x186B,0x206B,
  0x206A,0x206B,0x186A,0x186A,0x186A,0x186A,0x186A,0x186A,0x186A,0x186A,0x186A,0x186A,0x186A,0x184A,0x186A,0x184A,
  0x186A,0x186A,0x186A,0x184A,0x184A,0x186A,0x186A,0x184A,0x186A,0x186A,0x186A,0x186A,0x184A,0x186A,0x186A,0x186A,
  0x184A,0x184A,0x184A,0x186A,0x186A,0x186A,0x186A,0x186A,0x186A,0x186A,0x186A,0x186A,0x186A,0x186A,0x186A,0x186A,
  0x186A,0x186A,0x186A,0x186A,0x186A,0x184A,0x186A,0x186A,0x184A,0x184A,0x184A,0x184A,0x184A,0x184A,0x1849,0x198D,
  0x090A,0x0848,0x204A,0x186A,0x18CB,0x11AD,0x0828,0x186A,0x184A,0x184A,0x184A,0x186A,0x18CB,0x22D0,0x22B0,0x22D0,
  0x2270,0x0808,0x186A,0x186A,0x186A,0x2AB0,0x22B0,0x22B1,0x22B0,0x0068,0x186A,0x184A,0x184A,0x186A,0x186A,0x10CB,
  0x22D1,0x22D0,0x22B0,0x226F,0x0828,0x206A,0x184A,0x186A,0x186A,0x186A,0x186A,0x186A,0x186A,0x186A,0x186A,0x186A,
  0x186A,0x184A,0x184A,0x184A,0x184A,0x184A,0x186A,0x186A,0x186A,0x184A,0x184A,0x186A,0x186A,0x204A,0x204A,0x184A,
  0x184A,0x184A,0x184A,0x184A,0x184A,0x186A,0x186A,0x186A,0x186A,0x186A,0x186A,0x186A,0x186A,0x186A,0x186A,0x184A,
  0x184A,0x184A,0x184A,0x186A,0x186A,0x186A,0x184A,0x186A,0x186A,0x186A,0x186A,0x186A,0x186A,0x186B,0x186B,0x206B,
  0x186A,0x184A,0x186A,0x186A,0x186A,0x186A,0x186A,0x186A,0x186A,0x186A,0x186A,0x186A,0x186A,0x184A,0x184A,0x186A,
  0x186A,0x186A,0x186A,0x184A,0x186A,0x186A,0x184A,0x186A,0x186A,0x186A,0x186A,0x186A,0x186A,0x186A,0x186A,0x186A,
  0x184A,0x186A,0x184A,0x186A,0x186A,0x186A,0x186A,0x186A,0x186A,0x184A,0x186A,0x186A,0x186A,0x186A,0x186A,0x186A,
  0x186A,0x186A,0x186A,0x186A,0x186A,0x106A,0x198C,0x198D,0x198C,0x198D,0x198C,0x198C,0x198C,0x19AD,0x198C,0x198C,
  0x198B,0x198C,0x198C,0x198D,0x198D,0x198C,0x198D,0x198D,0x198D,0x198D,0x198D,0x198D,0x198D,0x198C,0x198C,0x198C,
  0x198C,0x198C,0x198D,0x198C,0x198C,0x198C,0x198C,0x198C,0x196B,0x196B,0x198C,0x198C,0x198C,0x198D,0x198D,0x198D,
  0x198C,0x198B,0x198B,0x198B,0x19AC,0x198C,0x198C,0x198C,0x198C,0x198C,0x18CB,0x184A,0x186A,0x186A,0x186A,0x186A,
  0x186A,0x186A,0x184A,0x186A,0x186A,0x186A,0x186A,0x186A,0x186A,0x186A,0x184A,0x184A,0x186A,0x184A,0x184A,0x184A,
  0x184B,0x184A,0x184B,0x186A,0x186A,0x186A,0x184A,0x186A,0x186A,0x184A,0x184A,0x186A,0x186A,0x186A,0x186A,0x184A,
  0x184A,0x184A,0x184A,0x186A,0x186A,0x186A,0x186A,0x186A,0x186A,0x186A,0x186A,0x186A,0x186A,0x186B,0x186B,0x186B,
  0x186A,0x184A,0x186A,0x186A,0x186A,0x186A,0x186A,0x186A,0x186A,0x186A,0x186A,0x186A,0x186A,0x186A,0x186A,0x186A,
  0x184A,0x186A,0x186A,0x186A,0x186A,0x186A,0x186A,0x186A,0x186A,0x186A,0x186A,0x186A,0x184A,0x186A,0x184A,0x184A,
  0x186A,0x186A,0x186A,0x186A,0x186A,0x186A,0x186A,0x186A,0x186A,0x186A,0x186A,0x186A,0x186A,0x186A,0x186A,0x186A,
  0x186A,0x186A,0x186A,0x186A,0x186A,0x10CB,0x34F9,0x1C78,0x1C78,0x1478,0x1478,0x1458,0x1C78,0x1C78,0x1C58,0x1478,
  0x1C58,0x1C78,0x1C78,0x1C78,0x1C78,0x1C78,0x1C78,0x1C78,0x1478,0x1458,0x1458,0x1458,0x1457,0x1457,0x1458,0x1458,
  0x1458,0x1458,0x1477,0x1478,0x1478,0x1457,0x1457,0x1477,0x1457,0x1458,0x1437,0x1C57,0x1C58,0x1477,0x1C78,0x1478,
  0x1458,0x1457,0x1457,0x1457,0x1457,0x1C57,0x1457,0x1C78,0x1C77,0x1C58,0x11CD,0x186A,0x186A,0x186A,0x186A,0x186A,
  0x186A,0x186A,0x186A,0x186A,0x186A,0x186A,0x186A,0x186A,0x186A,0x186A,0x186A,0x186A,0x186A,0x186B,0x186B,0x186B,
  0x186B,0x186B,0x186A,0x184A,0x184A,0x186A,0x184A,0x186A,0x184A,0x184A,0x186A,0x186A,0x186A,0x186A,0x186A,0x186A,
  0x186A,0x184A,0x184A,0x184A,0x186A,0x186A,0x186A,0x186A,0x186A,0x186A,0x186A,0x186A,0x186A,0x186B,0x186B,0x186B,
  0x184A,0x184A,0x184A,0x184A,0x186A,0x184A,0x184A,0x184A,0x184A,0x184A,0x186A,0x186A,0x184A,0x184A,0x184A,0x184A,
  0x184A,0x184A,0x184A,0x184A,0x184A,0x184A,0x184A,0x184A,0x186A,0x186A,0x186A,0x186A,0x184A,0x184A,0x184A,0x184A,
  0x186A,0x184A,0x184A,0x184A,0x184A,0x184A,0x184A,0x184A,0x184A,0x184A,0x184A,0x184A,0x186A,0x184A,0x184A,0x184A,
  0x184A,0x184A,0x184A,0x184A,0x184A,0x10CA,0x2CB8,0x0C18,0x0C17,0x3398,0x4B77,0x4B57,0x4357,0x4398,0x2BB7,0x0C17,
  0x0C17,0x0C18,0x0C18,0x0C37,0x0C37,0x0C37,0x0C37,0x1418,0x4398,0x4377,0x4377,0x33B7,0x0C17,0x0C18,0x0BF7,0x13D7,
  0x2397,0x0BF7,0x4398,0x4B78,0x4B78,0x1BB7,0x03F7,0x0C17,0x0BF7,0x3397,0x72F8,0x72F8,0x4357,0x0BF7,0x0417,0x0417,
  0x2BD7,0x4B58,0x4B58,0x4357,0x4357,0x4378,0x3BB7,0x1417,0x1418,0x0C37,0x09AD,0x186A,0x186A,0x184A,0x184A,0x184A,
  0x186A,0x184A,0x186A,0x184A,0x184A,0x186A,0x184A,0x186A,0x184A,0x184A,0x184A,0x184A,0x184A,0x184A,0x184A,0x184A,
  0x184A,0x184A,0x184A,0x184A,0x184A,0x184A,0x184A,0x184A,0x184A,0x184A,0x184A,0x184A,0x184A,0x184A,0x184A,0x184A,
  0x184A,0x184A,0x184A,0x184A,0x184A,0x184A,0x186A,0x184A,0x184A,0x184A,0x184A,0x184A,0x184A,0x184A,0x184B,0x204B,
  0x184A,0x206B,0x206B,0x186B,0x186B,0x186A,0x184A,0x184A,0x204A,0x204A,0x186B,0x206B,0x186B,0x186B,0x186B,0x186B,
  0x186B,0x186B,0x186B,0x206B,0x206B,0x186B,0x186B,0x206B,0x206B,0x206B,0x204B,0x206B,0x204B,0x206B,0x206B,0x206B,
  0x186B,0x206B,0x204B,0x206B,0x184B,0x186B,0x206B,0x184B,0x186A,0x184A,0x206B,0x184B,0x186B,0x184A,0x186A,0x186B,
  0x206B,0x186B,0x204B,0x184A,0x204A,0x18AA,0x2CB8,0x0C17,0x0C17,0x9A17,0xC094,0xB894,0xA113,0x388B,0x6150,0x6B37,
  0x13F7,0x0C17,0x0C17,0x0C17,0x1437,0x0C37,0x0C17,0x13F7,0x9258,0xB874,0xB874,0xA196,0x1B35,0x0C17,0x0417,0x5B18,
  0x3B16,0x1B55,0xA956,0xB874,0xB874,0x6296,0x0BB5,0x0BF7,0x6AB7,0xB094,0x9933,0x28EC,0x510F,0x7A77,0x13D7,0x03F7,
  0x62F8,0xC054,0xC074,0xB915,0x30AC,0x30CB,0x28EC,0x118D,0x1417,0x0C37,0x09AD,0x206B,0x206B,0x206B,0x206B,0x206B,
  0x206B,0x206B,0x186B,0x206B,0x206B,0x204B,0x206B,0x204B,0x204B,0x204B,0x204B,0x204B,0x204B,0x186B,0x186B,0x206B,
  0x206B,0x204B,0x206B,0x206B,0x204B,0x204B,0x204B,0x186B,0x186B,0x206B,0x186B,0x186B,0x186B,0x186B,0x186B,0x206B,
  0x184B,0x186B,0x206B,0x206B,0x206B,0x186B,0x206B,0x186B,0x184B,0x186B,0x184B,0x204B,0x184B,0x204B,0x206B,0x204B,
  0x206B,0x206C,0x288C,0x206C,0x206B,0x206B,0x206B,0x206B,0x206B,0x206B,0x206B,0x206B,0x206B,0x206B,0x206B,0x206B,
  0x206B,0x206B,0x206B,0x206B,0x206B,0x206B,0x206B,0x206B,0x206B,0x206B,0x206B,0x206B,0x204B,0x206B,0x206B,0x206B,
  0x206B,0x206B,0x206B,0x204B,0x206B,0x206B,0x206C,0x206C,0x206B,0x206B,0x206B,0x206B,0x206B,0x206B,0x206B,0x288C,
  0x206B,0x206B,0x206C,0x206B,0x206B,0x18CA,0x2CB8,0x0C17,0x0C17,0x99F7,0xC053,0xB873,0x9932,0x0888,0x1AB2,0x6951,
  0x4AD4,0x1417,0x0C18,0x0C17,0x1437,0x0C37,0x0C17,0x0C17,0x3397,0xC0F6,0xC034,0xC095,0x510F,0x1417,0x1BF7,0x8338,
  0x11AC,0x2A71,0xA915,0xB834,0xB834,0x50CD,0x0A0E,0x4B78,0xC8B5,0xB813,0x90D2,0x08CA,0x1B33,0x5191,0x39D0,0x0BD6,
  0x6AD8,0xC034,0xC054,0xC115,0x1829,0x2A51,0x1AB3,0x12F3,0x13F7,0x1437,0x09AD,0x206B,0x206C,0x206C,0x206B,0x206B,
  0x206B,0x206B,0x206B,0x206B,0x206B,0x206B,0x206B,0x206B,0x206B,0x206B,0x206B,0x206C,0x206C,0x206C,0x206B,0x206B,
  0x204B,0x204B,0x206C,0x206C,0x204B,0x206B,0x206B,0x206C,0x206C,0x206B,0x206C,0x206B,0x206B,0x206B,0x206B,0x206B,
  0x206B,0x206B,0x206B,0x208C,0x206B,0x206B,0x206B,0x206B,0x206B,0x206B,0x206B,0x206C,0x206B,0x204B,0x206C,0x206C,
  0x206C,0x206C,0x288C,0x206C,0x206C,0x206B,0x206C,0x206B,0x206C,0x206C,0x206B,0x206B,0x206B,0x206C,0x206C,0x206C,
  0x206B,0x206B,0x206B,0x206B,0x206B,0x206B,0x206B,0x206C,0x206C,0x206C,0x206B,0x206B,0x206B,0x206B,0x206C,0x206B,
  0x206C,0x206B,0x206B,0x204B,0x206B,0x206B,0x206B,0x206B,0x206C,0x206C,0x206B,0x206B,0x206C,0x206C,0x206C,0x206C,
  0x206C,0x206C,0x206C,0x206C,0x206C,0x18AA,0x2CB8,0x0C17,0x0C17,0x91F7,0xC054,0xB853,0x9932,0x08A9,0x1417,0x1B55,
  0x69D2,0x1A2F,0x0C17,0x0C17,0x0C17,0x0C37,0x0C17,0x0C17,0x0BF7,0x7A57,0xC054,0xB834,0xB0F4,0x1251,0x6358,0x5AF5,
  0x08EA,0x23F8,0xB115,0xB854,0xB854,0x50AD,0x0A0F,0x8A57,0xC034,0xB834,0x90D2,0x090B,0x1437,0x13F6,0x098C,0x0A92,
  0x6AD8,0xB834,0xC034,0xC116,0x48EF,0x4A53,0x4273,0x12F3,0x0BF6,0x0C37,0x09AD,0x206B,0x206C,0x206C,0x206C,0x206C,
  0x206C,0x206B,0x206B,0x206B,0x206B,0x204B,0x206B,0x206B,0x206B,0x206B,0x206B,0x206B,0x206C,0x206C,0x206B,0x204B,
  0x206B,0x206B,0x206C,0x206C,0x206B,0x206B,0x206C,0x206C,0x206C,0x206C,0x206B,0x206C,0x206B,0x206C,0x206C,0x206C,
  0x206B,0x206C,0x206C,0x206B,0x206B,0x206B,0x206B,0x206B,0x206B,0x206B,0x206C,0x206C,0x206B,0x204B,0x204B,0x204C,
  0x206C,0x286C,0x288C,0x208C,0x206C,0x206B,0x206C,0x206C,0x206C,0x206C,0x206B,0x206B,0x206B,0x206B,0x206B,0x288C,
  0x206B,0x206B,0x206C,0x206C,0x206B,0x206B,0x206B,0x206C,0x206C,0x286C,0x206C,0x206C,0x206C,0x206C,0x206C,0x206C,
  0x206C,0x206B,0x206B,0x204B,0x206B,0x206B,0x206C,0x206C,0x206C,0x206C,0x206C,0x206B,0x206C,0x206B,0x206C,0x206C,
  0x206C,0x206C,0x206C,0x206C,0x206B,0x18AA,0x2CD8,0x0C17,0x0C17,0x91F7,0xC054,0xB853,0x9932,0x08C9,0x1438,0x0C38,
  0x7A96,0x08A8,0x1417,0x0C17,0x0C18,0x0C17,0x0C18,0x0C18,0x0C18,0x2B97,0xC0F6,0xC034,0xC055,0x81D5,0x8AD8,0x194C,
  0x12D2,0x1BF8,0xB116,0xB854,0xB834,0x58CD,0x09EF,0xA1D7,0xC035,0xB814,0x90F2,0x090B,0x1437,0x0C38,0x0C38,0x0438,
  0x62D8,0xB834,0xB834,0xB915,0x0008,0x116E,0x11AE,0x09AE,0x13F6,0x0C37,0x118D,0x206B,0x206C,0x206C,0x206C,0x206C,
  0x206C,0x206C,0x206C,0x206C,0x206C,0x206C,0x204B,0x204B,0x206C,0x206C,0x206C,0x206C,0x206C,0x286C,0x206B,0x204B,
  0x206C,0x206C,0x206C,0x206C,0x206C,0x206B,0x206C,0x286C,0x206C,0x206C,0x206C,0x206C,0x206B,0x288C,0x206C,0x206C,
  0x206C,0x206C,0x206C,0x206C,0x206C,0x206B,0x206C,0x206C,0x206C,0x206C,0x286C,0x206C,0x206B,0x206C,0x206C,0x286C,
  0x286C,0x206C,0x288C,0x208C,0x206C,0x206C,0x208C,0x206C,0x206C,0x206C,0x206C,0x206C,0x206C,0x206B,0x286C,0x286C,
  0x206B,0x206B,0x206C,0x206C,0x206B,0x206B,0x204B,0x206C,0x206C,0x206B,0x206B,0x206B,0x206C,0x206C,0x206B,0x206C,
  0x206C,0x206C,0x204B,0x206C,0x206C,0x206C,0x206C,0x206C,0x206C,0x206C,0x206C,0x206C,0x206C,0x206C,0x206C,0x206C,
  0x206C,0x206C,0x206C,0x206C,0x206B,0x18AA,0x2CD8,0x0C18,0x0BF7,0x91F7,0xC054,0xB853,0x9932,0x08C9,0x1458,0x1418,
  0x8A76,0x0888,0x1437,0x1417,0x1438,0x0C18,0x0C18,0x0C18,0x0C18,0x0C17,0x8A17,0xC835,0xC035,0xC8D6,0x4A12,0x00EA,
  0x0C16,0x1BD7,0xB116,0xB854,0xB854,0x50CE,0x11CF,0x89F6,0xB835,0xB814,0x90F2,0x090B,0x1458,0x0C17,0x0417,0x0C38,
  0x62F8,0xB834,0xB834,0xB914,0x0808,0x1BB6,0x0C38,0x1438,0x0C18,0x1438,0x11AE,0x286C,0x206C,0x206B,0x206C,0x206C,
  0x206C,0x206C,0x206C,0x206C,0x206C,0x206B,0x206B,0x204B,0x206C,0x286C,0x286C,0x206C,0x206C,0x206C,0x206C,0x206C,
  0x206C,0x206C,0x206C,0x206C,0x206C,0x206C,0x206C,0x206C,0x206C,0x206C,0x206C,0x206C,0x206C,0x286C,0x206C,0x206C,
  0x206C,0x206C,0x286C,0x206C,0x206C,0x206C,0x286C,0x206C,0x286C,0x206C,0x206C,0x206C,0x206C,0x206B,0x206C,0x286C,
  0x288C,0x288C,0x208C,0x206C,0x208C,0x206C,0x206C,0x206C,0x208C,0x206B,0x206C,0x206C,0x206C,0x206C,0x288C,0x286C,
  0x206B,0x206C,0x206B,0x206B,0x204B,0x206B,0x206B,0x206C,0x206C,0x206B,0x206B,0x206B,0x206C,0x206C,0x206C,0x206C,
  0x206C,0x206C,0x206C,0x206C,0x206C,0x206B,0x206B,0x206C,0x206C,0x206C,0x206C,0x206C,0x206C,0x286C,0x286C,0x286C,
  0x286C,0x286C,0x206C,0x206C,0x206B,0x18AB,0x24D8,0x0C17,0x0BF7,0x91F7,0xC054,0xB854,0x9932,0x08CA,0x1437,0x5B78,
  0x69F3,0x08AA,0x1C37,0x0C17,0x0C38,0x0C18,0x0C17,0x0C17,0x0C17,0x0C17,0x2B97,0xC117,0xC835,0xA134,0x0006,0x1312,
  0x0C17,0x1BD6,0xB116,0xB854,0xB854,0x50CE,0x09EF,0x52F7,0xC096,0xB814,0x90F3,0x090B,0x0C58,0x3B77,0x3B97,0x0437,
  0x6318,0xC034,0xB854,0xB955,0x0828,0x13B6,0x0C17,0x0C18,0x0C18,0x0C37,0x11CE,0x286C,0x206C,0x206C,0x206C,0x206B,
  0x286C,0x206C,0x286C,0x204C,0x206C,0x206C,0x206C,0x206B,0x206C,0x206C,0x206C,0x206C,0x286C,0x206C,0x206C,0x206C,
  0x286C,0x206C,0x206C,0x206C,0x206C,0x286C,0x286C,0x206C,0x206C,0x206C,0x206C,0x206C,0x286C,0x206C,0x206C,0x286C,
  0x286C,0x286C,0x286C,0x206C,0x286C,0x286C,0x286C,0x288C,0x288C,0x288C,0x206C,0x206C,0x206C,0x206C,0x286C,0x204B,
  0x204C,0x206C,0x286C,0x286C,0x206C,0x206C,0x206C,0x206C,0x206C,0x206C,0x206C,0x206C,0x206C,0x206C,0x206C,0x286C,
  0x206C,0x206C,0x206C,0x206C,0x206B,0x206C,0x286C,0x206C,0x206B,0x206C,0x206B,0x286C,0x206C,0x206C,0x206C,0x204C,
  0x206C,0x206C,0x206C,0x206C,0x206C,0x206B,0x206C,0x206C,0x206C,0x206C,0x286C,0x206C,0x206C,0x286C,0x286C,0x286C,
  0x286C,0x286C,0x206C,0x206C,0x206C,0x208B,0x2BB3,0x12F2,0x12F2,0x99B6,0xC054,0xC074,0xA913,0x30CB,0x6AF6,0x7A54,
  0x10CA,0x110C,0x2313,0x2AF2,0x2AF2,0x22F2,0x22F2,0x22F2,0x1313,0x1314,0x0B14,0x81D5,0xD0D6,0x40AB,0x10EA,0x1B13,
  0x1313,0x22D3,0xB916,0xB854,0xC075,0x58EE,0x096D,0x1AB3,0x8194,0xC855,0xA0F3,0x18CA,0x5378,0x8235,0x2210,0x120F,
  0x6A35,0xB854,0xB874,0xC135,0x388B,0x3AD3,0x3314,0x1AF3,0x1333,0x1334,0x114D,0x206B,0x286C,0x206C,0x206C,0x206C,
  0x286C,0x286C,0x286C,0x206C,0x206C,0x206C,0x206C,0x206C,0x286C,0x206C,0x206C,0x206C,0x206C,0x286C,0x286C,0x286C,
  0x286C,0x286C,0x206C,0x206C,0x204C,0x204C,0x286C,0x286C,0x286C,0x206C,0x206C,0x206C,0x206C,0x286C,0x206C,0x286C,
  0x286C,0x286C,0x286C,0x286C,0x286C,0x288C,0x286C,0x206C,0x206C,0x206C,0x206C,0x206C,0x206C,0x204C,0x284C,0x284C,
  0x286C,0x284C,0x286C,0x286C,0x206C,0x204C,0x204C,0x204C,0x206C,0x206C,0x206C,0x206C,0x206C,0x206C,0x206C,0x286C,
  0x206B,0x286C,0x206C,0x206C,0x204C,0x206C,0x206C,0x206C,0x206B,0x206C,0x206C,0x206C,0x206B,0x204B,0x204B,0x204C,
  0x204C,0x204C,0x204C,0x204C,0x204B,0x204B,0x206C,0x206C,0x206C,0x206C,0x206C,0x206C,0x204C,0x286C,0x286C,0x286C,
  0x286C,0x286C,0x206C,0x204C,0x204C,0x206C,0x206B,0x204B,0x184B,0x50B0,0x60CF,0x58EE,0x58CD,0x48ED,0x308B,0x0028,
  0x0809,0x182C,0x6930,0x81B0,0x81B0,0x81B0,0x79B0,0x81D1,0x2089,0x104B,0x186C,0x304D,0x7110,0x0006,0x1028,0x184C,
  0x184C,0x184C,0x6110,0x50ED,0x510E,0x1869,0x0809,0x182C,0x200B,0x586F,0x9934,0x9173,0x590F,0x0808,0x0007,0x182B,
  0x408E,0x610F,0x590F,0x590E,0x512E,0x492D,0x412C,0x0828,0x0849,0x186B,0x206B,0x206C,0x206C,0x204C,0x206C,0x204C,
  0x206C,0x204B,0x286C,0x206C,0x206C,0x206C,0x206C,0x286C,0x286C,0x204C,0x206C,0x206C,0x206C,0x286C,0x286C,0x286C,
  0x204C,0x286C,0x206C,0x206C,0x204C,0x204C,0x284C,0x286C,0x286C,0x286C,0x206C,0x206C,0x206C,0x206C,0x286C,0x286C,
  0x286C,0x286C,0x284C,0x206C,0x286C,0x206C,0x206C,0x206C,0x206C,0x286C,0x206C,0x286C,0x286C,0x204C,0x204C,0x204C,
  0x284D,0x284D,0x286D,0x284D,0x284D,0x284D,0x284D,0x284D,0x286D,0x284D,0x286C,0x284D,0x286D,0x284D,0x284D,0x286D,
  0x284C,0x286D,0x284D,0x284D,0x204C,0x286D,0x284C,0x206C,0x204C,0x284D,0x284C,0x286D,0x284D,0x284D,0x284D,0x286D,
  0x284D,0x286D,0x284C,0x204D,0x284D,0x204D,0x284D,0x284D,0x284D,0x284D,0x284D,0x204C,0x284C,0x284C,0x284C,0x284D,
  0x284D,0x284D,0x204D,0x284D,0x284D,0x284D,0x284D,0x284D,0x284D,0x284D,0x182B,0x102A,0x102B,0x102B,0x102B,0x182B,
  0x284D,0x282D,0x282C,0x1029,0x102A,0x102A,0x102A,0x102A,0x102A,0x204C,0x284D,0x204C,0x204C,0x102A,0x286D,0x286D,
  0x286D,0x286D,0x204C,0x102A,0x102A,0x102A,0x184B,0x284D,0x204C,0x284D,0x204C,0x1029,0x082A,0x104A,0x204C,0x204C,
  0x284D,0x184B,0x102A,0x102A,0x102A,0x102A,0x102A,0x104A,0x184B,0x286D,0x284D,0x286C,0x284C,0x284D,0x284C,0x284D,
  0x284D,0x284D,0x284D,0x286D,0x284D,0x284D,0x284D,0x284D,0x284D,0x284C,0x284D,0x284D,0x284D,0x284D,0x284D,0x204D,
  0x284D,0x284D,0x204D,0x284D,0x284D,0x284D,0x284D,0x284D,0x284D,0x286D,0x284D,0x284D,0x284D,0x284D,0x284C,0x284D,
  0x284D,0x286D,0x284D,0x284D,0x204C,0x284D,0x284D,0x284C,0x284D,0x284D,0x284D,0x284D,0x284D,0x204D,0x284D,0x284D,
  0x306E,0x304E,0x304E,0x304E,0x304E,0x304E,0x304E,0x304E,0x304E,0x304E,0x306E,0x306E,0x306E,0x306E,0x306E,0x306E,
  0x304E,0x306E,0x306E,0x304E,0x306E,0x306E,0x306E,0x306E,0x306E,0x306E,0x306E,0x304E,0x304E,0x304E,0x306E,0x306E,
  0x306E,0x304E,0x304E,0x304E,0x304E,0x304E,0x304E,0x304E,0x304E,0x304E,0x304E,0x304E,0x304E,0x304E,0x304E,0x304E,
  0x304E,0x304E,0x306E,0x304E,0x304E,0x304E,0x306E,0x304E,0x306E,0x306E,0x304E,0x304E,0x286E,0x286E,0x306E,0x306E,
  0x304E,0x286E,0x284E,0x286E,0x286E,0x286E,0x306E,0x306E,0x306E,0x306E,0x286E,0x284D,0x286D,0x306D,0x288E,0x286E,
  0x288E,0x306E,0x306E,0x306E,0x306E,0x306E,0x306E,0x306E,0x306E,0x306E,0x284E,0x286D,0x286E,0x304E,0x306E,0x284E,
  0x286E,0x286E,0x286E,0x286E,0x306E,0x306E,0x306E,0x306E,0x304E,0x306E,0x306E,0x306E,0x306E,0x304E,0x306E,0x304E,
  0x304E,0x304E,0x304E,0x306E,0x306E,0x304E,0x304E,0x304E,0x304E,0x304E,0x304E,0x304E,0x304E,0x304E,0x304E,0x304E,
  0x304E,0x306E,0x304E,0x304E,0x304E,0x304E,0x304E,0x306E,0x304E,0x306E,0x304E,0x304E,0x304E,0x304E,0x304E,0x304E,
  0x304E,0x304E,0x304E,0x304E,0x304E,0x304E,0x304E,0x304E,0x304E,0x304E,0x304E,0x304E,0x304E,0x304E,0x304E,0x306E,
  0x306E,0x306E,0x304E,0x304E,0x304E,0x304E,0x304E,0x304E,0x304E,0x306E,0x306E,0x304E,0x304E,0x306E,0x306E,0x306E,
  0x306E,0x306E,0x306E,0x306E,0x306E,0x306E,0x306E,0x306E,0x306E,0x306E,0x306E,0x304E,0x304E,0x304E,0x306E,0x306E,
  0x304E,0x304E,0x304E,0x284E,0x284E,0x284E,0x304E,0x304E,0x304E,0x304E,0x304E,0x304E,0x304E,0x304E,0x306E,0x306E,
  0x304E,0x284E,0x284E,0x304E,0x284E,0x284E,0x304E,0x284E,0x284E,0x284E,0x284E,0x284E,0x304E,0x304E,0x306E,0x306E,
  0x306E,0x306E,0x306E,0x304E,0x306E,0x306E,0x306E,0x284E,0x306E,0x306E,0x306E,0x286E,0x288B,0x5A0C,0x4A0D,0x522D,
  0x522E,0x396C,0x28CB,0x386C,0x306E,0x306E,0x306E,0x306E,0x306E,0x306E,0x304E,0x304E,0x306E,0x304E,0x304E,0x304E,
  0x306E,0x306E,0x306E,0x306E,0x306E,0x306E,0x306E,0x306E,0x306E,0x306E,0x306E,0x306E,0x306E,0x306E,0x306E,0x306E,
  0x306E,0x306E,0x306E,0x306E,0x306E,0x306E,0x304E,0x304E,0x304E,0x304E,0x284E,0x284E,0x284E,0x304E,0x304E,0x284E,
  0x284E,0x306E,0x304E,0x304E,0x304E,0x284E,0x284E,0x306E,0x306E,0x304E,0x304E,0x304E,0x306E,0x306E,0x304E,0x306E,
  0x306E,0x306E,0x306E,0x306E,0x306E,0x306E,0x304E,0x304E,0x306E,0x306E,0x306E,0x306E,0x306E,0x304E,0x304E,0x306E,
  0x306E,0x306E,0x304E,0x304E,0x304E,0x304E,0x304E,0x304E,0x304E,0x304E,0x306E,0x304E,0x304E,0x306E,0x304E,0x306E,
  0x306E,0x306E,0x306E,0x306E,0x306E,0x306E,0x306E,0x306E,0x306E,0x306E,0x306E,0x306E,0x304E,0x304E,0x304E,0x304E,
  0x304E,0x304E,0x304E,0x304E,0x304E,0x304E,0x304E,0x306E,0x304E,0x304E,0x304E,0x304E,0x304E,0x304F,0x304F,0x304E,
  0x304E,0x304E,0x304E,0x304E,0x304E,0x304E,0x304E,0x306E,0x306E,0x304E,0x304E,0x304E,0x306E,0x306E,0x306E,0x306E,
  0x306E,0x306E,0x306E,0x304E,0x306E,0x304E,0x304E,0x304E,0x306E,0x306E,0x286D,0x28EA,0x5ACB,0x7C0F,0xA534,0x94B2,
  0x9492,0x8C51,0x8C72,0x6AAD,0x28AB,0x306D,0x306E,0x306E,0x306E,0x306E,0x306E,0x304E,0x304E,0x304E,0x304E,0x306E,
  0x306E,0x306E,0x306E,0x304E,0x306E,0x306E,0x306E,0x306E,0x306E,0x306E,0x306E,0x306E,0x306E,0x306E,0x306E,0x306E,
  0x306E,0x306E,0x306E,0x306E,0x306E,0x306E,0x306E,0x306E,0x304E,0x304E,0x304E,0x304E,0x304E,0x304E,0x304E,0x304E,
  0x304E,0x306E,0x304E,0x304E,0x286D,0x28EC,0x304E,0x304E,0x306E,0x304E,0x304E,0x304E,0x306E,0x306E,0x306E,0x306E,
  0x306E,0x306E,0x306E,0x306E,0x306E,0x306E,0x304E,0x304E,0x304E,0x306E,0x306E,0x306E,0x306E,0x306E,0x306E,0x306E,
  0x304E,0x304E,0x304E,0x304E,0x304E,0x306E,0x306E,0x304E,0x306E,0x304E,0x306E,0x304E,0x304E,0x304E,0x304E,0x306E,
  0x306E,0x306E,0x306E,0x306E,0x306E,0x306E,0x304E,0x304E,0x304E,0x304E,0x304E,0x284E,0x284C,0x286B,0x286C,0x304E,
  0x304E,0x304E,0x304E,0x304E,0x304E,0x304E,0x304E,0x304E,0x304E,0x304E,0x304E,0x304F,0x304F,0x304E,0x304E,0x304E,
  0x306E,0x304E,0x304E,0x304E,0x306E,0x306E,0x306E,0x306E,0x306E,0x306E,0x306E,0x306E,0x306E,0x306E,0x306E,0x306E,
  0x306E,0x306E,0x306E,0x304E,0x306E,0x304E,0x304E,0x306E,0x306E,0x304E,0x28AB,0x6B6D,0x634D,0x4A48,0x7BCE,0x6B6D,
  0x6B6D,0x6B4D,0x8430,0xBDD7,0x9493,0x286B,0x306E,0x306E,0x304E,0x304E,0x304E,0x304E,0x304E,0x304E,0x304E,0x306E,
  0x306E,0x306E,0x306E,0x306E,0x306E,0x306E,0x304E,0x304E,0x304E,0x306E,0x306E,0x306E,0x306E,0x306E,0x306E,0x306E,
  0x306E,0x306E,0x306E,0x306E,0x306E,0x306E,0x306E,0x306E,0x306E,0x306E,0x304E,0x304E,0x304E,0x304E,0x304E,0x304E,
  0x304E,0x304E,0x304E,0x284E,0x31CC,0x29CA,0x286E,0x306E,0x306E,0x304E,0x304E,0x304E,0x306E,0x306E,0x306E,0x306E,
  0x306E,0x306E,0x306E,0x306E,0x306E,0x304E,0x304E,0x304E,0x304E,0x306E,0x306E,0x306E,0x306E,0x306E,0x306E,0x306E,
  0x284E,0x284E,0x304E,0x304E,0x304E,0x304E,0x304E,0x304E,0x304E,0x304E,0x304E,0x304E,0x304E,0x304E,0x304E,0x304E,
  0x304E,0x284C,0x1025,0x1026,0x284C,0x304E,0x304E,0x304E,0x304E,0x284E,0x284C,0x1047,0x10E2,0x08E2,0x08A2,0x1849,
  0x304D,0x304E,0x304E,0x284E,0x284E,0x284E,0x304E,0x304E,0x304E,0x284E,0x304E,0x304F,0x304E,0x304E,0x304E,0x304E,
  0x304E,0x304E,0x306E,0x306E,0x306E,0x306E,0x304E,0x304E,0x304E,0x306E,0x306E,0x306E,0x306E,0x306E,0x306E,0x306E,
  0x306E,0x306E,0x304E,0x304E,0x306E,0x304E,0x304E,0x304E,0x304E,0x306E,0x30EA,0x5289,0x39C5,0x7349,0x83CD,0x83CB,
  0x734A,0x8C0C,0x942C,0x7B8C,0x8410,0x288B,0x306E,0x304E,0x304E,0x284E,0x284E,0x304E,0x304E,0x304E,0x304E,0x304E,
  0x306E,0x306E,0x306E,0x306E,0x306E,0x304E,0x304E,0x286E,0x306E,0x304E,0x304E,0x304E,0x304F,0x304F,0x304F,0x304E,
  0x304E,0x304E,0x304E,0x284E,0x284E,0x304E,0x304E,0x304E,0x304E,0x304E,0x304E,0x304E,0x304E,0x304E,0x304E,0x304E,
  0x304E,0x304E,0x284E,0x304E,0x28C9,0x3A09,0x284D,0x304E,0x304E,0x304E,0x304E,0x304E,0x304E,0x304E,0x304E,0x304E,
  0x306E,0x304E,0x304E,0x306E,0x304E,0x304E,0x304E,0x304E,0x306E,0x304E,0x306E,0x304E,0x284E,0x304E,0x304E,0x306E,
  0x284E,0x284E,0x284E,0x284E,0x284E,0x284E,0x284E,0x284E,0x284E,0x284E,0x284E,0x284E,0x284E,0x304E,0x284E,0x284E,
  0x284E,0x284C,0x10A4,0x1983,0x1925,0x204A,0x304E,0x304E,0x304E,0x204B,0x10A4,0x11A2,0x0941,0x08A1,0x1024,0x284C,
  0x284E,0x284E,0x284E,0x284E,0x284E,0x284E,0x284E,0x284E,0x284E,0x284E,0x284E,0x284E,0x284E,0x284E,0x284E,0x284E,
  0x284E,0x284E,0x284E,0x284E,0x284E,0x284E,0x284E,0x284E,0x284E,0x284E,0x284E,0x284E,0x284E,0x284E,0x286E,0x284E,
  0x286E,0x284E,0x284E,0x284E,0x284E,0x284E,0x284E,0x286E,0x284E,0x304E,0x2089,0x52A8,0x2985,0x39C6,0x528A,0x4A69,
  0x4A6A,0x52AA,0x6B2B,0x83CC,0x83EB,0x286A,0x304E,0x304E,0x304E,0x284E,0x284E,0x284E,0x284E,0x284E,0x284E,0x284E,
  0x284E,0x284E,0x284E,0x284E,0x284E,0x284E,0x284E,0x284E,0x284E,0x304E,0x304E,0x304E,0x284E,0x284E,0x284E,0x304E,
  0x284E,0x284E,0x284E,0x284E,0x284E,0x284E,0x284E,0x284E,0x284E,0x284E,0x284E,0x284E,0x284E,0x284E,0x284E,0x284E,
  0x304E,0x304E,0x304E,0x302E,0x28E9,0x4A2A,0x284D,0x284E,0x304E,0x304E,0x304E,0x304E,0x284E,0x284E,0x284E,0x304E,
  0x284E,0x284E,0x284E,0x284E,0x284E,0x284E,0x284E,0x304E,0x284E,0x304E,0x284E,0x284E,0x304E,0x284E,0x284E,0x304F,
  0x382E,0x302E,0x384E,0x302E,0x382E,0x302E,0x382E,0x384E,0x384E,0x304E,0x384F,0x382E,0x384E,0x282B,0x282A,0x284A,
  0x284A,0x384D,0x304C,0x0843,0x0942,0x1164,0x206A,0x384F,0x304C,0x10C3,0x0941,0x00E0,0x00A0,0x1847,0x304E,0x384E,
  0x304E,0x302E,0x384E,0x384E,0x302E,0x382E,0x382E,0x304E,0x384F,0x302E,0x382E,0x302E,0x304E,0x302E,0x384E,0x384E,
  0x382E,0x384E,0x304E,0x304E,0x302E,0x302E,0x302E,0x382E,0x302E,0x302E,0x302E,0x382E,0x302E,0x302E,0x302E,0x384E,
  0x302E,0x302E,0x302D,0x302E,0x304E,0x302E,0x304E,0x302E,0x384E,0x384E,0x2069,0x31E6,0x2187,0x3A07,0x5ACA,0x5AEB,
  0x632B,0x632B,0x6B4D,0x5AEB,0x5ACA,0x286A,0x304E,0x304E,0x302E,0x384E,0x384E,0x384E,0x302E,0x384E,0x382E,0x384E,
  0x302E,0x304E,0x302E,0x302E,0x382E,0x382E,0x302E,0x384E,0x382E,0x382E,0x382E,0x302E,0x302E,0x302E,0x302E,0x304E,
  0x382E,0x302E,0x302E,0x302E,0x384F,0x302E,0x384E,0x302E,0x384E,0x304E,0x302E,0x302E,0x302E,0x382E,0x304E,0x384E,
  0x384E,0x302E,0x304D,0x306D,0x4AEA,0x4B4A,0x28E9,0x384E,0x384E,0x384E,0x302E,0x302E,0x384E,0x302E,0x302E,0x302E,
  0x304E,0x302E,0x302E,0x382E,0x382E,0x382E,0x302E,0x382E,0x382E,0x302E,0x382E,0x300E,0x302E,0x302E,0x302E,0x382E,
  0x402E,0x404F,0x402F,0x404F,0x382E,0x382E,0x404F,0x382E,0x404F,0x382E,0x404F,0x404D,0x1865,0x1964,0x1163,0x0902,
  0x1142,0x18C5,0x304B,0x284A,0x0061,0x11A2,0x1144,0x386D,0x1085,0x0921,0x0040,0x0040,0x0804,0x382D,0x404F,0x402E,
  0x382E,0x404E,0x382D,0x382E,0x384E,0x382E,0x402E,0x382E,0x382E,0x382E,0x404E,0x382E,0x402E,0x384E,0x382E,0x382E,
  0x382E,0x382E,0x402E,0x382E,0x384F,0x382E,0x382E,0x382E,0x382E,0x404F,0x402E,0x382E,0x384E,0x404F,0x384E,0x404F,
  0x382E,0x382E,0x382E,0x382E,0x384E,0x404F,0x382E,0x406F,0x404F,0x404F,0x2849,0x21C7,0x2186,0x6B4B,0x9490,0x94AF,
  0xA512,0x9CD1,0x8C50,0x946F,0x632C,0x2869,0x404E,0x382E,0x382E,0x404E,0x402F,0x404F,0x384E,0x404F,0x402E,0x404F,
  0x382E,0x404F,0x382E,0x404F,0x382E,0x402F,0x402E,0x404F,0x382E,0x402F,0x402F,0x402E,0x402F,0x402F,0x382E,0x402E,
  0x402E,0x402F,0x382E,0x382E,0x404F,0x402E,0x402F,0x384E,0x404F,0x404F,0x404F,0x382E,0x402F,0x382E,0x382E,0x384E,
  0x404F,0x404F,0x404E,0x410A,0x6BEA,0x5B28,0x4187,0x404E,0x382E,0x404F,0x404E,0x384E,0x382E,0x382E,0x382E,0x382E,
  0x382E,0x402F,0x404F,0x380E,0x382E,0x382E,0x404F,0x382F,0x402F,0x382E,0x402F,0x382F,0x402F,0x402F,0x402F,0x402F,
  0x382E,0x382E,0x382E,0x402E,0x382E,0x382E,0x402F,0x382E,0x382E,0x404F,0x384D,0x1025,0x1084,0x08A1,0x00A0,0x0921,
  0x0901,0x19E3,0x1163,0x2067,0x1845,0x0941,0x1A04,0x1044,0x0882,0x00C0,0x0040,0x0862,0x2047,0x304B,0x382B,0x384B,
  0x382C,0x382E,0x402E,0x384E,0x382E,0x382E,0x404F,0x402E,0x382E,0x382E,0x382E,0x384E,0x404E,0x302E,0x382E,0x382E,
  0x382E,0x382E,0x402F,0x382E,0x382E,0x382E,0x382E,0x382E,0x382E,0x382E,0x382E,0x382E,0x382E,0x404E,0x382E,0x382E,
  0x382E,0x402F,0x382E,0x382E,0x382E,0x384E,0x404F,0x404E,0x382E,0x382E,0x2049,0x21A6,0x2187,0x4208,0x634D,0x632C,
  0x6B4C,0x6B4D,0x6B6D,0x7BCE,0x6B6C,0x2849,0x402E,0x382E,0x404F,0x402E,0x402E,0x404F,0x384E,0x404F,0x382E,0x402E,
  0x382E,0x382E,0x402F,0x402F,0x402F,0x402E,0x402E,0x402F,0x382E,0x382E,0x404F,0x382E,0x402F,0x382E,0x382E,0x402E,
  0x382E,0x382E,0x382E,0x404F,0x382E,0x382E,0x382E,0x404F,0x382E,0x404F,0x382E,0x404F,0x382E,0x384E,0x384E,0x404F,
  0x404F,0x404F,0x404E,0x5909,0xCCCE,0xCC8C,0x7A69,0x384C,0x382E,0x384E,0x384E,0x382E,0x384E,0x382E,0x382E,0x382E,
  0x382E,0x382E,0x402F,0x404F,0x382E,0x382F,0x382E,0x382E,0x402F,0x382E,0x382F,0x382F,0x402F,0x402F,0x382F,0x402F,
  0x384F,0x382E,0x404F,0x404F,0x402E,0x382E,0x382E,0x402E,0x404F,0x382E,0x404E,0x404E,0x404E,0x2849,0x0842,0x0822,
  0x1824,0x08E2,0x0941,0x19E4,0x1083,0x08A0,0x19E4,0x0000,0x1162,0x00A0,0x0000,0x0842,0x10A3,0x1122,0x1142,0x1142,
  0x1103,0x304A,0x402E,0x402E,0x404E,0x404F,0x404E,0x382E,0x402F,0x382E,0x382E,0x384E,0x404E,0x382E,0x404E,0x382E,
  0x402E,0x402F,0x402E,0x404E,0x382E,0x402E,0x402E,0x404F,0x384E,0x382E,0x402E,0x402E,0x382E,0x404F,0x382F,0x404F,
  0x404F,0x402F,0x382E,0x404F,0x404F,0x404F,0x402E,0x404F,0x382E,0x404E,0x2849,0x21C8,0x2187,0x5289,0x7BCF,0x7BAF,
  0x7BCE,0x7BCE,0x7BCE,0x73CF,0x73AE,0x304A,0x402E,0x402E,0x402E,0x402E,0x404E,0x404E,0x404E,0x402E,0x382E,0x404E,
  0x382E,0x404F,0x402E,0x402E,0x404E,0x402F,0x402E,0x402F,0x402E,0x402E,0x402F,0x402F,0x402F,0x402F,0x402E,0x402F,
  0x404F,0x382E,0x402E,0x404F,0x404F,0x402F,0x404F,0x384F,0x404F,0x382E,0x404F,0x402E,0x404F,0x384E,0x404F,0x404E,
  0x404F,0x404F,0x382D,0xA36C,0xD4AD,0xD4AD,0x9B2A,0x48AA,0x404E,0x404E,0x384E,0x404E,0x382E,0x404F,0x382E,0x382E,
  0x404F,0x404F,0x382E,0x404F,0x402F,0x402F,0x382E,0x402E,0x402E,0x402E,0x402E,0x382F,0x402F,0x402F,0x402F,0x400F,
  0x402E,0x404F,0x402E,0x402E,0x402E,0x402E,0x404F,0x402E,0x404E,0x382E,0x402F,0x402F,0x402F,0x402E,0x402D,0x402D,
  0x404D,0x2869,0x0882,0x11A2,0x19C3,0x0040,0x1142,0x0060,0x0942,0x0060,0x08C1,0x0941,0x0921,0x0080,0x08C1,0x00E0,
  0x0941,0x1944,0x404C,0x482F,0x402F,0x404F,0x404E,0x402E,0x404F,0x402E,0x404E,0x402E,0x402E,0x404F,0x402E,0x402E,
  0x402E,0x402F,0x402E,0x402E,0x402E,0x402F,0x404E,0x402E,0x402E,0x404F,0x404F,0x402F,0x404F,0x404F,0x402F,0x402E,
  0x402E,0x404E,0x404F,0x402E,0x404F,0x404F,0x384E,0x404F,0x404F,0x482E,0x2869,0x21E8,0x21C8,0x4249,0x7BCF,0x7BD0,
  0x83F0,0x83F0,0x7BCF,0x7BEF,0x73CE,0x304A,0x482E,0x402E,0x402E,0x402E,0x482F,0x404F,0x402E,0x402F,0x402F,0x404F,
  0x402E,0x402E,0x404F,0x404F,0x402E,0x402E,0x402F,0x404F,0x402E,0x402E,0x404E,0x402F,0x402E,0x402E,0x402E,0x402F,
  0x404E,0x382E,0x402E,0x402F,0x402E,0x402E,0x404F,0x402E,0x402E,0x402E,0x404F,0x402E,0x404F,0x382E,0x404F,0x404F,
  0x404F,0x402F,0x404E,0x7A49,0xCC4C,0xC3EB,0x9AC9,0x488A,0x402F,0x402E,0x402E,0x402E,0x402E,0x402F,0x404F,0x404F,
  0x402E,0x402E,0x404F,0x402F,0x482F,0x402E,0x402F,0x404F,0x402E,0x402F,0x402E,0x402F,0x402E,0x402E,0x400F,0x402F,
  0x5050,0x504F,0x504F,0x504F,0x504F,0x484F,0x482F,0x482F,0x502F,0x502F,0x504F,0x504F,0x502F,0x502F,0x484D,0x2848,
  0x1083,0x10A2,0x08C1,0x0060,0x1122,0x08A1,0x08A1,0x0000,0x0020,0x0901,0x1161,0x00A0,0x0080,0x0020,0x0020,0x08A0,
  0x00C0,0x11E3,0x2867,0x504F,0x502F,0x504F,0x484F,0x484F,0x504F,0x484F,0x484F,0x484F,0x484F,0x502F,0x504F,0x504F,
  0x482F,0x502F,0x484F,0x502F,0x504F,0x504F,0x504F,0x504F,0x502F,0x504F,0x504F,0x5050,0x504F,0x504F,0x484F,0x504F,
  0x504F,0x504F,0x504F,0x504F,0x504F,0x502F,0x482F,0x504F,0x502F,0x502F,0x3049,0x2A09,0x21C7,0x4249,0x7BCF,0x83F0,
  0x83F0,0x83F0,0x83F0,0x7BCF,0x8C51,0x306A,0x502F,0x502F,0x502F,0x502F,0x502F,0x482F,0x502F,0x502F,0x502F,0x502F,
  0x504F,0x504F,0x504F,0x502F,0x482F,0x482F,0x502F,0x502F,0x502F,0x502F,0x502F,0x502F,0x502F,0x504F,0x504F,0x502F,
  0x484F,0x484F,0x482F,0x484F,0x504F,0x502F,0x502F,0x484F,0x484F,0x484F,0x484F,0x504F,0x484F,0x484F,0x504F,0x502F,
  0x502F,0x502F,0x504F,0x7A2A,0x9309,0x9B4A,0x9B0A,0x404A,0x502F,0x502F,0x502F,0x502F,0x504F,0x502F,0x504F,0x504F,
  0x504F,0x502F,0x502F,0x502F,0x502F,0x502F,0x4830,0x5030,0x482F,0x504F,0x502F,0x5030,0x5030,0x502F,0x5030,0x5030,
  0x484F,0x484F,0x484F,0x484F,0x484F,0x504F,0x502F,0x502F,0x502F,0x504F,0x502F,0x504F,0x502F,0x384B,0x1083,0x0962,
  0x1162,0x1182,0x1182,0x1983,0x00A1,0x0020,0x0000,0x0000,0x0040,0x0060,0x0020,0x0020,0x2046,0x402B,0x2026,0x1044,
  0x1063,0x0901,0x10A3,0x484E,0x482F,0x484F,0x504F,0x504F,0x484F,0x484F,0x484F,0x484F,0x484F,0x484F,0x482F,0x484F,
  0x484F,0x502F,0x504F,0x504F,0x484F,0x484F,0x484F,0x502F,0x504F,0x504F,0x504F,0x484F,0x484F,0x484F,0x484F,0x484F,
  0x484F,0x484F,0x484F,0x484F,0x484F,0x484F,0x502F,0x502F,0x502F,0x502F,0x3049,0x2A29,0x21E8,0x528A,0x8C31,0x8C51,
  0x8C52,0x9452,0x8C51,0x8430,0x8C91,0x304A,0x504F,0x502F,0x502F,0x502F,0x502F,0x502F,0x502F,0x502F,0x502F,0x502F,
  0x502F,0x482F,0x482F,0x482F,0x482F,0x502F,0x482F,0x482F,0x482F,0x502F,0x502F,0x482F,0x482F,0x482F,0x484F,0x484F,
  0x484F,0x484F,0x482F,0x484F,0x482F,0x484F,0x484F,0x484F,0x484F,0x484F,0x484F,0x484F,0x484F,0x484F,0x484F,0x484F,
  0x482F,0x482F,0x482E,0xA36C,0xD4AD,0xCC8D,0xA32B,0x486A,0x502F,0x502F,0x502F,0x482F,0x484F,0x482F,0x482F,0x482F,
  0x482F,0x482F,0x482F,0x482F,0x482F,0x482F,0x502F,0x502F,0x482F,0x484F,0x484F,0x504F,0x502F,0x502F,0x5030,0x5050,
  0x504F,0x504F,0x502F,0x502F,0x502F,0x502F,0x502F,0x502F,0x502F,0x502F,0x502F,0x5830,0x384A,0x1123,0x09A1,0x1182,
  0x0080,0x1102,0x0061,0x0080,0x08C1,0x00C1,0x00A0,0x0000,0x0020,0x0020,0x08A1,0x0020,0x1864,0x2045,0x3848,0x484B,
  0x484C,0x0862,0x10A3,0x504E,0x502F,0x582F,0x502F,0x502F,0x482F,0x502F,0x502F,0x502F,0x502F,0x502F,0x502F,0x502F,
  0x502F,0x502F,0x502F,0x502F,0x502F,0x504F,0x502F,0x502F,0x502F,0x502F,0x500F,0x502F,0x502F,0x502F,0x502F,0x502F,
  0x504F,0x502F,0x502F,0x502F,0x502F,0x502F,0x500F,0x502F,0x502F,0x502F,0x3049,0x2A29,0x2209,0x52AA,0x8410,0x8C31,
  0x8431,0x8C31,0x9492,0x94D2,0x8C92,0x302A,0x582F,0x502F,0x502F,0x500F,0x502F,0x502F,0x500F,0x500F,0x502F,0x502F,
  0x502F,0x502F,0x502F,0x502F,0x502F,0x502F,0x502F,0x502F,0x502F,0x502F,0x502F,0x502F,0x502F,0x502F,0x502F,0x502F,
  0x502F,0x502F,0x502F,0x502F,0x502F,0x502F,0x504F,0x502F,0x502F,0x502F,0x502F,0x502F,0x502F,0x502F,0x504F,0x504F,
  0x482F,0x592B,0x488A,0xAB2A,0xD3EB,0xC3CB,0xB38C,0x5106,0x508B,0x504D,0x582F,0x582F,0x502F,0x502F,0x482F,0x502F,
  0x502F,0x502F,0x502F,0x482F,0x502F,0x502F,0x502F,0x502F,0x502F,0x502F,0x582F,0x502F,0x502F,0x502F,0x502F,0x5830,
  0x6030,0x5810,0x6030,0x602F,0x6030,0x600F,0x5810,0x600F,0x6010,0x6010,0x6030,0x504C,0x1943,0x0942,0x0080,0x1161,
  0x0020,0x0000,0x0822,0x0000,0x0060,0x0861,0x1142,0x0040,0x08A1,0x08A1,0x0000,0x0921,0x1162,0x19E2,0x0921,0x0842,
  0x2828,0x484B,0x3028,0x602F,0x6010,0x600F,0x600F,0x5810,0x6010,0x5810,0x602F,0x600F,0x600F,0x6030,0x600F,0x600F,
  0x6010,0x600F,0x6030,0x6010,0x580F,0x6010,0x6010,0x600F,0x600F,0x600F,0x6010,0x6030,0x6010,0x600F,0x6030,0x602F,
  0x6010,0x600F,0x6030,0x600F,0x600F,0x600F,0x6030,0x600F,0x6010,0x6010,0x304A,0x2A2A,0x2209,0x4A6A,0x7BCF,0x7BCF,
  0x7BCF,0x7BD0,0x8C51,0x9CD3,0x8C91,0x404A,0x600F,0x600F,0x602F,0x600F,0x600F,0x600F,0x6010,0x6010,0x6010,0x580F,
  0x6030,0x6030,0x6010,0x580F,0x6010,0x6010,0x602F,0x600F,0x6030,0x6030,0x600F,0x600F,0x6010,0x6010,0x580F,0x600F,
  0x6010,0x6010,0x600F,0x600F,0x6030,0x6030,0x602F,0x582F,0x6010,0x6010,0x600F,0x600F,0x602F,0x600F,0x600F,0x580F,
  0x582E,0xA3CC,0x9B6A,0xCC4B,0xE4CD,0xE4CD,0xDCEE,0x8A68,0x71C6,0x5068,0x6830,0x600F,0x600F,0x602F,0x602F,0x602F,
  0x600F,0x600F,0x6030,0x6010,0x6010,0x600F,0x6010,0x6030,0x600F,0x6010,0x600F,0x6010,0x6030,0x600F,0x6830,0x6031,
  0x7010,0x7010,0x7010,0x7010,0x7010,0x7010,0x7010,0x7011,0x7010,0x7011,0x6830,0x1863,0x0962,0x0060,0x0040,0x0080,
  0x0000,0x2845,0x2045,0x08E1,0x08C1,0x0020,0x0060,0x0020,0x0901,0x19C3,0x0020,0x0040,0x0020,0x08C1,0x0941,0x0120,
  0x0901,0x3047,0x7030,0x7011,0x7010,0x7011,0x7011,0x482C,0x484B,0x6810,0x7010,0x7010,0x7010,0x7010,0x7010,0x7011,
  0x7011,0x7010,0x7010,0x6810,0x7010,0x7010,0x7010,0x7010,0x7010,0x7010,0x7010,0x7010,0x7010,0x7010,0x7010,0x7010,
  0x7010,0x7010,0x7010,0x7010,0x7010,0x7010,0x7010,0x7010,0x7010,0x7010,0x384A,0x2A29,0x21C8,0x528A,0x8C51,0x8C72,
  0x8C72,0x8C71,0x8C71,0x94B2,0x9492,0x482B,0x7010,0x7010,0x7010,0x7011,0x7011,0x7011,0x7011,0x7011,0x7011,0x7011,
  0x7011,0x7011,0x7011,0x7011,0x7010,0x7010,0x7010,0x7010,0x7010,0x7010,0x7010,0x7010,0x7010,0x7010,0x7010,0x7010,
  0x7010,0x7010,0x7010,0x7010,0x7010,0x7010,0x6810,0x6810,0x7010,0x7010,0x7010,0x7010,0x6810,0x7010,0x7010,0x7010,
  0x680F,0xAB8A,0xC449,0xBBC8,0xBB88,0xBBC8,0xB388,0x8A47,0x92A8,0x58E8,0x7010,0x7010,0x7010,0x7010,0x7010,0x7010,
  0x7010,0x7010,0x7010,0x7010,0x7010,0x7010,0x7010,0x7010,0x7010,0x7010,0x7010,0x7010,0x7011,0x7010,0x7011,0x7011,
  0x7011,0x7010,0x7011,0x7010,0x7010,0x7011,0x7011,0x7011,0x7011,0x7011,0x502C,0x00C1,0x00C0,0x1022,0x484B,0x1804,
  0x406A,0x2064,0x1161,0x11A3,0x0080,0x0881,0x0000,0x0000,0x0901,0x1A03,0x1162,0x0000,0x0000,0x0020,0x0080,0x0921,
  0x0120,0x11A3,0x502B,0x7011,0x502D,0x482C,0x502C,0x504D,0x1083,0x3849,0x7011,0x7011,0x7011,0x7010,0x7010,0x7011,
  0x7011,0x7011,0x7010,0x7011,0x7011,0x7011,0x7011,0x7010,0x7011,0x7011,0x7011,0x7011,0x7011,0x7011,0x7010,0x7011,
  0x7011,0x7010,0x7010,0x7010,0x7010,0x7010,0x7011,0x7011,0x7011,0x7011,0x384A,0x2A2A,0x21E9,0x5AAB,0x8C71,0x94B2,
  0x94B2,0x9492,0x8C71,0x8C71,0x8C92,0x482B,0x7011,0x7011,0x7011,0x7011,0x7010,0x7010,0x7010,0x7011,0x7011,0x7011,
  0x7011,0x7011,0x7011,0x7011,0x7011,0x7011,0x7011,0x7011,0x7011,0x7010,0x7010,0x7010,0x7010,0x7011,0x7011,0x7011,
  0x7011,0x7010,0x7010,0x7010,0x7010,0x7010,0x7010,0x6810,0x7011,0x7010,0x7011,0x7011,0x7011,0x7011,0x7010,0x6810,
  0x600E,0xABEB,0xCCAD,0xBBC9,0xAB68,0xCCAC,0xD48B,0x8247,0x8247,0x50A8,0x7010,0x6810,0x7010,0x7010,0x7010,0x7010,
  0x7010,0x7010,0x7011,0x7011,0x7011,0x7011,0x7011,0x7010,0x7010,0x7011,0x7011,0x7011,0x7011,0x7011,0x7011,0x7011,
  0x7010,0x7010,0x7011,0x7010,0x7010,0x7010,0x7010,0x6810,0x582D,0x7031,0x2846,0x08E2,0x0802,0x604D,0x7010,0x684F,
  0x1864,0x0961,0x0941,0x1102,0x0060,0x0020,0x0000,0x0000,0x1142,0x0120,0x0982,0x0841,0x0801,0x0000,0x0040,0x00A0,
  0x0120,0x0961,0x2065,0x504B,0x0881,0x1102,0x1122,0x2847,0x2046,0x1943,0x482B,0x600E,0x580D,0x580D,0x680F,0x7011,
  0x7011,0x7011,0x7011,0x7011,0x7011,0x7010,0x7010,0x7010,0x7010,0x7010,0x7011,0x7010,0x7010,0x7010,0x7010,0x7011,
  0x7011,0x7011,0x7011,0x7011,0x7011,0x7011,0x7011,0x7011,0x7010,0x7011,0x384A,0x2A8B,0x2229,0x5AEB,0x9472,0x94B2,
  0x94D3,0x94B2,0x8C72,0x8C71,0x9CD3,0x484B,0x7011,0x7011,0x7010,0x7010,0x7011,0x7011,0x7011,0x7011,0x7011,0x7010,
  0x7010,0x7010,0x7011,0x7011,0x7011,0x7010,0x7010,0x7010,0x7010,0x7010,0x7010,0x7010,0x7011,0x7011,0x7011,0x7011,
  0x7011,0x7010,0x7010,0x7010,0x7010,0x7011,0x7011,0x7011,0x7010,0x7010,0x7010,0x7011,0x7011,0x7011,0x7010,0x680F,
  0x4849,0xA3AA,0xCC6B,0x92A7,0x7226,0xCC6C,0xCC4B,0x6185,0x69C6,0x50A7,0x682F,0x7010,0x7010,0x7010,0x7010,0x7010,
  0x7010,0x7010,0x7010,0x7010,0x7010,0x7010,0x7010,0x7010,0x7011,0x7011,0x7011,0x7010,0x7010,0x7010,0x7011,0x7031,
  0x582C,0x2025,0x2827,0x682F,0x6810,0x6810,0x6830,0x2846,0x10A2,0x604F,0x2826,0x2045,0x602E,0x7011,0x7011,0x684F,
  0x10A2,0x08E1,0x0901,0x0040,0x0000,0x0000,0x0000,0x0000,0x0040,0x0901,0x0941,0x0081,0x584B,0x1803,0x0000,0x0000,
  0x00A0,0x0901,0x10A2,0x684E,0x482A,0x1003,0x08E1,0x11A3,0x1043,0x1122,0x1002,0x1083,0x0902,0x1122,0x20E5,0x682F,
  0x7011,0x7010,0x7010,0x7011,0x7011,0x7010,0x7010,0x7010,0x7010,0x7010,0x7010,0x6830,0x6810,0x7011,0x7011,0x7010,
  0x7010,0x7010,0x7010,0x7010,0x7011,0x7011,0x7010,0x7010,0x7010,0x7011,0x384A,0x2A6A,0x2229,0x632C,0x9CF3,0x9D13,
  0x9CF3,0xA4F3,0x94F3,0x9492,0x94B2,0x402A,0x7010,0x7010,0x7010,0x7010,0x7010,0x7010,0x7010,0x7010,0x7010,0x7010,
  0x7010,0x7010,0x7011,0x7011,0x7011,0x7010,0x7010,0x7010,0x7010,0x7010,0x7010,0x7010,0x7010,0x7010,0x7010,0x7010,
  0x7011,0x7010,0x7010,0x7010,0x7011,0x7011,0x7011,0x7011,0x7011,0x7011,0x7010,0x7010,0x7011,0x7011,0x7011,0x58AA,
  0x9329,0xA389,0xDCEB,0x92E8,0x8287,0xE50C,0xAB48,0x9AE8,0x71E6,0x48E4,0x58C9,0x682F,0x7010,0x7010,0x7010,0x7030,
  0x7010,0x7010,0x7010,0x7010,0x7010,0x7010,0x7010,0x7010,0x7010,0x7010,0x7010,0x7010,0x7010,0x7010,0x7010,0x7031,
  0x7830,0x2065,0x1162,0x10C3,0x582D,0x7010,0x2866,0x1162,0x3066,0x8031,0x602D,0x602D,0x7010,0x7010,0x7010,0x3828,
  0x1161,0x00A0,0x00A1,0x0000,0x0000,0x0000,0x0000,0x0000,0x0020,0x00C1,0x1181,0x1122,0x682C,0x704E,0x0000,0x2845,
  0x1022,0x08A1,0x10C2,0x704F,0x500A,0x3047,0x0000,0x0901,0x0040,0x0061,0x0060,0x08C1,0x0841,0x2044,0x10E2,0x1023,
  0x602E,0x7010,0x7010,0x7010,0x7010,0x6810,0x6810,0x680F,0x7010,0x7010,0x7010,0x7010,0x7010,0x7010,0x7010,0x7010,
  0x7010,0x7810,0x7010,0x7010,0x7010,0x7010,0x7010,0x7010,0x7010,0x7011,0x404A,0x2A6B,0x2209,0x2986,0x5A47,0x6226,
  0x6A66,0x7287,0x9BED,0x8BCD,0x9450,0x50AA,0x7010,0x7010,0x7810,0x7010,0x7010,0x7010,0x7010,0x7010,0x7010,0x7010,
  0x7010,0x6810,0x6810,0x7010,0x7010,0x7010,0x7010,0x7010,0x7010,0x7010,0x7010,0x7010,0x7010,0x7010,0x7010,0x7010,
  0x7010,0x7010,0x7010,0x7010,0x7010,0x7010,0x7010,0x6810,0x7010,0x7010,0x7010,0x7010,0x7010,0x7010,0x7831,0x6109,
  0xAC0B,0xA349,0x92E8,0x92A6,0x7A05,0xABCA,0xA368,0xA36A,0x69A6,0x71E6,0x71E7,0x600D,0x7010,0x7010,0x7010,0x7010,
  0x680F,0x6810,0x6810,0x6810,0x6810,0x7010,0x7010,0x7010,0x7010,0x7010,0x6810,0x6810,0x7010,0x7010,0x7010,0x7010,
  0x8031,0x784F,0x2826,0x0901,0x20A4,0x3847,0x1162,0x08A1,0x1823,0x684E,0x582B,0x502A,0x602B,0x7830,0x682D,0x10A2,
  0x0941,0x0060,0x3086,0x2845,0x0000,0x0020,0x1020,0x0000,0x0000,0x1863,0x0981,0x1203,0x3046,0x804F,0x2845,0x3026,
  0x504B,0x08E1,0x08A1,0x2045,0x1142,0x1182,0x1162,0x0060,0x0040,0x0000,0x0060,0x0881,0x1884,0x504B,0x602D,0x582C,
  0x702F,0x780F,0x700F,0x8030,0x8830,0x8010,0x700F,0x8030,0x780F,0x7810,0x8030,0x7830,0x782F,0x8010,0x8030,0x7830,
  0x780F,0x8030,0x8030,0x8030,0x780F,0x782F,0x8030,0x8830,0x8010,0x7830,0x404A,0x2A6B,0x2A4A,0x10E3,0x3964,0x51C5,
  0x6206,0x6A06,0x6205,0x59E5,0x51C4,0x6A47,0x81AC,0x8030,0x8010,0x8010,0x8831,0x800F,0x780F,0x8030,0x702F,0x8010,
  0x7810,0x8010,0x782F,0x8010,0x8030,0x8030,0x780F,0x7830,0x780F,0x8030,0x780F,0x7810,0x8010,0x8030,0x780F,0x7810,
  0x8010,0x7810,0x7830,0x8030,0x8030,0x780F,0x782F,0x780F,0x780F,0x780F,0x8831,0x700F,0x7010,0x8030,0x7830,0x928B,
  0xCCAB,0xCC8B,0xCCAA,0xCC6A,0xC48A,0xCC8A,0xD4CB,0xC46B,0x8A67,0x8208,0x69C7,0x682C,0x7810,0x7830,0x7810,0x7810,
  0x7830,0x8010,0x780F,0x780F,0x800F,0x7830,0x7810,0x8030,0x7830,0x8010,0x8010,0x780F,0x8030,0x8031,0x8031,0x8031,
  0x1864,0x1884,0x4889,0x2044,0x0881,0x0040,0x1142,0x1823,0x506A,0x2885,0x1162,0x11A2,0x1943,0x584A,0x884F,0x08C2,
  0x00A0,0x1042,0x8070,0x1002,0x1021,0x0801,0x1861,0x2844,0x0801,0x2884,0x0941,0x1202,0x2844,0x9031,0x4048,0x3827,
  0x802F,0x1843,0x0881,0x0040,0x08A1,0x0020,0x00A0,0x00A0,0x0080,0x0000,0x0921,0x0901,0x0900,0x0922,0x3046,0x802F,
  0x8010,0x8010,0x8010,0x8010,0x8010,0x8010,0x8030,0x8010,0x8030,0x8010,0x8010,0x8030,0x8010,0x802F,0x8030,0x8010,
  0x8010,0x8010,0x8010,0x8810,0x8010,0x8010,0x8010,0x8810,0x8811,0x8810,0x484A,0x2A4B,0x2A4A,0x1946,0x51C5,0x6205,
  0x6A25,0x6A25,0x6225,0x6A26,0x59E5,0x6225,0x51C6,0x684D,0x8811,0x8030,0x8810,0x800F,0x8010,0x8810,0x8010,0x8030,
  0x8010,0x8810,0x8010,0x8030,0x8010,0x8010,0x8010,0x800F,0x8010,0x8810,0x8010,0x8010,0x8010,0x8030,0x8010,0x8010,
  0x8010,0x8010,0x8010,0x8010,0x8010,0x8030,0x7810,0x8010,0x8010,0x8010,0x8010,0x8010,0x8030,0x8010,0x8010,0x684A,
  0xBBCA,0xA308,0xBB68,0xA308,0xB348,0xA2E7,0xBB88,0x9AC9,0x7A08,0x79E7,0x69C7,0x704C,0x8010,0x8010,0x8010,0x8010,
  0x8010,0x8010,0x8010,0x8010,0x8830,0x8010,0x8010,0x8010,0x8030,0x8010,0x8010,0x8010,0x8010,0x8010,0x8010,0x8030,
  0x08E1,0x10E2,0x1162,0x0881,0x0000,0x0901,0x0040,0x0841,0x1121,0x08E1,0x00A0,0x0861,0x1883,0x1823,0x786E,0x08C2,
  0x0040,0x2825,0x9052,0x1823,0x4067,0x2844,0x30A2,0x4868,0x2824,0x4888,0x1122,0x09A2,0x2844,0x9831,0x804F,0x5029,
  0x9812,0x3025,0x1823,0x2864,0x0881,0x0040,0x0020,0x08A1,0x08C1,0x08E1,0x08A1,0x0880,0x0040,0x00A0,0x1162,0x5069,
  0x9811,0x9011,0x9011,0x9011,0x8811,0x9011,0x9011,0x9011,0x9011,0x9011,0x9011,0x9011,0x8830,0x812E,0x9030,0x9011,
  0x9011,0x9011,0x9011,0x9011,0x9011,0x9011,0x9011,0x9011,0x9012,0x9812,0x504B,0x2A4A,0x2A4A,0x2187,0x59E5,0x6A25,
  0x6A46,0x7246,0x7246,0x7246,0x6246,0x6246,0x5A05,0x704C,0x9011,0x9011,0x9011,0x9011,0x9011,0x9011,0x9011,0x9011,
  0x9011,0x9011,0x9011,0x9011,0x9011,0x9011,0x9011,0x9011,0x9011,0x9011,0x9011,0x9011,0x9011,0x9011,0x9011,0x9011,
  0x9011,0x9011,0x9011,0x9011,0x9011,0x9011,0x9011,0x9011,0x9011,0x8811,0x9011,0x9011,0x9011,0x9011,0x9011,0x702B,
  0xD4EC,0xA3AA,0xDCAC,0xABCB,0xD48C,0xABAA,0xD4AB,0x932A,0x61A9,0x71E8,0x5907,0x8830,0x9011,0x9011,0x9011,0x9011,
  0x9011,0x9011,0x9011,0x9011,0x9011,0x9011,0x9011,0x9011,0x9011,0x9011,0x9011,0x9011,0x9011,0x9011,0x9011,0x9012,
  0x18A3,0x1843,0x0020,0x0020,0x0000,0x0040,0x0020,0x0901,0x08C1,0x0040,0x2043,0x782D,0x9032,0x8831,0x9030,0x2064,
  0x1822,0x702E,0x8811,0x4048,0x808E,0x3044,0x20A2,0x5048,0x684C,0x686C,0x1863,0x00C0,0x5049,0x9011,0x9011,0x9011,
  0x9011,0x800F,0x886F,0x2084,0x0901,0x0000,0x08A1,0x11A3,0x00A1,0x1162,0x00A0,0x0040,0x08A1,0x1022,0x28A5,0x1042,
  0x802F,0x8811,0x8811,0x8811,0x8811,0x8811,0x8811,0x8811,0x8811,0x8811,0x8811,0x8811,0x8830,0x796D,0x8830,0x9010,
  0x9011,0x9011,0x9011,0x9011,0x9011,0x9011,0x9011,0x9011,0x9011,0x9811,0x504A,0x2A6B,0x2A8B,0x19A7,0x51E5,0x6A66,
  0x7286,0x7266,0x7286,0x6A66,0x6A46,0x6A86,0x6A87,0x682C,0x8810,0x9010,0x9011,0x8811,0x9011,0x9011,0x8811,0x8811,
  0x8811,0x9011,0x8811,0x8810,0x8811,0x8811,0x8811,0x8811,0x8811,0x8811,0x8811,0x8811,0x8811,0x8811,0x8811,0x8811,
  0x8811,0x8811,0x9011,0x9011,0x8811,0x8811,0x9011,0x8811,0x8811,0x8811,0x9011,0x9011,0x9011,0x8811,0x9011,0x682A,
  0xD4EC,0xAB8A,0xCC0A,0xB3AB,0xCC0A,0xB38B,0xCC4B,0x932A,0x71C7,0x7A08,0x5927,0x8831,0x8811,0x8811,0x8811,0x8811,
  0x8811,0x8811,0x8811,0x9011,0x8811,0x8811,0x8811,0x8811,0x8811,0x8811,0x8811,0x8811,0x8811,0x8811,0x9011,0x9011,
  0x1122,0x08C1,0x0922,0x0901,0x0040,0x0000,0x0020,0x0080,0x0000,0x3085,0x5069,0x9830,0xA012,0xA011,0xA012,0x5048,
  0x584A,0x9831,0x9811,0x782C,0x686B,0x0800,0x30A2,0x5849,0x782D,0x804E,0x5849,0x0821,0x904F,0xA011,0x9811,0x9811,
  0x9831,0xA031,0x3846,0x08E0,0x0842,0x0800,0x0941,0x1162,0x0000,0x0901,0x08E1,0x0040,0x0901,0x5048,0xA051,0x5829,
  0x884F,0x9010,0x9811,0xA031,0x9811,0x9811,0x9831,0x9831,0x9010,0x9011,0x9831,0x9030,0x78CE,0x614B,0x88AF,0x9850,
  0x9010,0x9831,0x9831,0x9831,0x9811,0x9831,0x9811,0xA052,0x9811,0xA032,0x504B,0x2A8B,0x2A8B,0x21C8,0x49A4,0x6A46,
  0x6A46,0x6A46,0x6A66,0x7286,0x7286,0x6A86,0x6266,0x704C,0x9831,0x9810,0x9831,0x9831,0x9811,0x9811,0x9811,0x9811,
  0x9831,0x9010,0x9831,0x9831,0x9831,0x9811,0xA031,0x9831,0x9830,0x9830,0x9830,0xA031,0x9831,0x9811,0x9831,0xA052,
  0xA031,0x9811,0x9831,0x9851,0x9810,0x9830,0x9831,0x9831,0x9831,0x9030,0x9811,0xA031,0xA031,0x9811,0x9811,0x704B,
  0xD4EC,0xA329,0xCBEA,0xA32A,0xCC0A,0xAB4A,0xCC6B,0x9329,0x61A7,0x61A7,0x5107,0x9851,0x9831,0x9831,0x9811,0x9831,
  0xA031,0x9831,0x9810,0x9831,0x9831,0x9831,0x9810,0x9811,0x9810,0x9831,0x9831,0x9010,0x9831,0x9831,0x9831,0x9811,
  0x2844,0x1022,0x0040,0x0040,0x0000,0x0000,0x0881,0x0080,0x0060,0x08E1,0x08E1,0x20A3,0x804D,0xA831,0xA832,0x602A,
  0x984F,0x9831,0xA031,0xA832,0x786C,0x1040,0x2882,0x784D,0xA030,0x9810,0x9850,0x604A,0xA831,0xA831,0xA030,0xA030,
  0x9830,0x884E,0x10C1,0x0841,0x788E,0x1843,0x0941,0x0040,0x0000,0x0081,0x1162,0x0000,0x0901,0x2064,0x9831,0x9830,
  0xA030,0xA031,0x804E,0x884E,0xA852,0xA832,0x882E,0x9850,0xA851,0xA051,0x906F,0x790D,0x4988,0x51C7,0x5988,0x80EC,
  0xA051,0xA031,0xA031,0xA031,0xA851,0xA831,0xA831,0xA031,0xA851,0xB052,0x606B,0x2A6B,0x2A8B,0x21C8,0x5A06,0x7287,
  0x7287,0x72A7,0x7AA7,0x7AC7,0x7AA7,0x8328,0x6A86,0x784C,0xA832,0xA851,0xA031,0xA030,0xA831,0xA831,0x9830,0xA030,
  0xA851,0xA831,0xA031,0xA831,0xA030,0xA831,0xA851,0xA831,0xA031,0xA051,0x9830,0xA851,0xA031,0xA031,0xA831,0xA831,
  0xA831,0xA851,0xA851,0xA030,0xA851,0xA831,0xA831,0xA031,0x9830,0xA030,0xA030,0x9810,0xA831,0xA851,0xA832,0x806C,
  0xD50D,0xA429,0xCC0A,0x9309,0xC3EA,0xA36B,0xCC8C,0x934A,0x6A09,0x7208,0x5106,0xA050,0xA031,0xA031,0xA851,0xA051,
  0xA030,0xA851,0xA851,0xA030,0xA030,0xA851,0xA051,0xA050,0xA850,0xA830,0xA831,0xA031,0xA031,0xA031,0xA831,0xB072,
  0x686A,0x2083,0x08C1,0x0040,0x0080,0x0000,0x0000,0x0020,0x0060,0x08A1,0x0080,0x00E1,0x20E2,0x884E,0xA811,0xA010,
  0xA810,0xA010,0xA030,0xA830,0x784B,0x1841,0x1841,0x904E,0xA830,0xA811,0xA011,0xA831,0xA030,0xA030,0xA030,0x9810,
  0x9830,0x784C,0x0860,0x704B,0x884F,0x10A2,0x0901,0x0000,0x0000,0x0000,0x0921,0x2063,0x1882,0x2083,0xA051,0xA031,
  0xA031,0xA031,0x704C,0x1802,0x5028,0x886E,0x1002,0x3846,0x884E,0x9850,0x612B,0x3967,0x41C8,0x6AEA,0x72E9,0x51C8,
  0x888E,0xA831,0xA031,0xA031,0xA011,0xA031,0xA031,0xA031,0xA831,0xA031,0x606A,0x2AAC,0x32CD,0x21C8,0x6AA7,0x7B08,
  0x8308,0x8328,0x8308,0x8308,0x7AE7,0x8349,0x7AE7,0x784C,0xA031,0xA831,0xA831,0xA831,0xA030,0xA031,0xA030,0xA831,
  0xA831,0xA031,0xA011,0xA831,0xA030,0xA031,0xA830,0xA831,0xA831,0xA831,0xA831,0xA831,0xA031,0xA031,0xA031,0xA831,
  0xA031,0xA031,0xA831,0xA031,0xA831,0xA031,0xA831,0xA051,0x884D,0x702C,0x806D,0x804E,0x9830,0xA831,0xB032,0x804C,
  0xD52D,0xBBA9,0xCBE9,0xB36A,0xCBE9,0xBBEB,0xD4CC,0x9B6A,0x7208,0x71E8,0x5106,0xA030,0xA031,0xA831,0xA831,0xA031,
  0xA011,0xA031,0xA831,0xA831,0xB031,0xA831,0xA031,0xA831,0xA831,0xA831,0xA831,0xA831,0xA031,0xA031,0xA831,0xA831,
  0x18E2,0x0040,0x0020,0x08C1,0x08A1,0x00C0,0x08C1,0x0020,0x0040,0x0821,0x3866,0x1862,0x08E1,0x2083,0xB051,0xB812,
  0xB812,0xB812,0xB812,0xC012,0x784C,0x20A2,0x2022,0xB051,0xB832,0xB832,0xB812,0xB812,0xB812,0xB832,0xB832,0xB832,
  0xB012,0x904F,0x4046,0xB852,0x984F,0x18A3,0x0080,0x1821,0x3045,0x2043,0x0901,0x1906,0x3989,0x2043,0xB852,0xB832,
  0xB052,0x704C,0x604A,0x58A9,0x0000,0x2864,0x0000,0x50A8,0x888D,0xB072,0x612A,0x3968,0x2947,0x2926,0x3987,0x3128,
  0x90EE,0xB012,0xB812,0xB812,0xB812,0xB812,0xB832,0xB832,0xB832,0xB852,0x606B,0x32CC,0x330D,0x21A7,0x6AA7,0x8B29,
  0x8B49,0x8B48,0x8B48,0x8B48,0x8307,0x8348,0x7B08,0x806C,0xB832,0xB812,0xB812,0xB812,0xB812,0xB832,0xB812,0xB812,
  0xB832,0xB832,0xB832,0xB832,0xB812,0xB832,0xB832,0xB832,0xB832,0xB831,0xB831,0xB831,0xB832,0xB832,0xB832,0xB832,
  0xB832,0xB832,0xB832,0xB832,0xB812,0xB832,0xB052,0x588D,0x18A7,0x1046,0x0846,0x1889,0x9830,0xB832,0xB812,0x886C,
  0xD52E,0x7A89,0xCC0B,0x8288,0xC3EA,0x9329,0xCC8C,0x934B,0x69E9,0x71E8,0x5906,0xB032,0xB812,0xB812,0xB832,0xB832,
  0xB832,0xB812,0xB832,0xB832,0xB832,0xB832,0xB832,0xB832,0xB832,0xB832,0xB832,0xB832,0xB832,0xB812,0xB832,0xB853,
  0x0860,0x0000,0x00A1,0x0060,0x10E2,0x0040,0x0000,0x0080,0x0861,0x0020,0x3024,0x986F,0x5028,0x2804,0xA851,0xB812,
  0xB812,0xB812,0xB812,0xC012,0x804C,0x2081,0x2842,0xB051,0xB852,0x5869,0x5848,0xB852,0x904E,0xA831,0xB812,0xB832,
  0xB811,0xA050,0x804C,0xB831,0xB812,0x706B,0x0020,0x2041,0x906D,0x886D,0x08A1,0x1967,0x2A4C,0x2147,0x614E,0x698F,
  0x49AC,0x1146,0x1905,0x0000,0x0000,0x0000,0x0000,0x3885,0x3044,0x788C,0x5909,0x41A7,0x49E8,0x62A9,0x5249,0x41E8,
  0x90EF,0xB812,0xB812,0xB812,0xB812,0xB812,0xB812,0xB832,0xB832,0xB832,0x606B,0x2A8B,0x2A8B,0x21C8,0x7B29,0x93CA,
  0x93CA,0x93A9,0x93A9,0x8BA9,0x8348,0x8368,0x7B48,0x804C,0xB833,0xB812,0xB812,0xB812,0xB812,0xB812,0xB812,0xB812,
  0xB812,0xB832,0xB832,0xB832,0xB812,0xB831,0xB831,0xB831,0xC031,0xB831,0xB831,0xB832,0xC032,0xB832,0xB832,0xB832,
  0xB832,0xB833,0xB832,0xB832,0xB812,0xB812,0x8993,0x198D,0x2149,0x1087,0x0067,0x192B,0x9050,0xB832,0xB812,0x886C,
  0xD52E,0xBC0C,0xD42A,0xBBCB,0xCC0A,0xC40B,0xD4AB,0x9B4A,0x71E8,0x7A28,0x6107,0xB832,0xB812,0xB812,0xB832,0xB832,
  0xB832,0xB812,0xB832,0xB832,0xB832,0xB832,0xB832,0xB832,0xB832,0xB832,0xB832,0xB832,0xB832,0xB832,0xB832,0xB853,
  0x2043,0x00C1,0x0040,0x0060,0x08C1,0x0902,0x0000,0x0000,0x0841,0x0081,0x0000,0x684A,0xB812,0xB831,0xB813,0xB812,
  0xB812,0xB812,0xB812,0xC012,0x706B,0x1840,0x2863,0xA871,0x604A,0x2864,0x0000,0x2824,0x4046,0xA850,0xB812,0xB832,
  0xB832,0xB812,0xB011,0xB811,0xB811,0x904E,0x1020,0x3083,0xA84F,0xA850,0x1823,0x224B,0x2A8B,0x224B,0x21C9,0x21A9,
  0x2AAC,0x2209,0x10A3,0x0000,0x0000,0x0000,0x0000,0x2043,0x60A9,0x88AD,0x5909,0x41A7,0x49E8,0x41E8,0x39A8,0x2928,
  0x88CE,0xB812,0xB812,0xB812,0xB812,0xB812,0xB812,0xB812,0xB832,0xB832,0x686B,0x32CC,0x2A6B,0x21C8,0x7B29,0x93EA,
  0x93EA,0x93EA,0x93EA,0x93EA,0x83A9,0x8BCA,0x7BA9,0x806C,0xB832,0xB812,0xB812,0xB812,0xB812,0xB812,0xB812,0xB812,
  0xB812,0xB832,0xB832,0xB812,0x90F1,0x6AF2,0x6A71,0x58ED,0x58AD,0x586D,0x586D,0x586D,0x806F,0xB832,0xB832,0xB832,
  0xB832,0xB832,0xB832,0xB832,0xB812,0xA851,0x3A11,0x116C,0x18A8,0x2108,0x0866,0x196B,0x9030,0xB832,0xB813,0x886C,
  0xD52D,0x930A,0xCC2B,0x9B09,0xCC0A,0xA36A,0xC48C,0x930A,0x6187,0x61A7,0x58E6,0xB831,0xB811,0xB812,0xB832,0xB832,
  0xB832,0xB832,0xB832,0xB832,0xB832,0xB832,0xB832,0xB832,0xB832,0xB832,0xB832,0xB832,0xB832,0xB832,0xB832,0xB853,
  0x5086,0x00A1,0x2884,0x08C1,0x00A0,0x00C1,0x0040,0x0800,0x50A7,0x0020,0x0000,0x2023,0xB030,0xB812,0xA830,0x806C,
  0xC053,0x784B,0x904E,0xB030,0x2022,0x28C2,0x4845,0xB050,0x688A,0x1022,0x0000,0x0000,0x4066,0x986F,0xB832,0xB811,
  0xB031,0xB011,0xB011,0xB011,0xB831,0x806C,0x20A2,0x5047,0xB811,0xB811,0x708C,0x224A,0x32EC,0x32CC,0x3ACC,0x326B,
  0x3B0D,0x0042,0x10E4,0x0041,0x0000,0x0000,0x0000,0x1021,0x2063,0x606A,0x612A,0x3968,0x3127,0x2948,0x3968,0x3188,
  0x80CD,0xB011,0xB012,0xB012,0xB011,0xB012,0xB012,0xB012,0xB012,0xB011,0x686B,0x32CC,0x32ED,0x21A7,0x6B09,0x83CA,
  0x836A,0x7B6A,0x838A,0x83AA,0x8BEA,0x83CA,0x83AA,0x804D,0xB031,0xB011,0xB812,0xB012,0xB011,0xB011,0xB012,0xB011,
  0xB011,0xB011,0xB831,0xB831,0x608D,0x1ACB,0x346E,0x0948,0x21EA,0x21EA,0x21EB,0x2A4C,0x30CB,0xB832,0xB832,0xB832,
  0xB811,0xB812,0xB812,0xB832,0xB812,0x804F,0x11AE,0x114C,0x1087,0x3A0A,0x1907,0x31ED,0x9831,0xB812,0xB812,0x804C,
  0xD4EC,0xAC8A,0xCC49,0xB4AB,0xCC4B,0xBC6A,0xCCAB,0x932A,0x61C8,0xB2A7,0xC307,0xDB2B,0xC9AD,0xB031,0xB812,0xB811,
  0xB812,0xB811,0xB032,0xB811,0xB011,0xB031,0xB832,0xB832,0xB812,0xB811,0xB811,0xB831,0xB011,0xB011,0xB011,0xB031,
  0x70A9,0x0040,0x710A,0x08C1,0x2884,0x68C9,0x0020,0x0000,0x78AB,0x5848,0x0000,0x0800,0xB090,0xC071,0x908D,0x2843,
  0x5088,0x0800,0x3845,0xC0D0,0x2843,0x38E3,0x78EA,0x888B,0x3885,0x0821,0x0000,0x0000,0x50E8,0x98AD,0xB0F1,0xB0D1,
  0xA8B0,0xA8B1,0xB0B0,0xC071,0xC091,0x3045,0x2081,0x788A,0xC051,0xC071,0x98CF,0x220A,0x2A8C,0x222B,0x29AB,0x296A,
  0x220B,0x1126,0x2A4A,0x0000,0x0000,0x1862,0x0000,0x0801,0x68CA,0x708A,0x6129,0x3988,0x3128,0x2928,0x3968,0x2948,
  0x992E,0xC872,0xC051,0xC071,0xC070,0xC871,0xC851,0xC892,0xC051,0xC872,0x78CC,0x32ED,0x2AAC,0x21C8,0x7349,0x8BCA,
  0x8BCB,0x8BEB,0x8BEB,0x8BEA,0x942A,0x942A,0x7B68,0x888C,0xD072,0xC872,0xD091,0xC871,0xD071,0xC871,0xC871,0xC051,
  0xC871,0xC872,0xC872,0xC891,0x68AD,0x1A6A,0x2B8C,0x222B,0x198A,0x10E8,0x08C9,0x08E8,0x308A,0xD091,0xD091,0xC871,
  0xD092,0xD092,0xC891,0xC870,0xD072,0xA0B0,0x21EF,0x116A,0x62CA,0x2128,0x0047,0x216D,0xB091,0xC872,0xC871,0x888B,
  0xD4EC,0xAC09,0xCC2A,0xABCA,0xD42B,0xB44A,0xCCAB,0x8B09,0x18E8,0x18E7,0x2128,0x2108,0x520A,0x2869,0xC891,0xC851,
  0xC051,0xC851,0xC871,0xD072,0xC872,0xB871,0xB891,0xC0B2,0xC891,0xD091,0xD8B2,0xC871,0xD071,0xD071,0xC852,0xC872,
  0xA10D,0x0000,0x78EA,0x00C1,0x5867,0x98AD,0x0000,0x0840,0x5046,0xC872,0x706A,0x0800,0xB0B0,0xC872,0xA8CF,0x2043,
  0x0000,0x0000,0x2843,0xB8EF,0x2842,0x28A2,0x70C9,0xC0B0,0x68C9,0x1021,0x0000,0x0000,0x2062,0x810C,0x398B,0x296A,
  0x298B,0x31AB,0x416B,0xC0B0,0xC8B1,0x4065,0x2082,0xB8AF,0xB870,0xC06F,0x98EE,0x2A4B,0x3B0D,0x436D,0x3A4B,0x3A4B,
  0x430D,0x432C,0x1105,0x2105,0x0821,0x814A,0x0000,0x60E8,0x708A,0xC0F0,0x5929,0x4168,0x2927,0x2928,0x3948,0x2928,
  0x992E,0xC890,0xC06F,0xC870,0xD091,0xC871,0xC870,0xC890,0xC890,0xC891,0x70AB,0x32CD,0x2ACC,0x29E9,0x62E9,0x83CA,
  0x83EB,0x83EB,0x83EB,0x83CB,0x9C2A,0x8BEB,0x7B49,0x808C,0xD892,0xC070,0xD070,0xC891,0xD071,0xC870,0xC870,0xC870,
  0xC871,0xC871,0xC871,0xD071,0x688D,0x11E9,0x230C,0x112A,0x328C,0x2A4C,0x1109,0x198A,0x28CA,0xC8B0,0xC870,0xC870,
  0xD090,0xC870,0xC870,0xD090,0xD070,0x98AF,0x2250,0x118B,0x2926,0x18C7,0x0047,0x218D,0xA8B1,0xC891,0xC071,0x888B,
  0xCCEC,0x932A,0xCC0A,0x92EA,0xC40B,0x9B4B,0xC46C,0x8B0A,0x18E9,0x00C9,0x4A8B,0x39E9,0x20E7,0x1089,0xC8B0,0xC871,
  0xC070,0xD091,0xD071,0xC870,0xC090,0x48CC,0x28CA,0x30CA,0x688C,0xD091,0xC870,0xD091,0xC870,0xC870,0xC870,0xC891,
  0x78AA,0x0800,0xA10E,0x2863,0x68A8,0xA8CE,0x60C8,0x1861,0x6887,0xD8B1,0xD0D1,0x6888,0xC8F1,0xD8F2,0x4065,0x60E8,
  0x0800,0x0000,0x58E8,0x78EA,0x2843,0x30E2,0x70C9,0xC8F0,0x91EF,0x30C5,0x18C3,0x0020,0x916C,0xB12E,0x39EB,0x29AA,
  0x29AA,0x29AB,0x39AB,0xD110,0xA0CC,0x1841,0x3883,0xC8EF,0xD0D0,0xD0F0,0xA12E,0x21EA,0x2AAC,0x222B,0x29AA,0x298A,
  0x222B,0x222B,0x1105,0x31A8,0x1041,0xA12C,0x60A6,0xB14D,0xB90E,0xC90F,0x6149,0x3967,0x41E9,0x4A08,0x732A,0x4A08,
  0x996D,0xD0D0,0xD8D1,0xD8D1,0xD0D0,0xD0B0,0xD8D1,0xD0D1,0xD0B0,0xD0B0,0x78CB,0x2A8B,0x32ED,0x21E8,0x18E3,0x4A4A,
  0x5A8B,0x5A8B,0x5AAB,0x5AAC,0x62CB,0x6B0C,0x7B8F,0x622C,0xA0EE,0xD0B0,0xD8B0,0xD8B1,0xD0D1,0xD8D0,0xD0AF,0xD8B0,
  0xD8B0,0xD8D1,0xD8D0,0xD8D0,0x70ED,0x122A,0x22EC,0x08E9,0x10EA,0x110A,0x110A,0x110A,0x30AA,0xD0D0,0xB8D0,0x90EF,
  0x90EE,0x90EE,0xB0EF,0xD0B0,0xD8B0,0x98AE,0x224F,0x116C,0x1066,0x0867,0x0067,0x218C,0xB0F0,0xD0F2,0xC8B1,0xA0CC,
  0xCCED,0x83CB,0x940C,0x8C0D,0x942D,0x8C6E,0xB4AE,0x932B,0x3189,0x2928,0x2168,0x73CC,0x3229,0x18C9,0xC0B1,0xB952,
  0x6251,0x406B,0xB8D0,0xD8B0,0xC8F1,0x2909,0x2149,0x2989,0x492A,0xD8F1,0xD8B1,0xD8B0,0xD8B1,0xD8B1,0xD8B1,0xD8D1,
  0x7909,0x2842,0x98EC,0x78CA,0x78CA,0xD0F0,0xB0EE,0x2061,0x6087,0xD8D1,0xD8D0,0xD8D1,0xD8B1,0xC0CF,0x60A8,0x3864,
  0x3885,0x1021,0x1842,0xB12E,0x1822,0x30E3,0x78C9,0xA970,0x220B,0x1988,0x1105,0x1967,0x79AC,0xC94F,0x318A,0x198A,
  0x21AA,0x29CA,0x41AB,0xD130,0x88CB,0x2061,0x78C9,0xD910,0xD910,0xD8F0,0xA92E,0x220A,0x228B,0x222B,0x29AA,0x298A,
  0x224C,0x222C,0x224C,0x1106,0x3884,0xD12F,0xD12F,0xD12F,0xD110,0xD12F,0x5949,0x4188,0x2927,0x2927,0x3169,0x318A,
  0x71CD,0x916E,0xA16F,0xD0F0,0xD8F1,0xD8F1,0xD8F1,0xD8D1,0xD8D1,0xD8D1,0x78CA,0x2A8B,0x2AAC,0x2A6B,0x1904,0x62CC,
  0x6B2E,0x734E,0x734F,0x734E,0x734F,0x736F,0x6B2E,0x62CD,0x5188,0xD8F0,0x98AE,0x608A,0x708B,0xD110,0xD910,0xD8D0,
  0xD8D0,0xD8F1,0xD8F1,0xD8F0,0x70EC,0x22AC,0x2B0C,0x10E9,0x110A,0x198A,0x196A,0x21CB,0x390B,0xE110,0x48EA,0x1909,
  0x1929,0x1928,0x68CB,0xD0F1,0xA110,0x794F,0x2A30,0x118C,0x30E6,0x28E7,0x10A6,0x29EC,0x594D,0x414C,0x496F,0x618C,
  0xC50E,0x5C2D,0x33CE,0x5CCD,0x234D,0x6572,0x532B,0x8B2A,0x28E6,0x5A8B,0x1087,0x2949,0x18E6,0x18A9,0xC8D1,0xA9D3,
  0x2290,0x18AA,0x912F,0xD0F1,0xC110,0x3989,0x2149,0x318A,0x510A,0xE0F1,0xD8D0,0xD8D0,0xD8D0,0xD8D0,0xE0D0,0xD8F0,
  0x0000,0x0000,0x5886,0x990D,0x0800,0x4865,0xA90D,0x1841,0x2882,0xB8CF,0xD8B1,0xD8B1,0xD8B1,0xD8B1,0xD0D0,0x3844,
  0x88EB,0x2843,0x90CB,0xC910,0x2042,0x1061,0x80CA,0xB190,0x220A,0x2A6A,0x2125,0x328B,0x71ED,0xD14F,0x420B,0x29EA,
  0x320A,0x29E9,0x398A,0xC92F,0x70E8,0x2882,0x7129,0xD130,0xD910,0xD8F0,0xA92E,0x222B,0x2A8C,0x222B,0x29AA,0x298A,
  0x222B,0x224C,0x226C,0x0883,0x58A6,0xB14E,0x794C,0x796D,0x794C,0xB96F,0x6129,0x4188,0x3127,0x2928,0x31AA,0x29CC,
  0x4AAC,0x42AC,0x5AAD,0xD110,0xD8F1,0xD8F1,0xD8F1,0xD8D1,0xD8D1,0xD0D1,0x78EA,0x2AAC,0x2AAD,0x2A8B,0x2166,0x62ED,
  0x736E,0x7B8F,0x7B8F,0x7B8F,0x7BB0,0x83B0,0x7B8F,0x6B2E,0x5188,0xC930,0x1826,0x39C8,0x20A6,0x412A,0x414C,0x4A50,
  0xB151,0xD8F1,0xD8F0,0xD8F0,0x710D,0x1A2B,0x22AC,0x10EA,0x112A,0x198A,0x196A,0x220B,0x390A,0xE110,0x410B,0x1909,
  0x1928,0x1948,0x690B,0x890E,0x490C,0x490C,0x3230,0x116B,0x4A09,0x08A7,0x08E8,0x218C,0x18AB,0x20AB,0x1A51,0x29CC,
  0xCD0F,0x5ACB,0x4A8E,0x634D,0x21EF,0x638F,0x4A29,0x8B0A,0x2107,0x3989,0x522D,0x3989,0x0887,0x18A9,0xA8F0,0x7170,
  0x2AB0,0x194B,0x4A0B,0x5A2E,0x416C,0x2109,0x20E9,0x2949,0x510A,0xD8F1,0xE0D0,0xC8F0,0x90CD,0x88ED,0x88ED,0x88EE,
  0x0000,0x0000,0x48C5,0x1021,0x0000,0x2883,0x810B,0x0000,0x1881,0xB0EE,0xC90F,0xA0CC,0xC0EF,0x7089,0xD8B1,0xD8B0,
  0xB8CF,0x4065,0xE0D1,0xB8EE,0x2862,0x2062,0xB8EE,0xB190,0x2A4B,0x326A,0x0882,0x328B,0x71ED,0xD170,0x422C,0x31EA,
  0x3A6B,0x29EA,0x398A,0xC16F,0x2062,0x1061,0x42CD,0x62B0,0x7AD0,0x924F,0x998E,0x220A,0x2A8C,0x222C,0x29AA,0x298B,
  0x222B,0x222B,0x2A4C,0x0062,0xB16D,0x718C,0x19A9,0x21A9,0x52EB,0x998E,0x6149,0x4188,0x3987,0x41E9,0x39CA,0x426C,
  0x424C,0x424C,0x4A2D,0xD130,0xD0F0,0xC910,0xD0F0,0xD0F0,0xD0F0,0xD8F0,0x790A,0x2AAC,0x2AAC,0x2A6C,0x1946,0x5AAC,
  0x6B2D,0x6B4E,0x6B2D,0x6B2E,0x6B2E,0x6B2D,0x8411,0x83D1,0x51A8,0xC950,0x1026,0x4A6A,0x1066,0x18E8,0x3A0C,0x224D,
  0xA910,0xD0F0,0xC8F0,0xD110,0x690C,0x1A6B,0x1A6B,0x10EA,0x190A,0x192A,0x110A,0x112A,0x30EA,0xD930,0x490B,0x3109,
  0x2969,0x3189,0x590A,0x814E,0x38EB,0x30AB,0x2210,0x116C,0x0026,0x0047,0x0067,0x21CD,0x082A,0x106B,0x2270,0x298B,
  0xCD2E,0x28A7,0x4149,0x4189,0x18A7,0x2928,0x4A09,0x8B2B,0x2929,0x10C9,0x08C8,0x2128,0x2189,0x20CA,0x88EE,0x18A8,
  0x3189,0x18A6,0x626A,0x21ED,0x21AC,0x49A9,0x39AA,0x3949,0x50CA,0xD8F1,0xE0D0,0xB0EE,0x2929,0x1908,0x1928,0x112A,
  0x0000,0x0000,0x0000,0x0000,0x0000,0x0000,0x814B,0x1040,0x28C2,0x50C6,0x0801,0x1001,0xC970,0x3064,0x80AA,0xD8B0,
  0xD8F0,0x60A7,0xE111,0x90EB,0x28A2,0x3883,0xD910,0xA96F,0x21EA,0x21C9,0x18E3,0x19C9,0x71ED,0xD14F,0x31CA,0x21CA,
  0x3A6C,0x322B,0x398B,0xC16F,0x30C3,0x18A2,0x426B,0x42AC,0x3B8D,0x4CCF,0x6AAD,0x1A0B,0x2A8C,0x224C,0x29AA,0x298A,
  0x222B,0x222B,0x21C9,0x0821,0x816B,0x71CD,0x19A9,0x2189,0x2189,0x99AE,0x6149,0x3988,0x2906,0x2927,0x31CA,0x4A8C,
  0x4A8C,0x4AAD,0x4A2D,0x896F,0x69AF,0x69AD,0x61EC,0x520E,0x59AD,0x922F,0x790A,0x2A8C,0x2A8C,0x326C,0x2146,0x62CD,
  0x734E,0x7B8F,0x738F,0x7B8F,0x7B8F,0x738F,0x83F0,0x83F1,0x51A8,0xC990,0x1047,0x3188,0x3189,0x422A,0x19CA,0x1A4C,
  0x994F,0x60E9,0x4908,0x5129,0x310A,0x09A9,0x226B,0x294B,0x318B,0x41EC,0x214B,0x10E9,0x30AA,0xD930,0x490B,0x28E8,
  0x2929,0x2929,0x1887,0x598C,0x516D,0x592D,0x2A70,0x116B,0x4229,0x2A0A,0x0067,0x2A0D,0x002A,0x082A,0x19EE,0x28C9,
  0xCCEF,0x3947,0x3109,0x41C9,0x3167,0x41C9,0x0886,0x18A6,0x0889,0x10C8,0x524A,0x4209,0x20E7,0x1869,0x88EE,0x18A9,
  0x2988,0x1907,0x69A8,0x826D,0x31AB,0x3A49,0x3A09,0x41E9,0x518B,0xC911,0xE0D0,0xB0EE,0x18A7,0x10E8,0x2148,0x1929,
  0x0000,0x0000,0x0000,0x0000,0x0000,0x0000,0x1842,0x0000,0x28E3,0x0000,0x0000,0x0000,0x2863,0x0800,0x0800,0x80E9,
  0xE9F2,0x60E7,0xE9B1,0x912A,0x2082,0x3883,0xE9D1,0xB1F0,0x29E9,0x1125,0x1966,0x3B0C,0x6A2D,0x812A,0x2987,0x3229,
  0x324B,0x326B,0x41EB,0xB1AF,0x30A3,0x1062,0x3A0A,0x320A,0x31EB,0x29EB,0x59EC,0x222B,0x2A8C,0x224C,0x29AA,0x29AA,
  0x224C,0x224B,0x08C3,0x18C4,0x59CA,0x720D,0x2A09,0x4AAA,0x42AB,0x918E,0x5949,0x49C8,0x5269,0x4A29,0x31CB,0x31EB,
  0x29EB,0x31EB,0x424D,0x416D,0x52D2,0x626F,0x4A4E,0x3AD2,0x420E,0x82CF,0x794A,0x328C,0x226B,0x32AC,0x2147,0x62EE,
  0x7B90,0x83B0,0x83D1,0x83D1,0x83B1,0x83F1,0x83D0,0x8411,0x59C9,0xD1D1,0x1046,0x52ED,0x3189,0x3A0A,0x1A0A,0x19CA,
  0x894E,0x2906,0x41A8,0x4A09,0x294A,0x11AA,0x226B,0x212A,0x31AA,0x4A6A,0x196A,0x10E9,0x28CA,0xD930,0x492A,0x30C8,
  0x2929,0x3169,0x20A7,0x4149,0x4149,0x412A,0x3250,0x118C,0x0027,0x1088,0x28E9,0x198C,0x20E6,0x4988,0x41E9,0x4187,
  0x4147,0x2908,0x18C8,0x39CA,0x31C9,0x41C9,0x0067,0x08A7,0x39CB,0x6B2D,0x2927,0x1066,0x3969,0x1869,0x88EE,0x0067,
  0x10C7,0x0886,0x7D0C,0x346D,0x29AB,0x3149,0x318A,0x3949,0x292A,0x690D,0xC8EF,0xB92F,0x20E8,0x3168,0x2988,0x214A,
  0x0000,0x0000,0x0000,0x0000,0x0000,0x0000,0x0000,0x0000,0x3923,0x0820,0x0000,0x0000,0x0000,0x0000,0x0000,0x0000,
  0x48C5,0x2862,0x60E7,0x7149,0x28C3,0x3083,0xD970,0xA9EE,0x0000,0x0000,0x19A7,0x19EA,0x622D,0x1062,0x10A2,0x10A3,
  0x0882,0x21AA,0x39AB,0x6107,0x28C2,0x18C4,0x3A0A,0x3A6B,0x31C9,0x29C9,0x59EC,0x220A,0x2AAC,0x222B,0x29AA,0x298A,
  0x224C,0x2A2A,0x0041,0x2147,0x5169,0x69ED,0x21C9,0x322B,0x29EA,0x99AE,0x5949,0x3988,0x2928,0x2948,0x39EA,0x424C,
  0x424B,0x3A2B,0x4A4D,0x498E,0x52B3,0x41CF,0x526F,0x3A72,0x4A2E,0x7ACE,0x794A,0x2AAC,0x2A8C,0x2AAC,0x1946,0x734F,
  0x83F0,0x8BF1,0x8C11,0x8C11,0x8C11,0x8C11,0x8411,0x8411,0x622A,0xD1B1,0x1046,0x4A6A,0x10A8,0x2108,0x3187,0x5A68,
  0x4967,0x3146,0x3988,0x520A,0x294A,0x19AB,0x222B,0x212A,0x2989,0x428A,0x2129,0x3149,0x396A,0x99EF,0x428C,0x2ACB,
  0x31A9,0x3A0A,0x18E7,0x4969,0x4948,0x4928,0x29ED,0x118C,0x2949,0x31CA,0x0027,0x1A0D,0x2925,0x7287,0x72C7,0x5A06,
  0x3927,0x2906,0x4A8A,0x6B2B,0x3A2B,0x5209,0x0067,0x10C7,0x10A6,0x18A5,0x2907,0x3928,0x18C7,0x208A,0x810E,0x18E7,
  0x52AA,0x39E7,0x754B,0x648B,0x58E8,0x4928,0x3948,0x3927,0x3908,0x40E8,0x50A8,0xB14F,0x1867,0x1866,0x20A7,0x18C9,
  0x0000,0x0000,0x0000,0x0000,0x0000,0x0000,0x0000,0x0000,0x3923,0x0841,0x0000,0x0000,0x0000,0x0000,0x0000,0x0000,
  0x0000,0x0000,0x0000,0x0000,0x1881,0x1041,0x6107,0x2042,0x0000,0x0000,0x0041,0x1946,0x18E4,0x0000,0x0000,0x10C3,
  0x10C4,0x21CA,0x39CB,0x48E6,0x28A2,0x3A08,0x3188,0x0842,0x10E4,0x224A,0x4A2C,0x19C9,0x32CC,0x3B2C,0x3A4B,0x428B,
  0x4B8D,0x29E8,0x08A3,0x29E9,0x51AA,0x61EC,0x19AA,0x21AA,0x3A6B,0x9A0F,0x616A,0x292B,0x20EC,0x4AAC,0x322C,0x426C,
  0x428C,0x426C,0x528E,0x59EC,0x42B3,0x296E,0x5270,0x3A93,0x422E,0x7ACE,0x7949,0x32AC,0x2ACD,0x2AAC,0x1966,0x83B1,
  0x9C93,0x9C73,0x9C72,0x9C93,0x83F1,0x630E,0x6B0F,0x5ACE,0x3989,0x412B,0x0846,0x2988,0x31A9,0x5A69,0x3924,0x59E6,
  0x4986,0x3188,0x41A8,0x62AB,0x312A,0x2929,0x2969,0x3129,0x3149,0x3107,0x522A,0x49C9,0x41A9,0x3968,0x3ACB,0x33EE,
  0x1908,0x20E9,0x10A7,0x4169,0x4969,0x4968,0x324E,0x1A0C,0x4A28,0x5A46,0x3A0B,0x096B,0x3186,0x93CA,0x49A5,0x49A5,
  0x3126,0x4B2A,0x6DD1,0x756F,0x54F0,0x7C2C,0x0846,0x10A6,0x3209,0x18E6,0x1128,0x2168,0x322B,0x08EA,0x398D,0x0067,
  0x0867,0x08A8,0x5B4B,0x7926,0x9085,0x4947,0x1A48,0x19E8,0x2926,0x72CA,0x30A6,0x714D,0x292A,0x2928,0x2108,0x210A,
  0x0000,0x0000,0x0000,0x0000,0x0000,0x0000,0x0000,0x0000,0x30C2,0x0820,0x0000,0x0000,0x0000,0x0000,0x0000,0x0000,
  0x0000,0x0000,0x0000,0x0000,0x30E3,0x1061,0x0000,0x0000,0x0000,0x0000,0x0000,0x0000,0x0000,0x0000,0x0000,0x0000,
  0x0000,0x1967,0x10C4,0x1040,0x30E3,0x0862,0x0000,0x0000,0x0000,0x1988,0x2167,0x0000,0x21A8,0x220A,0x18C5,0x21A9,
  0x222A,0x08A2,0x21A6,0x322A,0x51CB,0x6A0C,0x21C8,0x4AAA,0x530C,0x49EC,0x49CB,0x49CC,0x290C,0x4AED,0x222B,0x3AAD,
  0x42AC,0x4A8C,0x4A6D,0x49CA,0x5352,0x318E,0x528F,0x3A92,0x422D,0x7AEF,0x798A,0x2A8C,0x2AAC,0x2ACD,0x21A8,0x734F,
  0x83F1,0x8C32,0x9452,0x9472,0x39AA,0x428A,0x3209,0x49EA,0x41CA,0x422A,0x0865,0x630C,0x2189,0x3A08,0x20A2,0x49C6,
  0x3946,0x39A8,0x39A8,0x49E9,0x3109,0x3908,0x49C9,0x4189,0x3168,0x5A69,0x3127,0x3968,0x3969,0x4128,0x3A6A,0x33AB,
  0x3147,0x3928,0x18A8,0x4169,0x4169,0x5128,0x2A4F,0x220D,0x4107,0x4126,0x39C9,0x226C,0x3A26,0x93A9,0x5A26,0x4984,
  0x3945,0x4A47,0x31A4,0x2984,0x29A5,0x39E6,0x3188,0x08A6,0x2146,0x3166,0x2126,0x10A6,0x2125,0x1928,0x112A,0x0046,
  0x0865,0x10A7,0x08A8,0x0000,0x2863,0x3987,0x1A88,0x19C8,0x2926,0x38E5,0x2927,0x00C8,0x10C8,0x10E9,0x0888,0x08A9,
  0x0000,0x0000,0x0000,0x0000,0x0000,0x0000,0x0000,0x0000,0x4964,0x1041,0x0000,0x0000,0x0000,0x0000,0x0000,0x0000,
  0x0000,0x0000,0x0000,0x0000,0x4123,0x1061,0x0000,0x0000,0x0000,0x0000,0x0000,0x0000,0x0000,0x0000,0x0000,0x0000,
  0x0000,0x0000,0x0000,0x28A2,0x3103,0x0000,0x0000,0x0000,0x0000,0x0020,0x0000,0x0000,0x0000,0x0021,0x0021,0x0041,
  0x1925,0x0882,0x21A6,0x29C9,0x51CA,0x622B,0x1968,0x2189,0x42AB,0x29CB,0x6AAB,0x2909,0x0826,0x426B,0x220C,0x39EA,
  0x522A,0x3969,0x524C,0x49CA,0x4B0F,0x2969,0x428C,0x3A8F,0x3A2C,0x62ED,0x4926,0x2B0E,0x2ACD,0x2ACD,0x2166,0x630C,
  0x4228,0x52AA,0x73AE,0x7BCF,0x39AA,0x4349,0x2A08,0x2907,0x18E7,0x29A9,0x0886,0x0866,0x0042,0x2904,0x30C3,0x4986,
  0x3124,0x3987,0x41A8,0x41A9,0x2909,0x3108,0x3969,0x3989,0x3969,0x5A4A,0x3128,0x39A7,0x39A8,0x322A,0x2B2C,0x3C6D,
  0x3946,0x4947,0x18A6,0x4169,0x60E9,0x7069,0x28CA,0x10A9,0x1866,0x1842,0x1062,0x08A3,0x2143,0x62A6,0x49E4,0x49A4,
  0x49A5,0xB3AA,0x7964,0x8164,0x7145,0x8A46,0x4A28,0x1086,0x3186,0x39A6,0x31A6,0x18C6,0x3125,0x2927,0x2069,0x0865,
  0x1085,0x10A6,0x20A5,0x0000,0x3062,0x3166,0x2AC9,0x2248,0x29A6,0x38E5,0x3228,0x2BCC,0x234B,0x2B6C,0x1A49,0x092A,
  0x0000,0x0000,0x0000,0x0000,0x0000,0x0000,0x0000,0x0000,0x3903,0x0000,0x0000,0x0000,0x0000,0x0000,0x0000,0x0000,
  0x0000,0x0000,0x0000,0x1061,0x4102,0x1061,0x0000,0x0000,0x0000,0x0000,0x0000,0x0000,0x0000,0x0000,0x0000,0x0000,
  0x0000,0x0000,0x0000,0x2082,0x1061,0x0000,0x0000,0x0000,0x0000,0x0000,0x0000,0x0000,0x0000,0x0000,0x0000,0x0000,
  0x0000,0x0000,0x0000,0x0841,0x18C4,0x20A3,0x0000,0x0883,0x0042,0x0001,0x18C4,0x2905,0x0021,0x4249,0x1988,0x20E6,
  0x20C5,0x28E7,0x420A,0x3946,0x0021,0x0000,0x0000,0x0041,0x0862,0x0020,0x0000,0x10C3,0x08A2,0x0882,0x0000,0x0000,
  0x20E3,0x0000,0x0020,0x18C3,0x18C4,0x0862,0x4269,0x18C5,0x0042,0x0862,0x0022,0x0043,0x0000,0x1061,0x1061,0x1061,
  0x1062,0x18A3,0x1042,0x1063,0x18C5,0x20C5,0x2906,0x2925,0x3148,0x2945,0x1083,0x39E6,0x2124,0x1965,0x19E6,0x2206,
  0x18A3,0x18A3,0x0842,0x20E4,0x28A4,0x1822,0x1044,0x0004,0x0843,0x0020,0x0020,0x0000,0x0000,0x0000,0x0000,0x20E3,
  0x18A2,0x51E6,0x4144,0x4123,0x30E3,0x3944,0x2944,0x1082,0x18C3,0x18E3,0x39A5,0x1063,0x18A2,0x1042,0x3064,0x0843,
  0x0002,0x0843,0x0001,0x0000,0x0000,0x0000,0x0000,0x2944,0x10A2,0x0000,0x08A2,0x19A4,0x19C5,0x19A5,0x1144,0x0064,
  0x0000,0x0000,0x0000,0x0000,0x0000,0x0000,0x0000,0x0000,0x4944,0x0840,0x0000,0x0000,0x0000,0x0000,0x0000,0x0000,
  0x0000,0x0000,0x0000,0x0820,0x4123,0x0820,0x0000,0x0000,0x0000,0x0000,0x0000,0x0000,0x0000,0x0000,0x0000,0x0000,
  0x0000,0x0000,0x0000,0x3103,0x0820,0x0000,0x0000,0x0000,0x0000,0x0000,0x0000,0x0000,0x0000,0x0020,0x0020,0x0020,
  0x0000,0x0020,0x0040,0x0040,0x0040,0x0040,0x0040,0x0040,0x0040,0x0041,0x0862,0x0841,0x0862,0x1062,0x1062,0x1082,
  0x1882,0x1081,0x1081,0x1881,0x1082,0x1882,0x1882,0x1082,0x1081,0x1882,0x1082,0x1062,0x0862,0x0862,0x0842,0x0842,
  0x3127,0x31A8,0x5ACB,0x2965,0x3185,0x0000,0x0000,0x3185,0x3A07,0x0841,0x31C6,0x10A2,0x4A48,0x2145,0x3A08,0x52A9,
  0x2965,0x0882,0x2985,0x0861,0x29A6,0x3185,0x0861,0x2124,0x0000,0x0000,0x0021,0x0841,0x0040,0x31A5,0x4248,0x31A6,
  0x0840,0x5205,0x7349,0x5A87,0x5AE9,0x840D,0x5A88,0x20C2,0x736B,0x5268,0x31A6,0x3165,0x2944,0x3144,0x2923,0x3164,
  0x4A26,0x39E6,0x4A68,0x5288,0x1081,0x4AA8,0x5AEA,0x0000,0x18E3,0x18E2,0xA530,0x2123,0x2123,0x0020,0x2923,0x83AA,
  0x18C2,0x62EB,0x10A2,0x2104,0x0020,0x18C2,0x5288,0x39C6,0x0000,0x3185,0x0020,0x0020,0x4207,0x4227,0x3A27,0x2944,
  0x0000,0x0000,0x0000,0x0000,0x0000,0x0000,0x0000,0x0000,0x38E3,0x1041,0x0000,0x0000,0x0000,0x0000,0x0000,0x0000,
  0x0000,0x0000,0x0000,0x0000,0x28C2,0x0840,0x0000,0x0000,0x0000,0x0000,0x0000,0x0000,0x0000,0x0000,0x0040,0x0000,
  0x0040,0x0060,0x0020,0x20C2,0x0020,0x0020,0x0060,0x0060,0x0060,0x0060,0x0060,0x0060,0x0080,0x0060,0x0080,0x0080,
  0x0060,0x0080,0x0081,0x08A2,0x00A0,0x08C2,0x18E4,0x18E4,0x18E4,0x20E4,0x2905,0x3105,0x3125,0x3146,0x3945,0x4185,
  0x4185,0x4165,0x4165,0x3944,0x3944,0x3924,0x3925,0x3125,0x3126,0x2948,0x296B,0x18E9,0x198B,0x194A,0x0067,0x0025,
  0x0864,0x1065,0x18C5,0x0864,0x0865,0x0025,0x0885,0x18E6,0x10E6,0x0045,0x10E7,0x10E7,0x0885,0x1907,0x10E7,0x2989,
  0x1106,0x10E5,0x10A6,0x0045,0x10C5,0x31A7,0x0865,0x2946,0x0023,0x0043,0x1085,0x4209,0x1084,0x0843,0x0863,0x10C5,
  0x1044,0x2084,0x1883,0x18A4,0x2125,0x1925,0x1925,0x0843,0x2105,0x0883,0x0863,0x18C4,0x10A3,0x1925,0x1883,0x18C3,
  0x10E4,0x2165,0x1104,0x10C3,0x0862,0x21A5,0x10C4,0x0843,0x10C4,0x10A4,0x2166,0x0863,0x0883,0x0023,0x0863,0x2985,
  0x0883,0x2124,0x18E3,0x10A3,0x0863,0x0862,0x18E4,0x1104,0x0862,0x10C4,0x08A3,0x08A3,0x1905,0x10C3,0x1904,0x10A3,
  0x0000,0x0000,0x0000,0x0000,0x0000,0x0000,0x0000,0x0000,0x1040,0x3124,0x0000,0x0000,0x0000,0x0000,0x0000,0x0000,
  0x10C2,0x10E2,0x1944,0x1964,0x29E5,0x2A06,0x2A06,0x2A05,0x2A05,0x2A05,0x2A05,0x2A05,0x2A05,0x2A05,0x2A05,0x2A05,
  0x29E5,0x2A25,0x2A26,0x2A06,0x29E5,0x21E5,0x21E5,0x29E5,0x2A06,0x2A26,0x2A25,0x2A05,0x2A26,0x2A26,0x2A26,0x2A26,
  0x3226,0x2A26,0x2A06,0x2A26,0x2A05,0x2A05,0x2A06,0x2A26,0x2A06,0x2A26,0x2A06,0x2A06,0x2A05,0x2A26,0x2A26,0x2A26,
  0x2A26,0x2A26,0x2A26,0x2A26,0x2A26,0x2A26,0x2A46,0x2A26,0x29E5,0x1105,0x0887,0x08A9,0x08A9,0x08C9,0x0046,0x0846,
  0x1087,0x1067,0x0886,0x1086,0x1087,0x0888,0x1909,0x10E8,0x0886,0x0846,0x0026,0x0867,0x0006,0x0846,0x1066,0x20E8,
  0x18A7,0x1088,0x1067,0x18A8,0x10C8,0x18A7,0x2128,0x1907,0x10A7,0x29EA,0x18A8,0x18A7,0x20E8,0x322B,0x222B,0x222B,
  0x1109,0x1129,0x1108,0x1928,0x1949,0x18E8,0x10A8,0x0048,0x1109,0x0887,0x0887,0x0866,0x0886,0x1087,0x0846,0x2169,
  0x10C9,0x2168,0x3AEC,0x3A4B,0x18A7,0x1949,0x21CA,0x08A8,0x10E8,0x10C8,0x2148,0x08A7,0x08A7,0x0847,0x10A8,0x1108,
  0x0068,0x1909,0x10C7,0x0866,0x0026,0x0046,0x1128,0x21CA,0x0886,0x10A8,0x08A7,0x0949,0x1A2B,0x1A4B,0x1108,0x08A7,
  0x0000,0x0000,0x0000,0x0000,0x0000,0x0000,0x0000,0x0000,0x0820,0x3123,0x0000,0x0020,0x0020,0x0040,0x0060,0x08C2,
  0x1943,0x1102,0x10E2,0x08A1,0x1943,0x1984,0x1984,0x1984,0x1984,0x1964,0x1984,0x1984,0x1984,0x1984,0x1984,0x1984,
  0x1184,0x1184,0x1984,0x1984,0x1963,0x1963,0x2163,0x2163,0x2163,0x10E2,0x10E2,0x10E2,0x10E2,0x1102,0x1102,0x1102,
  0x1102,0x1903,0x1103,0x1103,0x1123,0x1123,0x1103,0x1123,0x1123,0x1103,0x1123,0x1123,0x1103,0x08C2,0x1102,0x1103,
  0x1123,0x1123,0x1123,0x1123,0x1143,0x1123,0x1923,0x1142,0x2205,0x32A6,0x10E6,0x196B,0x11CC,0x198B,0x1109,0x39CB,
  0x31AB,0x39CB,0x528D,0x528D,0x210A,0x1987,0x18E8,0x1909,0x18E9,0x2109,0x0026,0x2109,0x08A9,0x1907,0x1863,0x2905,
  0x28E7,0x20E8,0x2108,0x2928,0x18A8,0x18A7,0x20E7,0x18E8,0x18C9,0x3168,0x18C8,0x20C7,0x20E8,0x2108,0x19CA,0x126B,
  0x1908,0x2128,0x08E8,0x1929,0x294A,0x4088,0x18EA,0x08A9,0x1046,0x1046,0x1066,0x08E8,0x1907,0x4A28,0x3987,0x3126,
  0x1907,0x41C8,0x2946,0x3167,0x3946,0x4187,0x2128,0x0889,0x18E8,0x2968,0x1928,0x1128,0x2169,0x10C9,0x0068,0x1108,
  0x0867,0x21A9,0x10E8,0x0025,0x2046,0x20E8,0x19C9,0x1969,0x2168,0x20A8,0x1908,0x1189,0x116A,0x1929,0x1929,0x08A8,
  0x0000,0x0000,0x0000,0x0000,0x0000,0x0000,0x0000,0x0000,0x0000,0x30E3,0x0060,0x00C0,0x00C0,0x00A0,0x0080,0x2A05,
  0x1162,0x1963,0x1983,0x08A1,0x1963,0x1183,0x1163,0x1963,0x1163,0x1163,0x1163,0x1163,0x1963,0x1963,0x1163,0x1163,
  0x1163,0x1163,0x1163,0x1163,0x1162,0x1942,0x1922,0x2121,0x1922,0x0881,0x0881,0x0881,0x08A1,0x08A1,0x10A1,0x10A2,
  0x1082,0x1082,0x0881,0x1062,0x0861,0x0861,0x0861,0x0861,0x1061,0x0861,0x0841,0x0040,0x10E2,0x10E2,0x1943,0x10A2,
  0x0881,0x1081,0x10A2,0x10A1,0x08A1,0x0882,0x0882,0x1102,0x1143,0x19A4,0x20A7,0x28EA,0x198B,0x118A,0x1909,0x422C,
  0x528D,0x526D,0x4A6D,0x4A4C,0x39EC,0x31CC,0x31AB,0x210A,0x18A9,0x0867,0x0848,0x18E8,0x10C9,0x2128,0x1884,0x3126,
  0x28E6,0x20E8,0x2108,0x2929,0x18A8,0x10A8,0x18E8,0x18E9,0x18C9,0x18E7,0x2109,0x2928,0x2928,0x2128,0x29CA,0x1A4B,
  0x10C8,0x1929,0x10E9,0x210A,0x20EA,0x2929,0x19CD,0x198C,0x3189,0x3189,0x1949,0x090A,0x18C7,0x49E7,0x2906,0x28E5,
  0x18C8,0x2988,0x32CA,0x3ACA,0x2A8B,0x31E9,0x0868,0x0867,0x10C9,0x08A8,0x10A8,0x10A8,0x10E9,0x088A,0x0868,0x0027,
  0x0048,0x0068,0x21EA,0x28C6,0x3066,0x20E7,0x1148,0x0908,0x1908,0x3148,0x1886,0x0006,0x1088,0x1889,0x1888,0x0868,
  0x0000,0x0000,0x0000,0x0000,0x0020,0x0000,0x0060,0x0040,0x1040,0x3103,0x0080,0x00E0,0x00E0,0x00C0,0x1102,0x19A4,
  0x1963,0x1963,0x1183,0x08C2,0x1983,0x1984,0x1984,0x1984,0x1984,0x1984,0x1984,0x1984,0x1984,0x1984,0x1984,0x1983,
  0x1983,0x1983,0x1983,0x1983,0x1983,0x1983,0x1963,0x1963,0x1963,0x10A2,0x10A2,0x2964,0x2985,0x31C5,0x29A5,0x2985,
  0x2985,0x10A2,0x0000,0x0000,0x0841,0x0000,0x0000,0x0000,0x0020,0x0000,0x0841,0x0821,0x08A2,0x10E2,0x1964,0x0862,
  0x1041,0x2081,0x30C2,0x1861,0x0823,0x0823,0x0001,0x1082,0x1904,0x1123,0x1904,0x28C8,0x28CA,0x118B,0x1109,0x41EC,
  0x526D,0x526D,0x526C,0x4A2C,0x4A4D,0x4A6C,0x41EB,0x41EC,0x20E9,0x0006,0x0847,0x2969,0x08A9,0x10C8,0x10E8,0x1928,
  0x18A7,0x18C7,0x20E8,0x2908,0x10C8,0x08E9,0x1169,0x10C8,0x18C8,0x2948,0x10E8,0x08A9,0x10C9,0x1087,0x10E8,0x1929,
  0x210A,0x2109,0x18A9,0x20C9,0x20A9,0x28A8,0x192B,0x090B,0x0868,0x10C8,0x0088,0x090A,0x1087,0x3127,0x3147,0x2926,
  0x18C9,0x18E8,0x2169,0x29AA,0x2149,0x2149,0x0047,0x0867,0x08C9,0x1949,0x08A8,0x10A8,0x0888,0x0889,0x0847,0x0866,
  0x1908,0x1908,0x4AE8,0x32C9,0x1907,0x20C8,0x18E8,0x18C8,0x18C7,0x18A7,0x0825,0x0005,0x10A8,0x1068,0x10A8,0x0888,
  0x0020,0x0000,0x0000,0x0000,0x0060,0x0040,0x00C0,0x0060,0x1881,0x3102,0x0060,0x08E1,0x00C1,0x08A1,0x21C5,0x1163,
  0x1163,0x1163,0x1183,0x08C2,0x1983,0x1984,0x1984,0x1984,0x19A4,0x1984,0x19A4,0x19A4,0x19A4,0x19A4,0x1984,0x1984,
  0x1984,0x1984,0x1984,0x1983,0x1983,0x1983,0x1983,0x1963,0x1983,0x1102,0x31E6,0x1142,0x1182,0x1161,0x1182,0x0982,
  0x2225,0x31C6,0x0881,0x532A,0x6B2C,0x39A7,0x0861,0x62CA,0x41E7,0x4228,0x0020,0x0000,0x0881,0x1103,0x1984,0x28E5,
  0x2882,0x2880,0x2861,0x4944,0x1046,0x0867,0x0844,0x0843,0x20E6,0x0883,0x1123,0x10E4,0x310A,0x28EB,0x1929,0x420C,
  0x526C,0x4A4C,0x4A2C,0x4A2D,0x4A2C,0x422C,0x41EC,0x39EC,0x2109,0x0027,0x0868,0x10C7,0x10C8,0x1109,0x1129,0x11AB,
  0x0047,0x1886,0x20C6,0x28E8,0x10C8,0x0908,0x1189,0x10E9,0x1929,0x2149,0x10E9,0x0889,0x08A9,0x0847,0x1088,0x1088,
  0x10C9,0x18A8,0x0888,0x1089,0x18CA,0x20C9,0x19AC,0x090B,0x18E9,0x18E9,0x0888,0x10E9,0x0048,0x0848,0x10CB,0x18E9,
  0x420A,0x20E8,0x1088,0x2108,0x1908,0x1908,0x0868,0x0867,0x0868,0x10C8,0x2169,0x1908,0x10A8,0x0868,0x0827,0x0888,
  0x10C9,0x0888,0x3187,0x2949,0x10C8,0x1908,0x1928,0x1929,0x18E8,0x10A8,0x0005,0x0005,0x10C8,0x10C8,0x10C8,0x0888,
  0x00C1,0x00C0,0x00C0,0x00A0,0x00C0,0x00C0,0x00E0,0x00C0,0x1881,0x28C2,0x0080,0x08C2,0x10E2,0x18E3,0x2A26,0x1163,
  0x1163,0x1143,0x1163,0x08C2,0x1983,0x1983,0x1983,0x1984,0x19A4,0x1984,0x19A4,0x19A4,0x19A4,0x19A4,0x19A4,0x19A4,
  0x1984,0x1984,0x19A4,0x1984,0x1984,0x1984,0x19A4,0x1984,0x1983,0x1123,0x3A26,0x11C2,0x22C5,0x12A4,0x1283,0x2385,
  0x22E5,0x3206,0x29C5,0x39C6,0x2925,0x62EC,0x5289,0x6B0B,0x3144,0x630B,0x2103,0x20C4,0x10A2,0x1903,0x19A3,0x10A5,
  0x28A1,0x30C2,0x61E6,0x59A6,0x08A8,0x10CA,0x0888,0x0847,0x2105,0x0843,0x10E3,0x1943,0x1905,0x310B,0x20A9,0x39EB,
  0x4A2C,0x422C,0x526D,0x4A4D,0x420C,0x420C,0x420C,0x41EC,0x2109,0x0047,0x0847,0x2148,0x1088,0x10A9,0x114A,0x114B,
  0x0868,0x0847,0x0006,0x0026,0x0888,0x0909,0x118A,0x08A9,0x00A9,0x0888,0x0888,0x0889,0x08A9,0x0827,0x1088,0x18C9,
  0x10E8,0x18C8,0x10A8,0x18A9,0x188A,0x18AA,0x112C,0x090B,0x0868,0x0088,0x0088,0x08E9,0x0029,0x0049,0x112C,0x10E9,
  0x6AEB,0x20E7,0x18C8,0x20E8,0x10A8,0x18E8,0x2109,0x39A8,0x10E9,0x10A8,0x10A8,0x18E8,0x10A9,0x10A9,0x0888,0x10A8,
  0x18C8,0x0887,0x2948,0x1108,0x10E9,0x1909,0x2108,0x2108,0x10C8,0x0027,0x0006,0x0005,0x10A8,0x0888,0x08A8,0x08A8,
  0x00E1,0x00E1,0x00E0,0x00E0,0x00C0,0x00C1,0x08E1,0x10C2,0x1020,0x28A1,0x10C2,0x18E4,0x2104,0x1102,0x19C4,0x1183,
  0x1943,0x1163,0x1163,0x08C2,0x1983,0x1963,0x1963,0x1984,0x1984,0x1984,0x1984,0x19A4,0x19A4,0x19A4,0x19A4,0x19A4,
  0x19A4,0x1984,0x1984,0x1984,0x1984,0x1984,0x1984,0x1984,0x1983,0x1123,0x3A46,0x1203,0x1AA3,0x1263,0x0A42,0x12C4,
  0x2285,0x3206,0x1943,0x630B,0x39A6,0x5AAA,0x39A7,0x5249,0x62AB,0x4A28,0x2104,0x2905,0x10A2,0x1903,0x1163,0x10A5,
  0x1062,0x5985,0xB34A,0x92CA,0x18C9,0x10C9,0x0887,0x0866,0x2105,0x0000,0x0865,0x1124,0x1943,0x10C5,0x310A,0x314B,
  0x422D,0x422D,0x526D,0x420C,0x420C,0x41EC,0x39CB,0x39CC,0x212A,0x10AA,0x0888,0x1088,0x1068,0x10A9,0x08A9,0x10CA,
  0x0027,0x0027,0x0027,0x0027,0x0888,0x116A,0x11A9,0x08A9,0x08E9,0x112A,0x1109,0x1949,0x08C9,0x10A9,0x10A9,0x10A9,
  0x10A8,0x08C8,0x0888,0x0848,0x18AA,0x18AB,0x114C,0x08EA,0x1908,0x0868,0x0068,0x10EA,0x104A,0x108A,0x092C,0x10A9,
  0x62CB,0x31E9,0x218A,0x3A4B,0x116B,0x3A8C,0x2989,0x49C8,0x0888,0x18C9,0x18C9,0x10A8,0x0887,0x0888,0x0005,0x08A8,
  0x21EE,0x08A9,0x08A7,0x18E9,0x08A8,0x10C8,0x10A8,0x10C8,0x10A8,0x0027,0x0806,0x0806,0x0005,0x0027,0x0006,0x0806,
  0x00E0,0x00E1,0x00E1,0x00E0,0x08C1,0x1103,0x20E4,0x2104,0x1861,0x30E2,0x0040,0x18E4,0x20C4,0x2184,0x1183,0x1983,
  0x1943,0x1963,0x1943,0x08C1,0x1983,0x1983,0x1983,0x1984,0x1984,0x1984,0x1984,0x1984,0x1984,0x1984,0x1984,0x1984,
  0x1984,0x1984,0x1984,0x19A4,0x19A4,0x19A3,0x19A3,0x19A3,0x1983,0x1923,0x3206,0x1203,0x1AE4,0x1283,0x12A3,0x1AC4,
  0x1A44,0x31C5,0x08A1,0x4247,0x39A6,0x2944,0x3165,0x2945,0x3165,0x2944,0x2104,0x2926,0x10A2,0x10E2,0x1123,0x10A3,
  0x0823,0x7A68,0x61A4,0x59C7,0x08C8,0x10CA,0x0886,0x1084,0x6ACF,0x0843,0x0001,0x10A6,0x1103,0x1944,0x18C6,0x390B,
  0x396B,0x39EC,0x39CB,0x39CB,0x39EB,0x422B,0x41EB,0x296B,0x1088,0x10AA,0x10AA,0x10CB,0x10EB,0x088A,0x0869,0x0048,
  0x0048,0x086A,0x08AA,0x0069,0x0889,0x0929,0x11CA,0x088A,0x08A9,0x08A9,0x08A9,0x0088,0x0868,0x0847,0x0867,0x10A8,
  0x08C9,0x08C9,0x10A9,0x0868,0x0868,0x1089,0x112C,0x08EA,0x1088,0x1088,0x0887,0x110A,0x0848,0x0869,0x0029,0x0846,
  0x62AA,0x3209,0x326A,0x328A,0x3A8B,0x328A,0x4229,0x41C8,0x18A8,0x2129,0x10CA,0x31AB,0x10EA,0x0889,0x0005,0x0867,
  0x114C,0x0868,0x0888,0x1089,0x1089,0x10C8,0x10C8,0x18E9,0x10C9,0x0006,0x0006,0x0006,0x0006,0x0868,0x0026,0x0026,
  0x08E2,0x10E2,0x10E3,0x08A2,0x1083,0x0881,0x18E3,0x10A2,0x0820,0x1081,0x0061,0x10A3,0x0862,0x29C5,0x1162,0x1163,
  0x1163,0x1983,0x1143,0x08C2,0x1984,0x1984,0x1984,0x1984,0x1984,0x1984,0x1984,0x1984,0x1984,0x1984,0x1984,0x1984,
  0x1984,0x1984,0x1984,0x1984,0x19A4,0x19A3,0x19A3,0x19A3,0x19A3,0x1102,0x3226,0x32C6,0x3327,0x3347,0x3328,0x32C7,
  0x4329,0x29A5,0x08C1,0x5B4A,0x41A7,0x18A2,0x18C3,0x18C3,0x3987,0x41E8,0x1083,0x20A4,0x1082,0x10C2,0x08A4,0x1066,
  0x0804,0x38C4,0x7A89,0x0003,0x0867,0x0887,0x0001,0x1083,0x626E,0x20E6,0x0000,0x0021,0x0862,0x1122,0x1964,0x2107,
  0x310A,0x4A0A,0x4A28,0x4A48,0x4A48,0x4A48,0x4A28,0x18C9,0x190B,0x088A,0x10AB,0x08AB,0x10AA,0x108A,0x108A,0x088A,
  0x088A,0x088A,0x088A,0x10AA,0x10AA,0x0929,0x11C9,0x10EA,0x194A,0x112A,0x08C9,0x08C9,0x08A9,0x10AA,0x1089,0x0889,
  0x108A,0x088A,0x0869,0x0847,0x0047,0x0027,0x112A,0x08EB,0x18E9,0x10A9,0x0048,0x10EA,0x0847,0x0848,0x0027,0x1067,
  0x62A9,0x51E8,0x6249,0x49E9,0x6249,0x5A08,0x6249,0x41A8,0x0888,0x0068,0x1929,0x1909,0x1929,0x10A9,0x0867,0x0868,
  0x0868,0x0868,0x0848,0x0048,0x0048,0x0867,0x0868,0x0888,0x1068,0x0006,0x0868,0x0868,0x0868,0x0047,0x0867,0x0868,
  0x0861,0x0000,0x0841,0x18A3,0x0861,0x0020,0x0040,0x0020,0x0000,0x0000,0x0040,0x0841,0x0841,0x21E5,0x1142,0x1142,
  0x1162,0x1983,0x1143,0x08E2,0x1983,0x1983,0x1983,0x1983,0x1983,0x1983,0x1983,0x1983,0x1983,0x1983,0x1983,0x1983,
  0x1983,0x1983,0x1983,0x1983,0x1983,0x1983,0x1983,0x1983,0x19A3,0x08A2,0x2184,0x2204,0x2225,0x2245,0x2A05,0x21C4,
  0x2205,0x1963,0x08E1,0x3A47,0x3144,0x41A6,0x4186,0x3945,0x2904,0x39C7,0x0841,0x2905,0x18C3,0x0843,0x1068,0x1888,
  0x0847,0x0004,0x41E8,0x0825,0x1087,0x0042,0x10E2,0x18E3,0x3989,0x2946,0x10C2,0x10E2,0x10E2,0x1963,0x1122,0x1964,
  0x08C3,0x1945,0x39C7,0x52A9,0x4A67,0x5248,0x4228,0x10A9,0x10CA,0x10AA,0x110B,0x110C,0x10AA,0x10CB,0x108B,0x192C,
  0x192D,0x192D,0x192C,0x110C,0x08AA,0x0949,0x1A0A,0x090A,0x112A,0x112A,0x10E9,0x1109,0x08A9,0x0869,0x0868,0x0868,
  0x0848,0x0048,0x0069,0x0869,0x088A,0x10AA,0x112B,0x08EB,0x212A,0x1929,0x08C9,0x10C9,0x0848,0x0027,0x0848,0x0846,
  0x6ACA,0x5249,0x6248,0x5208,0x6229,0x5228,0x6268,0x49C8,0x18A8,0x3948,0x4988,0x4148,0x28C8,0x1089,0x0848,0x0828,
  0x0828,0x0049,0x0869,0x0889,0x086A,0x0869,0x0848,0x0047,0x0868,0x0889,0x0868,0x0848,0x0847,0x0026,0x0868,0x0027,
  0x18C3,0x10A3,0x10A3,0x0862,0x0080,0x0080,0x0040,0x0060,0x0060,0x0020,0x0060,0x0060,0x1903,0x2A25,0x19C4,0x21C4,
  0x21E4,0x21E4,0x1143,0x1143,0x21E4,0x21E4,0x21E4,0x21E4,0x21E4,0x19E4,0x19E4,0x19E4,0x19E4,0x21E4,0x19E4,0x19E4,
  0x19E4,0x19E4,0x19E4,0x19E4,0x19E4,0x19E4,0x19E4,0x21E4,0x21E4,0x1923,0x4328,0x3B28,0x3B47,0x3B47,0x42A7,0x3B08,
  0x42E7,0x42E8,0x0881,0x31A5,0x20A2,0x3124,0x3144,0x2904,0x20C3,0x3986,0x0020,0x28E4,0x1082,0x18A8,0x1048,0x0824,
  0x1067,0x1047,0x18A4,0x0826,0x0845,0x0864,0x1983,0x1963,0x10C4,0x4A0A,0x1964,0x19C4,0x19C4,0x19A3,0x21A4,0x1102,
  0x1983,0x2A05,0x3246,0x31E6,0x3A07,0x4A69,0x4A28,0x10EA,0x194C,0x192C,0x190B,0x10CA,0x18CB,0x10EC,0x10EB,0x10CB,
  0x088A,0x088A,0x0889,0x10CB,0x10EB,0x19CC,0x19EC,0x08EA,0x08A9,0x0889,0x0889,0x0889,0x0889,0x088A,0x088A,0x086A,
  0x0889,0x0889,0x088A,0x0848,0x088A,0x088A,0x112B,0x08EA,0x0888,0x1908,0x0888,0x112A,0x0848,0x0847,0x1089,0x1088,
  0x6ACA,0x5A29,0x6228,0x51E8,0x6228,0x5A28,0x6289,0x51E8,0x3908,0x4147,0x30E6,0x1867,0x1889,0x088A,0x088A,0x088A,
  0x088A,0x086A,0x0028,0x0027,0x0007,0x0006,0x0006,0x0005,0x0005,0x0005,0x0005,0x0005,0x0006,0x0006,0x0006,0x0006,
  0x0882,0x10A2,0x0020,0x00C0,0x00E0,0x00E1,0x00E0,0x00E0,0x00C0,0x10E2,0x08C1,0x08A1,0x2184,0x19A3,0x1142,0x1142,
  0x1163,0x1163,0x08E3,0x1142,0x1963,0x1962,0x1962,0x1963,0x1963,0x1983,0x1983,0x1983,0x1983,0x1983,0x1983,0x1983,
  0x1983,0x1983,0x1963,0x1983,0x1143,0x1924,0x1123,0x1944,0x1983,0x1923,0x2985,0x2164,0x2164,0x2985,0x2985,0x29A5,
  0x29A5,0x29A5,0x2965,0x18C3,0x18C3,0x20E3,0x2103,0x20E3,0x20E3,0x20C3,0x18C3,0x18A3,0x0842,0x1068,0x0847,0x0003,
  0x1067,0x1068,0x0825,0x1047,0x0847,0x0844,0x1102,0x1162,0x1122,0x10E2,0x1143,0x1142,0x1163,0x1163,0x1163,0x1102,
  0x1963,0x1963,0x1983,0x2204,0x2A45,0x29E5,0x31A7,0x10C9,0x190C,0x10AA,0x088A,0x108A,0x10AA,0x10AA,0x110C,0x19CF,
  0x196D,0x112C,0x112C,0x10AA,0x10AB,0x10AB,0x108A,0x10EB,0x10EB,0x10AA,0x0848,0x0868,0x0889,0x0889,0x0047,0x0006,
  0x0005,0x0047,0x0848,0x0868,0x088A,0x10AB,0x112B,0x110B,0x10C9,0x0889,0x0068,0x10EA,0x108A,0x108A,0x088A,0x1089,
  0x6ACA,0x5208,0x6228,0x51C8,0x6208,0x5A09,0x6A89,0x51E8,0x3928,0x4148,0x28C7,0x0868,0x0048,0x0869,0x086A,0x088A,
  0x088B,0x108A,0x108A,0x106A,0x086A,0x0028,0x0867,0x0868,0x0868,0x0048,0x0027,0x0027,0x086A,0x10AB,0x0028,0x0026,
  0x00E0,0x00C0,0x00C0,0x00E0,0x00E0,0x00E0,0x00C0,0x08C2,0x10E3,0x10C3,0x18E4,0x20E3,0x21E5,0x1163,0x1963,0x1983,
  0x1983,0x1983,0x08E3,0x1143,0x1983,0x1984,0x1983,0x1983,0x1983,0x1984,0x1984,0x1984,0x1984,0x1984,0x1983,0x1983,
  0x1983,0x1984,0x1984,0x1983,0x1123,0x10C3,0x10C3,0x10E3,0x19A4,0x10C2,0x0000,0x0000,0x0000,0x0000,0x0000,0x0000,
  0x0000,0x0000,0x0841,0x18C3,0x1983,0x19C4,0x1903,0x2144,0x2145,0x3126,0x3166,0x1882,0x1083,0x1068,0x0825,0x0023,
  0x1068,0x1068,0x0825,0x0827,0x1047,0x0845,0x10E3,0x1983,0x1963,0x1943,0x1123,0x1122,0x1943,0x1123,0x1142,0x1964,
  0x1162,0x1983,0x1984,0x1963,0x1983,0x19C3,0x2A46,0x2186,0x0887,0x10CB,0x192C,0x190C,0x190C,0x08CB,0x10AA,0x08AA,
  0x08AA,0x110C,0x116D,0x194D,0x192D,0x10AA,0x08AA,0x08CA,0x08CB,0x08AB,0x088A,0x088A,0x108A,0x088A,0x108A,0x108A,
  0x108A,0x108A,0x088A,0x086A,0x086A,0x088A,0x0848,0x08AA,0x0889,0x0889,0x0888,0x0889,0x108A,0x088A,0x0869,0x1068,
  0x6AAA,0x49C8,0x6208,0x49A8,0x6208,0x51E9,0x6269,0x51E8,0x3108,0x3948,0x28C7,0x0848,0x0848,0x0047,0x0027,0x0027,
  0x0028,0x108B,0x108B,0x088A,0x108A,0x086A,0x0869,0x0869,0x0869,0x0869,0x0889,0x0869,0x0869,0x0048,0x0048,0x0048,
  0x00E0,0x00E0,0x00E0,0x00E0,0x00C0,0x08E1,0x10E3,0x1103,0x10C3,0x18E4,0x18C3,0x2924,0x2A25,0x1162,0x1163,0x1983,
  0x1983,0x1983,0x0903,0x1143,0x1983,0x1983,0x1983,0x1983,0x1983,0x1983,0x1983,0x1983,0x1983,0x1983,0x1983,0x1983,
  0x1983,0x1183,0x1183,0x1983,0x1963,0x1963,0x1963,0x21A5,0x19A3,0x2144,0x0841,0x0000,0x0000,0x0000,0x0000,0x0000,
  0x0020,0x0020,0x1062,0x2925,0x2286,0x2B86,0x1984,0x2925,0x2105,0x2906,0x3166,0x20E4,0x0842,0x0847,0x0824,0x0003,
  0x1047,0x1069,0x0847,0x1067,0x0025,0x1086,0x10C4,0x1183,0x1163,0x1143,0x2985,0x2965,0x31A6,0x2965,0x1923,0x19A4,
  0x1162,0x1183,0x1183,0x1983,0x1983,0x1963,0x1163,0x19A4,0x2A66,0x10E8,0x10EB,0x10EA,0x10EC,0x112C,0x112B,0x110B,
  0x19AE,0x198E,0x196E,0x192D,0x08AB,0x108A,0x10EB,0x08AA,0x10AB,0x08AB,0x216D,0x112C,0x10AA,0x108A,0x10AB,0x10AB,
  0x108B,0x108A,0x108A,0x088A,0x10AA,0x08AA,0x088A,0x110C,0x112C,0x10CB,0x108A,0x108A,0x10AB,0x10AB,0x10AA,0x1089,
  0x6AAA,0x5229,0x6228,0x49C8,0x6208,0x5A09,0x6A89,0x51C8,0x3107,0x3928,0x28C7,0x0849,0x0869,0x0869,0x0869,0x086A,
  0x088A,0x10AB,0x088A,0x088A,0x108B,0x088B,0x108A,0x086A,0x0869,0x0048,0x0027,0x0028,0x0869,0x088A,0x0848,0x0006,
  0x00E0,0x00C0,0x00C1,0x08C1,0x10E2,0x10C2,0x10C3,0x18C4,0x2906,0x2906,0x2906,0x2904,0x2A25,0x1163,0x1143,0x1143,
  0x1143,0x1163,0x08E3,0x1943,0x19A4,0x19A4,0x1984,0x1984,0x19A4,0x1984,0x1984,0x1984,0x1984,0x1984,0x19A4,0x19A4,
  0x19A4,0x19A4,0x1184,0x19A3,0x19A4,0x1983,0x1984,0x1984,0x19A4,0x18E3,0x10A2,0x0881,0x10A2,0x0881,0x0000,0x0000,
  0x0000,0x0841,0x1062,0x2924,0x41E8,0x3166,0x2925,0x2925,0x20C3,0x3966,0x41C8,0x20E4,0x0022,0x18A9,0x0825,0x0003,
  0x1027,0x1048,0x1888,0x0025,0x18A9,0x18C8,0x0882,0x1984,0x1984,0x1984,0x1963,0x1964,0x1964,0x1964,0x1984,0x1984,
  0x1963,0x1984,0x1984,0x1983,0x1983,0x1983,0x1984,0x19A4,0x19E4,0x21E6,0x21CE,0x110B,0x08AA,0x10CB,0x110B,0x10EB,
  0x10EB,0x10AA,0x108A,0x10EB,0x198D,0x110B,0x198E,0x198E,0x110C,0x10AA,0x10AA,0x08AA,0x108A,0x088A,0x088B,0x10AB,
  0x10AA,0x0868,0x0869,0x0869,0x0869,0x088A,0x088A,0x088A,0x086A,0x088A,0x108A,0x10AA,0x10AB,0x10AB,0x10AA,0x1089,
  0x62CC,0x5A4A,0x6229,0x51E8,0x6228,0x5A09,0x6A89,0x51E8,0x3127,0x3928,0x28C7,0x086A,0x0869,0x0048,0x0869,0x088A,
  0x08CC,0x08EC,0x08EC,0x10CB,0x088A,0x088B,0x108B,0x088B,0x088B,0x088A,0x108A,0x088A,0x086A,0x08AB,0x088B,0x088A,
  0x08E1,0x08E1,0x10E2,0x10C2,0x10C3,0x20E4,0x2906,0x2906,0x2907,0x3107,0x28E6,0x18C3,0x2A25,0x1902,0x30E3,0x18C2,
  0x1163,0x1963,0x08C3,0x1122,0x1163,0x1963,0x1163,0x1163,0x1163,0x1163,0x1163,0x1163,0x1163,0x1163,0x1163,0x1163,
  0x1163,0x1163,0x1163,0x1163,0x1163,0x1163,0x1163,0x1163,0x1183,0x10C3,0x20E4,0x2924,0x2104,0x18C3,0x0000,0x0000,
  0x0020,0x0000,0x1882,0x20E3,0x18A3,0x18A3,0x18A3,0x18C3,0x18A2,0x2082,0x28E4,0x20C3,0x0001,0x1048,0x1067,0x0001,
  0x28C4,0x1067,0x1889,0x0846,0x1048,0x0022,0x1123,0x1163,0x1163,0x1163,0x1163,0x1163,0x1163,0x1163,0x1163,0x1963,
  0x1143,0x1163,0x1163,0x1163,0x1163,0x1963,0x1163,0x1143,0x2123,0x2124,0x10E7,0x1909,0x194B,0x196C,0x194C,0x21EF,
  0x19CE,0x21CF,0x114C,0x10EB,0x08CB,0x108A,0x08AA,0x10CB,0x08AA,0x10EB,0x110C,0x08AA,0x108A,0x216E,0x190D,0x08AB,
  0x10AA,0x10AA,0x108A,0x108A,0x088A,0x088A,0x110C,0x218E,0x196E,0x10CC,0x10CB,0x08CB,0x08AB,0x10AB,0x10AA,0x10A8,
  0x628A,0x51E9,0x6249,0x5A2A,0x624A,0x5A29,0x6269,0x49E8,0x3928,0x3948,0x20C8,0x110C,0x196E,0x196E,0x08CB,0x08CB,
  0x110C,0x110B,0x10EB,0x10EB,0x088A,0x108B,0x088B,0x108B,0x088A,0x108B,0x088A,0x108B,0x108A,0x0048,0x0048,0x0028,
  0x10E2,0x08E2,0x10C3,0x2105,0x20C5,0x28E6,0x28E6,0x28E7,0x2907,0x2907,0x2906,0x18C3,0x2A05,0x20E1,0x4882,0x2881,
  0x1963,0x1963,0x08E3,0x1143,0x1983,0x1984,0x1984,0x1984,0x1984,0x1984,0x1984,0x1984,0x1984,0x1984,0x1984,0x1984,
  0x1984,0x1984,0x1984,0x1983,0x1984,0x1983,0x1983,0x1963,0x1983,0x10C2,0x18A3,0x1062,0x0841,0x0020,0x0000,0x0000,
  0x0821,0x0000,0x1082,0x20E4,0x18E4,0x18E3,0x20E4,0x2925,0x2925,0x28C4,0x20C4,0x18A3,0x0000,0x0825,0x1889,0x524A,
  0x730D,0x1883,0x0003,0x0023,0x0002,0x08A1,0x1963,0x1983,0x1983,0x1983,0x1983,0x1983,0x1983,0x1963,0x1963,0x1103,
  0x1143,0x1963,0x1983,0x1983,0x1983,0x1984,0x1983,0x1143,0x5103,0x8A86,0x20A3,0x30C4,0x20A5,0x20A5,0x20A5,0x18A5,
  0x18E8,0x1909,0x21AD,0x114D,0x198E,0x112C,0x10EB,0x10AA,0x108A,0x10CB,0x110D,0x198F,0x194D,0x088A,0x088A,0x108A,
  0x108A,0x088A,0x10AB,0x10AB,0x108A,0x108A,0x0869,0x0869,0x0869,0x088A,0x110C,0x10EC,0x10CB,0x088A,0x108A,0x1068,
  0x626A,0x49C9,0x624A,0x51C9,0x6249,0x51E9,0x624A,0x49A8,0x3949,0x418A,0x39CC,0x21AE,0x10AB,0x088A,0x088B,0x108A,
  0x108A,0x108A,0x108A,0x10AA,0x108A,0x08AA,0x108A,0x10EC,0x112D,0x110C,0x088A,0x108B,0x108A,0x108B,0x108B,0x108B,
  0x10E3,0x10C2,0x10C3,0x20E5,0x2906,0x28E7,0x28E7,0x28E7,0x2907,0x28E6,0x20E6,0x20C4,0x21C4,0x1143,0x1963,0x1963,
  0x1963,0x1983,0x08E3,0x1123,0x1983,0x1984,0x1984,0x19A4,0x19A4,0x19A4,0x19A4,0x1984,0x1984,0x1984,0x1984,0x1984,
  0x1984,0x1984,0x1984,0x1984,0x1984,0x1984,0x1984,0x1964,0x1983,0x08A2,0x1062,0x0000,0x0000,0x0000,0x0000,0x0000,
  0x0020,0x0000,0x1062,0x2124,0x2144,0x2164,0x18E3,0x2105,0x2926,0x20E3,0x10A3,0x20A3,0x0820,0x18A4,0x0824,0x5A4A,
  0x83F2,0x20E3,0x0022,0x0043,0x10E6,0x10E2,0x1963,0x1983,0x1983,0x1983,0x1983,0x1983,0x1163,0x1122,0x1102,0x08A1,
  0x1142,0x1142,0x1162,0x1163,0x1983,0x1983,0x1984,0x1923,0x5902,0x8A66,0x20A3,0x28C4,0x28C4,0x28C4,0x28C4,0x28C4,
  0x28C4,0x28C4,0x20A5,0x1909,0x194C,0x192C,0x10EB,0x10CB,0x108A,0x10AA,0x108A,0x10CB,0x10CB,0x192C,0x10CB,0x190C,
  0x10AB,0x10EC,0x088A,0x108A,0x10AA,0x108A,0x10EB,0x196E,0x112C,0x112D,0x08CB,0x08AA,0x0869,0x0889,0x0869,0x314A,
  0x5229,0x5A4A,0x5A4A,0x5A49,0x5A4A,0x5A29,0x5208,0x5208,0x3107,0x3928,0x3928,0x1089,0x108B,0x108B,0x10AA,0x10AA,
  0x10CB,0x08CA,0x08CA,0x108A,0x108A,0x108A,0x10AA,0x08AA,0x08CB,0x08CB,0x08AA,0x10AB,0x108A,0x108B,0x10AB,0x108B,
  0x10A2,0x2926,0x2906,0x2906,0x2907,0x28E6,0x3107,0x3968,0x28E7,0x28E6,0x28E6,0x20A4,0x29C5,0x1162,0x1963,0x1963,
  0x1963,0x1163,0x08E3,0x1103,0x1963,0x1983,0x1984,0x1984,0x1984,0x19A4,0x19A4,0x1984,0x1984,0x1984,0x1984,0x1984,
  0x1984,0x1984,0x1984,0x1984,0x1984,0x1983,0x1983,0x1983,0x19A3,0x10A2,0x1082,0x0000,0x0000,0x0000,0x0000,0x0000,
  0x0000,0x0000,0x1061,0x2905,0x3146,0x2905,0x2905,0x20C4,0x2147,0x3904,0x18C3,0x20A2,0x1061,0x6208,0x61C7,0x9AC9,
  0x5208,0x2105,0x0885,0x0864,0x21AA,0x1905,0x1963,0x1983,0x1983,0x1183,0x1963,0x1122,0x21C4,0x2205,0x2A26,0x2A26,
  0x2A25,0x2205,0x2225,0x2204,0x1183,0x1983,0x1983,0x1903,0x2904,0x2903,0x3924,0x3904,0x3904,0x3904,0x3904,0x30E4,
  0x30C4,0x28C4,0x28C4,0x28C4,0x20A4,0x18E7,0x21AD,0x2210,0x198F,0x08CB,0x10EB,0x192C,0x088A,0x088A,0x108A,0x088A,
  0x088A,0x10EB,0x192C,0x10EC,0x08AA,0x086A,0x0869,0x108A,0x10AB,0x192D,0x10EC,0x196D,0x198E,0x198E,0x218E,0x296B,
  0x5A2B,0x522A,0x524A,0x49A8,0x4168,0x5209,0x5A4A,0x49A8,0x30E7,0x28E8,0x30E8,0x1089,0x108A,0x108A,0x108A,0x10AA,
  0x10EB,0x10EB,0x110C,0x08AB,0x196D,0x194D,0x08AA,0x10AA,0x10AA,0x108A,0x108A,0x108A,0x108A,0x108A,0x108A,0x108A,
  0x20E5,0x3107,0x2906,0x2907,0x28E7,0x3968,0x3968,0x20C6,0x20C6,0x28E6,0x28E6,0x1884,0x2164,0x1163,0x1963,0x1963,
  0x1983,0x1983,0x0903,0x08C2,0x1142,0x1942,0x1963,0x1984,0x1984,0x1984,0x1984,0x1984,0x1984,0x1984,0x1984,0x1984,
  0x1984,0x1984,0x1984,0x1984,0x1984,0x1983,0x1983,0x1983,0x19A3,0x10A2,0x0841,0x1062,0x1062,0x0020,0x0021,0x0021,
  0x0021,0x0821,0x1062,0x20C3,0x18C4,0x1883,0x18A3,0x1082,0x18C4,0x1862,0x1882,0x2082,0x1061,0x1081,0x20A2,0x4144,
  0x1084,0x29CA,0x08A5,0x0865,0x21AA,0x29AA,0x1123,0x1983,0x1183,0x1963,0x1943,0x21E5,0x1122,0x08A1,0x0040,0x0040,
  0x0040,0x0040,0x08A1,0x1163,0x21E4,0x1183,0x1163,0x1904,0x71A3,0x4984,0x4124,0x4144,0x4144,0x4144,0x4144,0x4145,
  0x3925,0x3904,0x28C4,0x28C4,0x28C4,0x28C4,0x28C6,0x2107,0x21AC,0x198C,0x196C,0x198D,0x21CE,0x19CE,0x198D,0x19AE,
  0x198E,0x10EA,0x0889,0x10CA,0x112C,0x198E,0x21AF,0x112D,0x190C,0x088A,0x08AA,0x10CB,0x0869,0x0889,0x088A,0x10AA,
  0x212B,0x4A0B,0x6269,0x4188,0x4168,0x626A,0x520A,0x41CA,0x292A,0x190A,0x112B,0x114D,0x110C,0x10EB,0x10EB,0x10CB,
  0x0869,0x088A,0x088A,0x088A,0x088A,0x110B,0x192C,0x194C,0x10EB,0x088A,0x110C,0x088A,0x108A,0x192C,0x194D,0x194D,
  0x28E7,0x3107,0x2907,0x2907,0x3127,0x4189,0x3948,0x28E6,0x20E6,0x28E6,0x28E6,0x28C6,0x1943,0x19A3,0x1183,0x1163,
  0x1183,0x1183,0x0923,0x08E2,0x1163,0x1143,0x1142,0x1122,0x1122,0x1142,0x1163,0x1183,0x1983,0x1963,0x1163,0x1163,
  0x1183,0x1183,0x1183,0x1183,0x1163,0x1183,0x1183,0x1183,0x19A3,0x10A2,0x1863,0x0822,0x0842,0x0842,0x1863,0x1884,
  0x1884,0x1884,0x1884,0x1063,0x1063,0x1883,0x1883,0x1883,0x1062,0x0841,0x1062,0x18A3,0x0881,0x10C2,0x0081,0x0042,
  0x1908,0x29EB,0x218A,0x0044,0x1949,0x2A0B,0x10E3,0x1163,0x1163,0x1102,0x1984,0x0060,0x0000,0x0000,0x0021,0x0821,
  0x0821,0x0000,0x0000,0x0000,0x10E2,0x21C4,0x1143,0x10C2,0x3145,0x2904,0x4145,0x3945,0x3945,0x3945,0x4145,0x3945,
  0x3944,0x4124,0x4124,0x3924,0x3904,0x3104,0x28C4,0x28C4,0x20A4,0x20A4,0x20A5,0x20A5,0x18C7,0x18C8,0x18A7,0x10A7,
  0x198C,0x196B,0x21CE,0x196D,0x10AA,0x088A,0x088A,0x10AA,0x08AA,0x110B,0x194D,0x194D,0x10EB,0x10AA,0x192C,0x196D,
  0x21CF,0x422C,0x524A,0x49C9,0x49A9,0x5A6A,0x5A4A,0x3128,0x316C,0x21AE,0x19EF,0x19EF,0x090B,0x21EE,0x114D,0x194D,
  0x21CF,0x21F0,0x198E,0x19AE,0x19AE,0x110C,0x086A,0x088A,0x10AA,0x10AA,0x10AA,0x088A,0x088A,0x08AA,0x08AA,0x10AA,
  0x3107,0x28E7,0x2906,0x3127,0x28E6,0x3148,0x28E6,0x3128,0x28E7,0x20C6,0x20C5,0x1884,0x10E2,0x21C4,0x21A4,0x21A4,
  0x19A3,0x19A3,0x1183,0x1122,0x2205,0x21E4,0x21C4,0x21E4,0x21E4,0x2204,0x2204,0x2204,0x2204,0x29E4,0x2A05,0x2205,
  0x2205,0x2205,0x2205,0x2205,0x2205,0x2205,0x2205,0x2205,0x2225,0x10C3,0x2926,0x2906,0x2906,0x2926,0x2906,0x2906,
  0x2906,0x2926,0x2906,0x2906,0x2906,0x2906,0x2906,0x2906,0x2926,0x20E5,0x20E5,0x20E5,0x0882,0x10E2,0x08E2,0x0062,
  0x10C7,0x29CB,0x21CA,0x0043,0x10E7,0x29EB,0x1926,0x21C4,0x19A4,0x1143,0x0060,0x0000,0x0821,0x0841,0x0000,0x0000,
  0x0000,0x0021,0x0842,0x0000,0x0000,0x1122,0x1983,0x1123,0x08C2,0x20E3,0x3124,0x3944,0x3945,0x3944,0x3945,0x4144,
  0x3944,0x4124,0x4144,0x4145,0x4144,0x4144,0x3924,0x3925,0x3904,0x3904,0x3104,0x28C4,0x28C4,0x28C5,0x28C4,0x28C4,
  0x20A4,0x20A5,0x18A6,0x112A,0x2230,0x116D,0x116D,0x08A9,0x0889,0x0889,0x088A,0x08AA,0x08AA,0x08AA,0x08AB,0x08AA,
  0x08A9,0x318A,0x522A,0x522A,0x522B,0x522B,0x49EA,0x4A0A,0x41CB,0x198E,0x198E,0x112C,0x08EA,0x08AA,0x08AA,0x08AA,
  0x08CB,0x10CB,0x110C,0x112C,0x112C,0x196D,0x21AF,0x110C,0x08AA,0x10AA,0x10AA,0x08AA,0x088A,0x088A,0x08AA,0x108B,
  0x3107,0x2907,0x3127,0x2927,0x28E6,0x2927,0x2907,0x3128,0x28E7,0x28E6,0x20C5,0x62AD,0x3166,0x0923,0x1143,0x1143,
  0x1123,0x1143,0x1143,0x08A2,0x1922,0x1102,0x1122,0x1143,0x1142,0x1142,0x1122,0x1122,0x1142,0x1162,0x1163,0x1163,
  0x1163,0x1163,0x1163,0x1163,0x1163,0x1163,0x1163,0x1163,0x1163,0x10A3,0x18A3,0x1884,0x1883,0x1883,0x10A3,0x1083,
  0x1083,0x1883,0x1083,0x1083,0x1083,0x1083,0x18A4,0x1883,0x18A4,0x1883,0x1884,0x1083,0x10A2,0x10C2,0x08E2,0x0082,
  0x08A6,0x218A,0x29CA,0x0042,0x0864,0x1989,0x29A9,0x1122,0x1122,0x1102,0x0000,0x0862,0x0000,0x0000,0x1082,0x18C4,
  0x18C4,0x0841,0x0000,0x0821,0x0000,0x0040,0x19A4,0x2104,0x62CD,0x8C12,0x5A8A,0x4985,0x4965,0x4985,0x4164,0x4144,
  0x4144,0x4144,0x4145,0x4145,0x4145,0x4124,0x4124,0x4144,0x4144,0x4144,0x4144,0x4145,0x3924,0x3924,0x3925,0x30E4,
  0x28C4,0x28C4,0x28C4,0x20C5,0x18E7,0x1109,0x19CD,0x19CE,0x21CE,0x21CE,0x21CF,0x2231,0x2251,0x2230,0x2210,0x19EF,
  0x112C,0x194C,0x31EC,0x522B,0x5A2B,0x5A6B,0x628B,0x2949,0x2109,0x10CA,0x08EA,0x196D,0x198E,0x19EF,0x21EF,0x198E,
  0x10CB,0x110B,0x088A,0x088A,0x088A,0x088A,0x088A,0x088A,0x110C,0x110C,0x110C,0x196D,0x2210,0x2230,0x2210,0x088B,
  0x28E7,0x3107,0x28E7,0x3127,0x3948,0x28E7,0x28E6,0x20C6,0x28E6,0x20C6,0x20C5,0x520C,0x41AA,0x00A2,0x1143,0x1142,
  0x1142,0x1122,0x1123,0x0061,0x18E1,0x1101,0x0923,0x0922,0x0923,0x1143,0x0902,0x0923,0x1163,0x1142,0x1163,0x1163,
  0x1183,0x1163,0x1963,0x1163,0x1963,0x1183,0x1142,0x1922,0x10E2,0x0882,0x2104,0x2104,0x2105,0x2104,0x2104,0x20E4,
  0x20E4,0x20E4,0x20E4,0x2104,0x2104,0x20E4,0x20E4,0x20E4,0x20E4,0x20E4,0x20E4,0x18C4,0x0881,0x0861,0x08E2,0x00E2,
  0x0885,0x194A,0x29EB,0x0062,0x0023,0x10C7,0x2189,0x10E2,0x2102,0x0860,0x0021,0x0021,0x0020,0x20E5,0x1884,0x1864,
  0x1884,0x20C5,0x1063,0x0000,0x0021,0x0000,0x1143,0x2125,0x3988,0x3147,0x3145,0x59C5,0x51C5,0x51A5,0x51A5,0x51A6,
  0x51A6,0x4985,0x4144,0x4124,0x4145,0x3924,0x4124,0x4144,0x4145,0x4145,0x4145,0x4144,0x4144,0x4145,0x4145,0x4125,
  0x4145,0x3924,0x30C4,0x28C4,0x28C4,0x28A4,0x1884,0x1885,0x2085,0x2085,0x2085,0x18C7,0x10C8,0x10C8,0x10C8,0x10C8,
  0x18E8,0x18E8,0x18E8,0x39AB,0x4A4C,0x426D,0x422E,0x2A0F,0x08CA,0x10CA,0x088A,0x108A,0x088A,0x10CB,0x08EB,0x192C,
  0x10EA,0x19CE,0x198E,0x21AE,0x218E,0x10AA,0x108A,0x108A,0x108A,0x10AA,0x10AA,0x088A,0x08AB,0x196E,0x19CF,0x218E,
  0x3128,0x3128,0x3128,0x28E6,0x28E6,0x28E7,0x3127,0x20C6,0x20A5,0x20C6,0x18A5,0x41A9,0x3148,0x0061,0x08C2,0x10E2,
  0x20E2,0x20E1,0x18E1,0x0041,0x10A1,0x18E2,0x10E3,0x08A2,0x0082,0x0082,0x0082,0x0082,0x00A2,0x00A2,0x0082,0x08A2,
  0x08C2,0x10E2,0x08A2,0x08C2,0x10C2,0x08C3,0x0882,0x10A1,0x10A1,0x0041,0x0041,0x0061,0x0861,0x0861,0x0861,0x0861,
  0x0861,0x0861,0x0061,0x0061,0x0061,0x0061,0x0061,0x0061,0x0861,0x0041,0x0041,0x0041,0x0882,0x1081,0x0081,0x00A2,
  0x0043,0x1929,0x21CA,0x0863,0x08A6,0x10C7,0x0843,0x18A1,0x20E2,0x0000,0x0821,0x0000,0x2926,0x1864,0x3968,0x49EA,
  0x49CA,0x20C6,0x2907,0x0821,0x0021,0x0020,0x10E2,0x1904,0x4189,0x520B,0x3965,0x61E6,0x61E6,0x6206,0x61E6,0x61E6,
  0x61E6,0x59E6,0x5185,0x4144,0x4144,0x4144,0x4144,0x4144,0x4144,0x4145,0x4144,0x4145,0x4145,0x4145,0x4145,0x4145,
  0x4144,0x4124,0x4124,0x3925,0x30E4,0x30E4,0x28C4,0x28C4,0x28C4,0x28C4,0x28C4,0x28E4,0x28E4,0x28C4,0x28C4,0x28C4,
  0x30E4,0x28E4,0x28E4,0x3105,0x5228,0x5249,0x3988,0x1909,0x21CE,0x2230,0x194D,0x196D,0x112D,0x190C,0x110B,0x192B,
  0x10EB,0x10AA,0x088A,0x088A,0x192D,0x196D,0x196D,0x196D,0x10EB,0x108B,0x108A,0x10AA,0x10AA,0x088A,0x088A,0x086A,
  0x3107,0x3128,0x3968,0x28E7,0x3127,0x2907,0x28E7,0x20A5,0x20C6,0x20C6,0x20C5,0x1883,0x1883,0x20C4,0x0841,0x1082,
  0x0841,0x0000,0x0000,0x0000,0x0841,0x0000,0x1062,0x1883,0x18A4,0x3968,0x41A9,0x3148,0x20C5,0x20E5,0x0000,0x0021,
  0x0000,0x0020,0x0061,0x0861,0x0862,0x0861,0x0861,0x0861,0x0861,0x0881,0x0882,0x0882,0x0882,0x0882,0x0082,0x0882,
  0x08A2,0x0882,0x0881,0x0882,0x0082,0x0082,0x0882,0x0882,0x0882,0x0882,0x0882,0x0881,0x0881,0x0881,0x0881,0x0882,
  0x0041,0x1908,0x10C7,0x0865,0x10C8,0x0884,0x0842,0x10A2,0x0020,0x0000,0x0821,0x0000,0x3147,0x20A5,0x3148,0x41AA,
  0x41CA,0x3148,0x1864,0x18A3,0x0000,0x18A2,0x51C6,0x3923,0x28E3,0x3964,0x6226,0x6A26,0x6A46,0x7226,0x61E5,0x61E5,
  0x61C5,0x59C5,0x61C5,0x59C5,0x51C5,0x51A5,0x4985,0x4985,0x4965,0x4144,0x4164,0x4144,0x4124,0x4144,0x4124,0x4145,
  0x4144,0x4144,0x4145,0x4124,0x4145,0x4145,0x3925,0x3925,0x3904,0x3904,0x3904,0x28E4,0x28A4,0x28A4,0x28A4,0x28C4,
  0x28C4,0x28C4,0x28C4,0x2905,0x39C8,0x31C7,0x28E4,0x28C5,0x1885,0x1887,0x192A,0x21CF,0x196D,0x112C,0x088A,0x10CB,
  0x192D,0x110C,0x110C,0x0889,0x0889,0x088A,0x08AA,0x08AA,0x110C,0x194D,0x192C,0x192C,0x192C,0x112C,0x112C,0x190C,
  0x2907,0x3968,0x3127,0x28E7,0x28E7,0x2907,0x2907,0x20A6,0x20C6,0x20C6,0x1884,0x28E5,0x20A3,0x28E5,0x1062,0x0020,
  0x1062,0x20C3,0x18A2,0x3124,0x18A3,0x0000,0x1062,0x20C5,0x0863,0x20A6,0x20C6,0x1885,0x1063,0x3147,0x0000,0x0021,
  0x0000,0x0000,0x3124,0x6227,0x6207,0x5A06,0x5A06,0x6227,0x6206,0x6226,0x6206,0x6207,0x5A06,0x59E6,0x59E6,0x5A06,
  0x6227,0x6226,0x6227,0x5A07,0x6207,0x6227,0x6227,0x6227,0x6206,0x6206,0x6206,0x6206,0x6226,0x6226,0x6A47,0x6226,
  0x49C6,0x0865,0x10E8,0x10A6,0x0865,0x49C5,0x6226,0x3944,0x0000,0x0000,0x0821,0x0000,0x3968,0x0842,0x20A5,0x28E7,
  0x28E6,0x1083,0x28E6,0x1083,0x0000,0x2082,0x7247,0x6A26,0x6A06,0x6A26,0xA3CA,0xAC2A,0xABEA,0xA3C9,0x9B69,0x9348,
  0x8B28,0x8B28,0x9328,0x9328,0x8B28,0x82E7,0x61E6,0x61E5,0x59C5,0x4984,0x5185,0x51A5,0x5185,0x4965,0x4964,0x4124,
  0x4144,0x4124,0x4145,0x4124,0x4144,0x4145,0x4145,0x4145,0x4144,0x4144,0x4144,0x4144,0x3925,0x3925,0x30E4,0x3925,
  0x3925,0x3925,0x3925,0x3104,0x2945,0x2966,0x28C4,0x28C4,0x28C4,0x28C4,0x20A4,0x1885,0x10C7,0x21EF,0x2231,0x196E,
  0x10CB,0x088A,0x110B,0x192C,0x192C,0x10CB,0x110C,0x110C,0x10EB,0x10EB,0x110C,0x08CA,0x08EB,0x10CB,0x110C,0x220F,
  0x3127,0x3968,0x3148,0x3127,0x28E7,0x2907,0x3108,0x28E7,0x28C7,0x20A6,0x20C6,0x1884,0x28E4,0x18A2,0x20A3,0x1883,
  0x0021,0x1061,0x1061,0x1061,0x0821,0x0021,0x0000,0x4189,0x1885,0x1884,0x1884,0x1063,0x20A5,0x2905,0x0000,0x0842,
  0x0000,0x0841,0x20E3,0x20E3,0x28E3,0x28E3,0x28E3,0x28E2,0x28E3,0x28E3,0x28E3,0x28E3,0x28E3,0x28E2,0x28E3,0x28E3,
  0x2903,0x2903,0x2903,0x28E3,0x28E3,0x2903,0x2903,0x28E3,0x28E3,0x28E3,0x28E3,0x3103,0x28E3,0x2903,0x2903,0x2903,
  0x28E3,0x0843,0x2149,0x10E7,0x0842,0x3123,0x2903,0x3124,0x0861,0x0000,0x0021,0x0000,0x20E5,0x20C6,0x1043,0x1884,
  0x1063,0x1043,0x3147,0x0000,0x0001,0x3944,0x6A26,0x6A06,0x6A06,0x6A05,0x6A26,0x9368,0xAC2A,0xAC09,0xABE9,0xABE9,
  0xA3C9,0xABE8,0xA3E8,0xABE9,0xA3E9,0x9348,0x6A25,0x61E5,0x69E6,0x61E6,0x61E6,0x61E6,0x59C5,0x51A5,0x5185,0x4145,
  0x3924,0x4125,0x4165,0x4144,0x4144,0x4144,0x4145,0x4145,0x4144,0x4145,0x4144,0x4144,0x4145,0x4144,0x4145,0x4144,
  0x4145,0x4145,0x4144,0x4145,0x3145,0x39A6,0x3925,0x3904,0x28E4,0x28A4,0x28C4,0x28C4,0x28C4,0x18A5,0x18C7,0x196B,
  0x19AE,0x21EF,0x112D,0x088A,0x0889,0x10CA,0x10EB,0x10EB,0x10EC,0x10EB,0x10CB,0x112C,0x220F,0x21EF,0x192C,0x088A,
  0x3148,0x3969,0x3968,0x3127,0x3127,0x3107,0x3107,0x20A6,0x20C6,0x20C6,0x20A6,0x18A5,0x1883,0x20C4,0x1062,0x1882,
  0x1062,0x0020,0x0000,0x0000,0x0000,0x0821,0x0000,0x0841,0x3988,0x3969,0x2926,0x3968,0x2926,0x0000,0x0001,0x0001,
  0x0000,0x0000,0x0000,0x0000,0x0000,0x0000,0x0000,0x0000,0x0000,0x0000,0x0000,0x0000,0x0000,0x0000,0x0000,0x0000,
  0x0000,0x0000,0x0000,0x0000,0x0000,0x0000,0x0000,0x0000,0x0000,0x0000,0x0000,0x0000,0x0000,0x0000,0x0000,0x0000,
  0x0840,0x0862,0x10C7,0x1907,0x0000,0x0000,0x0000,0x0000,0x0000,0x0000,0x0000,0x0000,0x0000,0x2926,0x3989,0x3107,
  0x4189,0x41C9,0x1062,0x0000,0x0821,0x18A2,0x4144,0x49A4,0x6A06,0x6A26,0x6A06,0x6A26,0x82A6,0xA3C9,0xAC09,0xA3C9,
  0xAC09,0xB409,0xB409,0xAC29,0xAC09,0x9368,0x8B07,0x7246,0x7225,0x7226,0x6A05,0x6205,0x6206,0x59E5,0x51A5,0x5185,
  0x4964,0x4144,0x4144,0x4144,0x4124,0x4124,0x4144,0x4144,0x4145,0x4145,0x4145,0x4145,0x4144,0x4145,0x4145,0x4145,
  0x4145,0x4145,0x4144,0x4145,0x3165,0x3165,0x3925,0x4144,0x4145,0x3925,0x30E4,0x28C4,0x28C4,0x28C5,0x28C4,0x20A4,
  0x20A5,0x10A7,0x21EE,0x2231,0x19CF,0x19CF,0x112C,0x08AA,0x108A,0x10CA,0x10EB,0x10CB,0x10A9,0x08AA,0x108A,0x10CA,
  0x3968,0x3148,0x3948,0x3948,0x2907,0x28E6,0x28E7,0x20C6,0x3128,0x20A6,0x28C6,0x20A6,0x1884,0x0842,0x0862,0x1061,
  0x0000,0x0000,0x0000,0x0000,0x0000,0x0000,0x0841,0x0000,0x0000,0x1062,0x18A4,0x0842,0x0000,0x0021,0x0822,0x0000,
  0x0000,0x0000,0x0000,0x0000,0x0000,0x0000,0x0000,0x0000,0x0000,0x0000,0x0000,0x0000,0x0000,0x0000,0x0000,0x0000,
  0x0000,0x0000,0x0000,0x0000,0x0000,0x0000,0x0000,0x0000,0x0000,0x0000,0x0000,0x0000,0x0000,0x0000,0x0000,0x0000,
  0x0000,0x1061,0x10A6,0x2169,0x0021,0x0000,0x0000,0x0000,0x0000,0x0000,0x0000,0x0821,0x0020,0x0000,0x0841,0x18A3,
  0x1083,0x0000,0x0000,0x0842,0x0000,0x0000,0x0020,0x20E3,0x4965,0x59E6,0x6A26,0x6A05,0x6A06,0x82A7,0x9368,0xA3C9,
  0xAC29,0xB409,0xAC08,0xAC09,0xAC09,0xA3A8,0xA3E9,0xA3E9,0x9368,0x9348,0x8AE7,0x82C7,0x7AC7,0x7266,0x6A26,0x61E5,
  0x59A5,0x51A5,0x51A5,0x4985,0x4985,0x4984,0x4164,0x4144,0x4124,0x4144,0x4144,0x4144,0x4144,0x4145,0x4145,0x4145,
  0x4145,0x4144,0x4144,0x4145,0x4145,0x4145,0x4144,0x4145,0x4145,0x4144,0x4144,0x3945,0x3924,0x30E4,0x28C4,0x28C4,
  0x28C5,0x28C4,0x20A5,0x10A7,0x112A,0x114B,0x220E,0x220F,0x21CE,0x19CE,0x2210,0x116D,0x10EB,0x21AF,0x19AF,0x19AE,
  0x3948,0x3127,0x3968,0x3127,0x3127,0x28E7,0x20A4,0x28E5,0x3108,0x28E7,0x28C7,0x18A5,0x1063,0x0842,0x0000,0x0020,
  0x0000,0x0000,0x0000,0x0000,0x0000,0x0000,0x0000,0x0821,0x0001,0x0000,0x0021,0x0020,0x0021,0x0001,0x0000,0x0000,
  0x0000,0x0000,0x0000,0x0000,0x0000,0x0000,0x0000,0x0000,0x0000,0x0000,0x0000,0x0000,0x0000,0x0000,0x0000,0x0000,
  0x0000,0x0000,0x0000,0x0000,0x0000,0x0000,0x0000,0x0000,0x0000,0x0000,0x0000,0x0000,0x0000,0x0000,0x0000,0x0000,
  0x0000,0x1041,0x1085,0x1928,0x0863,0x0000,0x0000,0x0000,0x0000,0x0000,0x0000,0x0000,0x0000,0x0021,0x0020,0x0020,
  0x0021,0x0020,0x0821,0x0000,0x0000,0x0000,0x0000,0x0820,0x3944,0x4164,0x59C5,0x6A06,0x6A06,0x6A26,0x7A87,0x82C7,
  0x8B08,0x9B68,0xA3A8,0xA3C8,0xAC09,0xA3C9,0xABE9,0xAC09,0xAC09,0xABE9,0xABE8,0xA3C8,0xABE9,0xA3E9,0xA3E9,0xA3E9,
  0x9368,0x8B28,0x7286,0x61E6,0x59A5,0x51A5,0x51A5,0x4985,0x4964,0x4124,0x4144,0x4144,0x4144,0x4144,0x4124,0x4145,
  0x4144,0x4144,0x4124,0x4165,0x4145,0x4145,0x4145,0x4144,0x4145,0x4145,0x4145,0x4145,0x4145,0x4144,0x3924,0x30E4,
  0x28C4,0x28C4,0x28C4,0x28C4,0x28C4,0x20C4,0x20A4,0x1086,0x18A7,0x18E9,0x1909,0x190A,0x190A,0x10E9,0x19AD,0x2250,
  0x3128,0x20C5,0x2904,0x3124,0x2904,0x18A5,0x3964,0x2904,0x28E6,0x28E7,0x28E7,0x20C6,0x20A6,0x1884,0x1883,0x1063,
  0x1884,0x1083,0x1082,0x18A3,0x20C3,0x1882,0x1061,0x0841,0x0840,0x1041,0x0841,0x1061,0x0841,0x1061,0x1061,0x1061,
  0x20C2,0x1061,0x18A2,0x20C3,0x20A2,0x20A2,0x20A2,0x20C3,0x20C3,0x20C3,0x28E3,0x28E3,0x20C3,0x28E3,0x28E3,0x28E3,
  0x28E3,0x28C3,0x28C3,0x28C3,0x30E3,0x3103,0x3104,0x3103,0x3103,0x3124,0x3103,0x3103,0x3103,0x20A2,0x18A2,0x18A2,
  0x0841,0x0000,0x0841,0x28C2,0x1881,0x20A2,0x28C3,0x28C3,0x3104,0x3103,0x3103,0x3103,0x3103,0x28E3,0x28E3,0x3103,
  0x3103,0x3103,0x30E3,0x3944,0x4164,0x4984,0x4984,0x51C6,0x59E6,0x6206,0x6A06,0x6A06,0x6A06,0x6A06,0x7226,0x6A26,
  0x7226,0x7246,0x82A7,0x8B07,0x9B68,0x9B68,0xA3C9,0xA3E9,0xABE8,0xABE9,0xABE8,0xABE8,0xAC09,0xAC09,0xAC09,0xABE9,
  0xAC09,0xA3E9,0x9B88,0x9388,0x82C7,0x6A26,0x61C6,0x59A5,0x59C5,0x59A5,0x51A5,0x4985,0x4965,0x4124,0x4164,0x4965,
  0x3944,0x4144,0x4145,0x4125,0x4145,0x4124,0x4145,0x4145,0x4145,0x4145,0x4145,0x4145,0x4145,0x4145,0x4144,0x4124,
  0x3924,0x3904,0x30E4,0x28C4,0x28C4,0x28C4,0x28C4,0x28C4,0x28C4,0x28C5,0x28C4,0x28C4,0x28C4,0x28C5,0x1884,0x18A6,
  0x28C6,0x20A4,0x3144,0x4145,0x3104,0x18A4,0x6A86,0x20C3,0x2904,0x20C5,0x28E7,0x28E7,0x28E7,0x28C6,0x2085,0x1864,
  0x1043,0x1884,0x20C6,0x20A5,0x1884,0x20A3,0x20A3,0x20A2,0x20A3,0x28C3,0x28C3,0x28E3,0x1882,0x30E3,0x3904,0x3904,
  0x3904,0x30E3,0x4125,0x38E4,0x4145,0x3924,0x3924,0x3904,0x3904,0x4145,0x4144,0x4124,0x3904,0x4145,0x4144,0x3904,
  0x4124,0x4965,0x4965,0x4945,0x4144,0x4124,0x4144,0x4124,0x5185,0x5185,0x5185,0x59A5,0x59A6,0x51C6,0x4965,0x4144,
  0x4165,0x28C2,0x1882,0x1861,0x20A1,0x28A2,0x5185,0x5185,0x61E6,0x61E6,0x61E6,0x59C5,0x61E5,0x6A06,0x69E5,0x6A06,
  0x69E5,0x69E5,0x69E5,0x6205,0x69E5,0x61E5,0x6205,0x6A46,0x6A06,0x6A06,0x6A06,0x6A06,0x6A06,0x6A06,0x7AA7,0x6A26,
  0x6A06,0x6A26,0x7A87,0x7A67,0x7246,0x7A87,0x7AA7,0x8B07,0x9B48,0x9B88,0xA3C8,0xAC09,0xAC09,0xABE9,0xAC09,0xAC09,
  0xAC09,0xAC09,0xABE9,0xAC09,0xA3E9,0x9368,0x8B28,0x82E7,0x82C7,0x82C7,0x6A06,0x59C6,0x51C5,0x4985,0x4965,0x4164,
  0x4124,0x4125,0x4125,0x4125,0x4124,0x4965,0x4144,0x4145,0x4145,0x4145,0x4145,0x4145,0x4145,0x4145,0x4144,0x4145,
  0x4144,0x4144,0x4124,0x3925,0x3104,0x30E4,0x28E4,0x28C4,0x28C4,0x28C4,0x28C4,0x28C4,0x28C4,0x28C4,0x28C4,0x28E5,
  0x28E7,0x1884,0x3144,0x3103,0x49A5,0x1062,0x7AC6,0x1061,0x4184,0x1883,0x20C6,0x2906,0x3108,0x3107,0x20A6,0x20A5,
  0x20A5,0x20A5,0x1864,0x20A5,0x20A5,0x20A4,0x1883,0x20A2,0x20C3,0x30E3,0x3104,0x28C3,0x20A2,0x28A3,0x28E3,0x3104,
  0x3904,0x3924,0x3924,0x3924,0x4145,0x3924,0x3924,0x4124,0x4125,0x4104,0x3904,0x3923,0x4124,0x3904,0x4124,0x4145,
  0x3924,0x3904,0x4144,0x4144,0x4965,0x4965,0x4145,0x4144,0x3924,0x4144,0x4965,0x59C5,0x61E6,0x61E6,0x59C6,0x59C6,
  0x59C5,0x59E6,0x59C6,0x59C5,0x5185,0x59C6,0x59E6,0x61E6,0x59A5,0x6A06,0x61E6,0x61C5,0x61E6,0x69E5,0x69E6,0x6A05,
  0x61E5,0x69E5,0x69E5,0x6A05,0x69E5,0x69E5,0x6A06,0x69E5,0x6A05,0x6A06,0x6A06,0x6A06,0x6A06,0x6A06,0x69E5,0x69E5,
  0x6A06,0x6A05,0x61E5,0x69E5,0x6A06,0x6A05,0x6A05,0x7266,0x9348,0x9328,0x9328,0x9347,0x9B88,0x9B88,0xABE8,0xAC09,
  0xAC09,0xAC09,0xAC09,0xAC09,0xAC09,0xABE9,0xAC09,0xAC09,0xABE9,0xA3A9,0x82C7,0x7AC7,0x7246,0x61E5,0x61E5,0x51A5,
  0x5185,0x4965,0x4965,0x4144,0x4144,0x4144,0x4144,0x4144,0x4144,0x4144,0x4144,0x4145,0x4145,0x4145,0x4144,0x4144,
  0x4145,0x4145,0x4145,0x4145,0x4145,0x4145,0x4145,0x4145,0x4145,0x4145,0x4145,0x4145,0x4125,0x3904,0x3104,0x28C4,
  0x20C5,0x28E5,0x3964,0x28E2,0x5A06,0x1862,0x72A7,0x2902,0x20C2,0x28E4,0x2904,0x3965,0x20C6,0x20A6,0x28C6,0x28E7,
  0x3107,0x20A5,0x20C5,0x20A5,0x1864,0x20A6,0x20A5,0x1063,0x28E3,0x28C3,0x30E3,0x28C3,0x20A2,0x28E3,0x20C3,0x28E3,
  0x30E4,0x30E4,0x30E4,0x30E4,0x30C3,0x3904,0x4145,0x4104,0x4124,0x4104,0x3904,0x3904,0x3904,0x3924,0x4145,0x3904,
  0x3904,0x3904,0x4145,0x4144,0x4985,0x4144,0x4985,0x4965,0x4124,0x4965,0x51A5,0x5185,0x59C5,0x59A5,0x59C6,0x59C5,
  0x5165,0x59C5,0x61E6,0x61E6,0x61E6,0x61E5,0x61E5,0x61C6,0x59C5,0x59A5,0x59C5,0x61C5,0x61E5,0x69E5,0x69E6,0x69E6,
  0x69E5,0x61C5,0x61C5,0x69E5,0x61E5,0x6A05,0x6A06,0x6A06,0x6A06,0x69E5,0x6A05,0x6205,0x6A06,0x6A05,0x6A06,0x6A06,
  0x69E5,0x61E5,0x6A06,0x6A06,0x6A05,0x69E5,0x6A06,0x61E5,0x7226,0x7246,0x7246,0x82A7,0x7A86,0x8AE8,0x9328,0xA3C9,
  0xABE8,0xAC09,0xABE9,0xABE9,0xABE9,0xABE9,0xAC09,0xAC09,0xAC09,0xA3E8,0xA3C8,0xA3C8,0xA3C9,0x9B89,0x9369,0x7AC7,
  0x7AC7,0x7266,0x61E5,0x59C5,0x5185,0x5185,0x4985,0x4965,0x4144,0x4124,0x4124,0x4125,0x4125,0x4125,0x4144,0x4144,
  0x4144,0x4145,0x4145,0x4145,0x4145,0x4145,0x4145,0x4145,0x4145,0x4145,0x4145,0x4145,0x4145,0x4144,0x4145,0x3925,
  0x18A2,0x0821,0x49A4,0x28C2,0x5205,0x20A1,0x51E5,0x20E2,0x28E2,0x28C2,0x49C5,0x20C5,0x28E6,0x28C6,0x28E7,0x20C6,
  0x28C6,0x20C6,0x20A6,0x20C6,0x1884,0x20C5,0x28C6,0x20A6,0x1884,0x20A2,0x30E3,0x30E4,0x20A2,0x28E4,0x28C3,0x20A3,
  0x28C3,0x20A3,0x28C3,0x28C3,0x3104,0x3104,0x3904,0x30C3,0x4124,0x3904,0x4124,0x38E4,0x3104,0x38E4,0x3904,0x3924,
  0x4165,0x3924,0x3924,0x4144,0x4145,0x4124,0x3904,0x3903,0x4144,0x4965,0x5185,0x4945,0x4144,0x5185,0x51A5,0x59C5,
  0x59C5,0x59C5,0x59C5,0x59C6,0x5185,0x61E5,0x6A26,0x61E5,0x6A26,0x69E6,0x61E6,0x6A06,0x61E5,0x61A5,0x6A06,0x61C5,
  0x69E5,0x69E5,0x6A05,0x61E5,0x7247,0x61E5,0x6A05,0x6A06,0x61E5,0x7266,0x6A05,0x7266,0x6A05,0x6A46,0x6A05,0x6A06,
  0x6A26,0x7246,0x6A06,0x69E5,0x69E5,0x7267,0x69E5,0x6A06,0x6A06,0x6A06,0x6A06,0x6A06,0x6A06,0x69E5,0x69E5,0x82A7,
  0x9B88,0xAC09,0xABE9,0xABE9,0xAC09,0xAC09,0xAC09,0xA409,0xAC09,0xABE9,0xABE9,0xABE9,0xAC09,0xABE9,0xAC09,0xA3E9,
  0xA3E9,0x9B89,0x8B28,0x8B28,0x7AA7,0x6226,0x5184,0x51A5,0x4964,0x4985,0x4964,0x4144,0x4145,0x4125,0x4145,0x3924,
  0x4985,0x4124,0x4145,0x4145,0x4144,0x4144,0x4145,0x4145,0x4145,0x4144,0x4144,0x4145,0x4145,0x4144,0x4145,0x4145,
  0x3143,0x0000,0x51E4,0x1040,0x6245,0x28E2,0x28E2,0x1081,0x3123,0x51E6,0x28E4,0x3946,0x1883,0x2903,0x20C5,0x28E6,
  0x28E7,0x28E6,0x20C6,0x20A5,0x1884,0x1885,0x28C6,0x28C6,0x1884,0x1063,0x1062,0x28C3,0x3104,0x30E3,0x30E3,0x20C2,
  0x28C3,0x28C3,0x28C3,0x28E3,0x30E3,0x3104,0x30E3,0x30E4,0x3904,0x30E3,0x4165,0x4125,0x3904,0x3904,0x38E4,0x4125,
  0x4125,0x4124,0x3924,0x4144,0x4985,0x4965,0x3924,0x4965,0x4124,0x4124,0x4965,0x4144,0x4965,0x4124,0x4164,0x51C6,
  0x51A5,0x51A5,0x59C5,0x59E6,0x51A5,0x59E6,0x61E5,0x6A06,0x6205,0x6A06,0x61C6,0x59A5,0x61E5,0x59C5,0x61C5,0x61C5,
  0x61C5,0x61C5,0x6A26,0x69E5,0x69E5,0x69E5,0x69E5,0x6A05,0x61E5,0x49A3,0x6A25,0x51E5,0x6A26,0x5A25,0x6A06,0x6A06,
  0x61E5,0x61E5,0x6A06,0x6A26,0x6A26,0x69E5,0x6A06,0x6A06,0x6A06,0x6A06,0x6A06,0x6A06,0x69E5,0x6A06,0x6A06,0x6A25,
  0x8B08,0x9327,0xA3C9,0xABE9,0xAC09,0xAC09,0xABE9,0xAC09,0xAC09,0xAC09,0xAC09,0xAC09,0xAC09,0xAC09,0xAC09,0xAC09,
  0xAC09,0xA3E8,0xA3E8,0xA3E9,0x9B88,0x8B28,0x82C7,0x7266,0x6205,0x59C5,0x59C5,0x5184,0x5185,0x4164,0x4164,0x4144,
  0x4144,0x4144,0x4144,0x4985,0x4124,0x4125,0x4144,0x4144,0x4144,0x4145,0x4144,0x4144,0x4145,0x4145,0x4145,0x4145,
  0x4163,0x0020,0x5A05,0x1881,0x6A45,0x4183,0x1060,0x1081,0x3123,0x49C5,0x28E3,0x3943,0x41A4,0x1882,0x20C5,0x28E6,
  0x20A6,0x28C6,0x28E6,0x28C6,0x28C6,0x20A5,0x1864,0x1885,0x20A5,0x1885,0x20C6,0x20A5,0x1883,0x28C3,0x28C3,0x28A3,
  0x28A2,0x3104,0x28C3,0x28E3,0x30E3,0x30E3,0x3104,0x3904,0x3104,0x3904,0x3104,0x3104,0x3925,0x30E4,0x3924,0x3925,
  0x4125,0x4124,0x4124,0x4124,0x4124,0x4124,0x3904,0x4104,0x4144,0x4144,0x4144,0x4144,0x4985,0x4144,0x4985,0x4965,
  0x4144,0x4144,0x4144,0x4985,0x4945,0x59C5,0x51C5,0x59E5,0x59E6,0x61E6,0x61E6,0x59A5,0x59A5,0x59C5,0x61E5,0x61C5,
  0x61E6,0x61E6,0x69E5,0x5985,0x69E5,0x61E5,0x6A25,0x61E5,0x6225,0x49A3,0x6225,0x3963,0x6246,0x3923,0x6A05,0x6A05,
  0x6A06,0x6A06,0x61C5,0x6A06,0x6A06,0x6A05,0x6A05,0x6A05,0x7267,0x6A06,0x6A06,0x6A06,0x7226,0x7226,0x6A06,0x6A06,
  0x6A06,0x82C7,0x8AE7,0x9347,0x9B88,0xA3E9,0xA3A8,0x8B27,0xAC09,0xAC09,0xAC09,0xAC09,0xAC09,0xAC09,0xAC09,0xAC09,
  0xAC09,0xAC08,0xAC09,0xAC09,0xAC09,0xA3C8,0xA3A8,0xA3C9,0x9BC9,0x9369,0x8B28,0x82E7,0x6205,0x59E5,0x59C5,0x59C5,
  0x59C5,0x51A5,0x4144,0x4144,0x3905,0x38A7,0x38C6,0x4145,0x4145,0x4144,0x3905,0x38A6,0x38A5,0x4124,0x4145,0x4145,
  0x28E2,0x18A2,0x3102,0x3943,0x4184,0x3943,0x1041,0x41A5,0x49A4,0x18A1,0x4184,0x49A4,0x3102,0x2902,0x20A3,0x20C5,
  0x20C5,0x28E7,0x28E7,0x2907,0x2907,0x28E7,0x20C6,0x1885,0x1864,0x18A5,0x20C6,0x20A6,0x20C6,0x1884,0x1862,0x28A3,
  0x28E3,0x2082,0x20C2,0x28E3,0x28E3,0x3104,0x30E4,0x30E4,0x3104,0x30E3,0x3924,0x3924,0x3924,0x3924,0x3924,0x3924,
  0x3904,0x3904,0x3904,0x4104,0x4124,0x3903,0x3924,0x3904,0x4124,0x3904,0x4124,0x4144,0x4124,0x4165,0x4144,0x4144,
  0x51C6,0x4985,0x4965,0x4965,0x5186,0x4144,0x4965,0x51A5,0x51A5,0x59C6,0x51A5,0x59C6,0x59C5,0x6A06,0x59C5,0x61E6,
  0x61E6,0x59A5,0x6A06,0x6A06,0x7266,0x6A25,0x59E5,0x6225,0x51A4,0x5A25,0x3102,0x49E5,0x3943,0x5A05,0x6A45,0x6A06,
  0x6A05,0x61E6,0x61C5,0x6A06,0x61E5,0x69E5,0x7A87,0x6A05,0x6A05,0x6A06,0x6A06,0x6A06,0x69E5,0x6A06,0x6A06,0x6A06,
  0x6A05,0x82C7,0x82C7,0x8B08,0x8B07,0x8B07,0x9368,0xAC09,0xA3A8,0xABE9,0xABE9,0xAC09,0xAC09,0xAC09,0xAC09,0xAC09,
  0xAC09,0xAC09,0xAC09,0xAC09,0xAC09,0xAC09,0xABE9,0xABE9,0xAC09,0xAC09,0x9347,0xA3C8,0x9BA8,0x9348,0x9369,0x8B08,
  0x7267,0x6A06,0x51C5,0x4146,0x488B,0x9174,0x8152,0x3867,0x4145,0x38C5,0x588D,0x8954,0x8112,0x3867,0x4144,0x4145,
  0x1040,0x3122,0x1040,0x5A26,0x3943,0x3903,0x18A2,0x6A46,0x20A1,0x1881,0x1061,0x28C2,0x3943,0x28E3,0x20C5,0x28E6,
  0x28E6,0x28C6,0x2907,0x2905,0x28E6,0x18A4,0x20E6,0x20A4,0x20C6,0x20C6,0x20A5,0x1884,0x28C6,0x20A6,0x20A5,0x18A4,
  0x1862,0x28C3,0x3904,0x28E3,0x28C3,0x3104,0x28E3,0x30E3,0x30C3,0x30E4,0x3904,0x3924,0x3104,0x3924,0x3924,0x3924,
  0x38E4,0x3904,0x3904,0x4104,0x4124,0x4124,0x4124,0x3903,0x4124,0x4124,0x4144,0x3904,0x4144,0x4144,0x4164,0x4165,
  0x4124,0x4965,0x4985,0x4985,0x4985,0x4944,0x4965,0x4965,0x51A5,0x51A5,0x4964,0x4944,0x5185,0x59C5,0x59A5,0x61E5,
  0x6A06,0x61E6,0x6206,0x51A5,0x6205,0x6205,0x6205,0x51A3,0x4163,0x3123,0x20C2,0x3123,0x3102,0x4184,0x59C5,0x6A05,
  0x6A06,0x61E5,0x61E5,0x61E6,0x61E5,0x6A05,0x6A06,0x6A06,0x6A06,0x6A06,0x6A06,0x6A06,0x6A06,0x69E5,0x7A66,0x6A05,
  0x6A06,0x69E5,0x69E5,0x6A05,0x6A06,0x6A26,0x9369,0x8B27,0x8B27,0x9B87,0xA3E8,0xABE9,0xABE9,0x9B88,0xA3E9,0xAC09,
  0xAC09,0xAC09,0xAC09,0xAC09,0xAC09,0xAC09,0xAC09,0xAC09,0xAC09,0xABE9,0xABE9,0xABE8,0xAC08,0xA3E9,0xA3A9,0xA3C9,
  0xA3C9,0x9B88,0x936A,0x4069,0x9976,0x486B,0x8113,0x68AF,0x3906,0x506C,0x9955,0x402B,0x8933,0x58AE,0x4945,0x4964,
  0x1881,0x3102,0x1061,0x41A4,0x28E2,0x2903,0x3943,0x51C4,0x0000,0x28E2,0x20A2,0x3943,0x18A2,0x28E3,0x3104,0x3147,
  0x28E7,0x18A4,0x1083,0x41A5,0x20C3,0x20E3,0x20C4,0x41A5,0x2904,0x20C5,0x20A6,0x20A6,0x18A5,0x20A6,0x20A6,0x1884,
  0x1885,0x18A5,0x1883,0x30E4,0x3904,0x3104,0x3103,0x3104,0x28C3,0x30C3,0x3104,0x3924,0x3924,0x3924,0x3924,0x3904,
  0x3904,0x3904,0x3904,0x3924,0x3924,0x3904,0x4124,0x4104,0x3904,0x4104,0x4104,0x3924,0x3944,0x3924,0x3924,0x4145,
  0x4965,0x4985,0x4985,0x4144,0x4164,0x51A5,0x4144,0x4145,0x4984,0x4964,0x5185,0x59E6,0x61E6,0x5185,0x4964,0x59C6,
  0x61E6,0x51A5,0x4985,0x6A47,0x49A5,0x4985,0x59E5,0x41A4,0x3102,0x20C2,0x20C2,0x20C2,0x20C2,0x20E2,0x51A5,0x6206,
  0x59A4,0x6206,0x59C5,0x6A06,0x61E5,0x6A06,0x59C5,0x6A06,0x6A06,0x6A06,0x6A05,0x6A05,0x6A06,0x6A05,0x7226,0x6A06,
  0x6A06,0x6A06,0x6A06,0x6A06,0x6A06,0x6A06,0x6A05,0x7AA7,0x8AE7,0x82C7,0x8B07,0x9347,0x9BA8,0xABE9,0xAC09,0xAC09,
  0xAC09,0xAC09,0xAC09,0xAC09,0xAC09,0xAC09,0xAC09,0xAC09,0xAC09,0xAC09,0xAC08,0xAC09,0xAC09,0xA3E8,0x9BCA,0x82E8,
  0xA3EA,0x8309,0x6A0A,0xA197,0x486C,0x9BAD,0x58ED,0x68EF,0x5188,0x9975,0x382A,0x48CA,0xA9B6,0x508D,0x6A08,0x6A26,
  0x18A1,0x1881,0x20C2,0x1881,0x3103,0x2923,0x5A05,0x1060,0x2903,0x18A1,0x28C2,0x18A1,0x3143,0x41A5,0x18A4,0x1884,
  0x1084,0x2905,0x18A2,0x20E3,0x3943,0x28E2,0x1882,0x3984,0x49E5,0x20C4,0x20C5,0x20A5,0x20C6,0x20A5,0x1885,0x20A6,
  0x18A5,0x20C6,0x20A6,0x1884,0x2083,0x30E4,0x3904,0x28E3,0x28C3,0x28C3,0x28C3,0x30E4,0x3104,0x30E3,0x3904,0x38E4,
  0x3904,0x38E4,0x3904,0x3924,0x3924,0x38E3,0x3904,0x4104,0x3904,0x4124,0x4124,0x3925,0x3924,0x3904,0x3904,0x38E3,
  0x3904,0x4165,0x4144,0x4144,0x4124,0x4144,0x4144,0x4164,0x4965,0x4124,0x4985,0x4164,0x4965,0x4985,0x4964,0x4984,
  0x5185,0x1861,0x1041,0x20C3,0x3104,0x4144,0x61E6,0x28E3,0x20C2,0x20C2,0x0020,0x0840,0x1882,0x3103,0x5184,0x6A26,
  0x61E5,0x59C5,0x6205,0x61E5,0x61E6,0x6A06,0x61E6,0x61E5,0x6206,0x61E5,0x7226,0x69E5,0x6A06,0x61E5,0x6A06,0x6A06,
  0x6A06,0x6A06,0x6A06,0x6A06,0x6A06,0x69E5,0x7246,0x6A05,0x6A05,0x6A05,0x7225,0x8AE7,0x9347,0xA3C8,0xAC09,0xA3E8,
  0xAC08,0xAC09,0xAC09,0xAC09,0xAC08,0xAC09,0x9B88,0xAC09,0xAC09,0xAC09,0xAC09,0xAC09,0xAC08,0xAC09,0x5929,0x7931,
  0x2886,0x8973,0x602F,0xB1B8,0x61C9,0x82E9,0x7911,0x486B,0x61E9,0x9154,0x8933,0x8933,0xA9D7,0x40E8,0x9328,0x8308,
  0x18A1,0x20A2,0x20C2,0x1041,0x20C2,0x20E3,0x3123,0x0841,0x3123,0x3102,0x6225,0x49C5,0x18A1,0x0000,0x0861,0x0842,
  0x0000,0x3985,0x20A2,0x20A2,0x6A66,0x2903,0x3122,0x3123,0x51E5,0x1063,0x49C5,0x20A5,0x28C7,0x28E7,0x1884,0x1884,
  0x20A5,0x20C6,0x20C7,0x20C7,0x20C6,0x1863,0x20A3,0x30E4,0x30E4,0x30E4,0x28E3,0x3925,0x28E3,0x30E3,0x28C3,0x30E3,
  0x3103,0x38E4,0x3904,0x3924,0x3924,0x3904,0x3904,0x3904,0x4165,0x3924,0x3904,0x3925,0x3924,0x3925,0x30E3,0x4145,
  0x3904,0x3924,0x4144,0x4165,0x4124,0x4165,0x3944,0x3924,0x4165,0x3904,0x6206,0x6247,0x3924,0x4965,0x4985,0x4165,
  0x4164,0x4144,0x3944,0x3924,0x4964,0x59E6,0x59C6,0x3944,0x20A2,0x18A2,0x1061,0x1881,0x28E3,0x4964,0x61E5,0x61E5,
  0x61C5,0x59E5,0x61E5,0x6A06,0x6205,0x61E6,0x61E5,0x61E5,0x59C5,0x61C5,0x7266,0x61E5,0x6A06,0x61E5,0x61E5,0x6A06,
  0x6A06,0x6A06,0x6A06,0x6A06,0x6A06,0x69E5,0x7226,0x6A05,0x6A26,0x7246,0x9329,0x7266,0x7AA6,0x8B07,0xA3C9,0x9BA8,
  0xA3E9,0xAC09,0xA3E9,0xAC09,0xAC09,0xAC09,0xAC09,0xAC09,0xAC09,0xAC09,0xAC09,0xAC09,0xAC08,0xAC09,0x48C9,0x9175,
  0x70F0,0x8914,0x8913,0x68F0,0x936B,0x40C8,0xA196,0x5169,0xB42C,0x590A,0x584F,0xB9F9,0x586C,0x9389,0xA3E9,0xA3C9,
  0x1061,0x1061,0x20C2,0x0840,0x0841,0x0020,0x0020,0x18A1,0x3123,0x3943,0x1881,0x1061,0x18C2,0x3944,0x1082,0x1083,
  0x0000,0x20A2,0x20C2,0x1061,0x5A06,0x0861,0x4164,0x28C2,0x49A5,0x28E3,0x49C5,0x20C5,0x20C6,0x2908,0x28C7,0x20C7,
  0x1885,0x1885,0x2085,0x20C6,0x20A6,0x1885,0x18A5,0x1863,0x2082,0x28A3,0x2082,0x28A3,0x28C3,0x28C3,0x3104,0x28E3,
  0x30C3,0x3904,0x30E3,0x30C3,0x3924,0x3904,0x30E3,0x30E3,0x3904,0x38E3,0x3924,0x3904,0x3904,0x3924,0x3924,0x3924,
  0x3904,0x3924,0x3904,0x4145,0x3924,0x3904,0x3904,0x3103,0x1861,0x20A2,0x3103,0x20A2,0x30E3,0x4965,0x4965,0x4144,
  0x4144,0x4144,0x4144,0x4164,0x4965,0x4965,0x4144,0x4124,0x4985,0x3943,0x4144,0x59C6,0x51A5,0x51A5,0x51A5,0x61E5,
  0x61E5,0x59E6,0x61C5,0x61C5,0x61E6,0x6205,0x61E6,0x61C5,0x6206,0x6205,0x61E5,0x6A06,0x6A06,0x6A06,0x6A06,0x6A26,
  0x6A06,0x6A06,0x6A06,0x6A05,0x6A05,0x69E5,0x7226,0x69E5,0x6A26,0x6A05,0x6205,0x69E5,0x61E5,0x6A26,0x7246,0x9348,
  0xA3C9,0xA3E9,0xA3C8,0xAC09,0xABE9,0xAC08,0xAC09,0xAC09,0xAC09,0xAC09,0xAC09,0xAC09,0xAC08,0xAC0A,0x5109,0xB1F8,
  0x9976,0x3889,0x68D0,0x68AF,0x5148,0x8112,0x586E,0x5109,0x7A8A,0x82EB,0x80F2,0x78F2,0x59C8,0xAC09,0xAC09,0xAC09,
  0x18A2,0x28E3,0x18A2,0x0840,0x0840,0x1082,0x0841,0x20A2,0x18A1,0x20E3,0x3123,0x3985,0x20E3,0x1061,0x1882,0x41A5,
  0x1061,0x20A2,0x1041,0x1061,0x49A5,0x0020,0x4184,0x28E2,0x41A5,0x6A87,0x1061,0x41A5,0x20C6,0x28E7,0x20E6,0x28E7,
  0x28E7,0x20C6,0x20A6,0x20A6,0x20C6,0x20A6,0x20A5,0x20A5,0x18A5,0x1042,0x2083,0x1861,0x2082,0x20C3,0x28C3,0x28C3,
  0x30E3,0x28E3,0x3904,0x3103,0x3904,0x30C3,0x3104,0x3904,0x3904,0x3904,0x4104,0x3904,0x3904,0x3924,0x3925,0x3904,
  0x3904,0x3904,0x4124,0x3924,0x3924,0x4125,0x28A2,0x20A2,0x3904,0x3904,0x3904,0x4124,0x3904,0x3904,0x4165,0x4124,
  0x4144,0x4124,0x3924,0x4144,0x4144,0x4965,0x4985,0x4965,0x4985,0x4165,0x4964,0x51A5,0x4965,0x4985,0x4964,0x59E6,
  0x51A5,0x51A5,0x59C5,0x59C6,0x59C5,0x59E6,0x59C5,0x61E6,0x59E5,0x6A06,0x61E5,0x6A06,0x61C5,0x59C5,0x61E5,0x6A06,
  0x6A06,0x6A06,0x69E5,0x6A05,0x6A06,0x6A06,0x6A06,0x6A06,0x6A05,0x6A05,0x6A05,0x6A06,0x6A06,0x6A06,0x6A05,0x7246,
  0x7A86,0x9327,0x9BA8,0x9B88,0x9B88,0xA3E8,0xAC09,0xAC09,0xAC09,0xAC09,0xAC09,0xAC09,0xAC09,0xAC09,0x5109,0x9976,
  0x408A,0x9BAB,0x48E8,0x9135,0x9154,0x606F,0x4108,0x8173,0x384B,0x68EF,0x8974,0x4947,0xAC0A,0xAC09,0xAC09,0xAC09,
  0x0000,0x0820,0x1081,0x1081,0x2923,0x0841,0x1061,0x20C2,0x18A2,0x1861,0x1081,0x1881,0x1061,0x0000,0x0821,0x1041,
  0x49C5,0x0820,0x1082,0x0000,0x20C3,0x1061,0x3123,0x4964,0x4164,0x3923,0x3123,0x20E4,0x20C6,0x20C6,0x20A5,0x18A5,
  0x20A6,0x28E7,0x28E7,0x20A6,0x20A6,0x1885,0x20A6,0x20A6,0x20C6,0x1885,0x1885,0x1063,0x1042,0x1041,0x20A2,0x28A3,
  0x28A3,0x28A2,0x28A3,0x3104,0x30E3,0x30E3,0x30E3,0x30E3,0x3904,0x30E3,0x3904,0x30E3,0x3925,0x3904,0x3924,0x3924,
  0x3904,0x3903,0x4124,0x3924,0x3924,0x30E3,0x20C2,0x3904,0x3924,0x28E3,0x1882,0x3964,0x4145,0x3924,0x3924,0x4124,
  0x4144,0x4124,0x4144,0x3924,0x4144,0x3924,0x4124,0x3924,0x4144,0x4985,0x4165,0x4964,0x4965,0x4144,0x49A5,0x4985,
  0x4164,0x5185,0x4985,0x51A5,0x5185,0x5185,0x61E6,0x59C6,0x59A5,0x6206,0x61E5,0x61E5,0x59C6,0x6A06,0x61E6,0x59C5,
  0x6A05,0x59A5,0x61E6,0x6A06,0x6A06,0x6A06,0x6A06,0x6A06,0x69E5,0x7267,0x7267,0x61E5,0x6A06,0x6A06,0x6A06,0x6A25,
  0x82A7,0x82C7,0x8B28,0x9B68,0x9BC8,0xA3C8,0xAC09,0xAC09,0xAC09,0xAC09,0xAC09,0xAC09,0xAC08,0xABE8,0x8B29,0x59A9,
  0x8B29,0xABE9,0x9B89,0x61C8,0x61E9,0x7288,0xAC2B,0x6A29,0x61E9,0x4089,0x4927,0xA3EA,0xABE8,0xAC09,0xAC09,0xAC09,
  0x0000,0x0000,0x0840,0x20C2,0x18A2,0x0000,0x0000,0x1061,0x18A1,0x1081,0x28E3,0x2903,0x20E2,0x0000,0x0021,0x1083,
  0x1081,0x3984,0x0861,0x18C2,0x0020,0x0840,0x3923,0x41A4,0x20C2,0x18A2,0x18A2,0x18A2,0x18C4,0x3128,0x28E7,0x28E7,
  0x20E6,0x18C6,0x20E6,0x28E7,0x28C7,0x20C6,0x20A6,0x20A6,0x20A6,0x28C6,0x20C6,0x1885,0x1884,0x1884,0x1062,0x20A2,
  0x20A2,0x28C3,0x3904,0x20A2,0x30E4,0x30E4,0x30E4,0x30E3,0x3904,0x30E3,0x3904,0x4104,0x30E3,0x4145,0x3924,0x4124,
  0x4124,0x4124,0x4124,0x4124,0x3904,0x28E3,0x3904,0x3904,0x3904,0x3904,0x3924,0x3904,0x3924,0x3904,0x3904,0x4124,
  0x3924,0x3904,0x4144,0x3944,0x3924,0x4165,0x3103,0x3924,0x3103,0x4185,0x4144,0x4124,0x4144,0x4144,0x4124,0x4144,
  0x4144,0x4965,0x4965,0x59C5,0x4985,0x5185,0x4964,0x51A5,0x59A6,0x59C6,0x51A5,0x61C6,0x51A5,0x61E6,0x61E6,0x6A06,
  0x59C5,0x6A06,0x61E5,0x61E5,0x6A06,0x6A06,0x6A06,0x6A06,0x69E6,0x61E5,0x6A05,0x6A06,0x6A06,0x6A06,0x6A06,0x6A06,
  0x61E5,0x69E5,0x6A06,0x6A26,0x82A7,0x9368,0x9348,0x9BA8,0xA3E8,0xA3A8,0xAC09,0xA3E8,0xAC09,0xAC09,0xAC09,0xAC09,
  0xAC09,0xABE9,0xABE9,0xAC09,0xB429,0xB44A,0xB42A,0xB42A,0xB44A,0xB46B,0xB46B,0xB46A,0xB44A,0xAC09,0xAC29,0xAC29,
};
